"name","state","year","sbprim","sbsec","bac08","pbt","admin","txt","hha","hhlearn","intlck1","intlck15","intlck2","mlda21","totpop","avgage","pcinc","income","lim70","totfat","occfat","noccfat","milrur","milurb","vmtrur","vmturb","fueltax","laborfrc2","emp2","unemp2","unemprte","vcrimetot","pcrimetot","vcrimerte","pcrimerte","rurdense","urbdense","fatalities_per_100k","occfat_per_100k","noccfat_per_100k","log_totfat","log_pop","total_vmt","first_year_lim70","rel_year","lead_6_plus","lead_5","lead_4","lead_3","lead_2","lag_0","lag_1","lag_2","lag_3","lag_4","lag_5","lag_6_plus"
"Alabama","AL",1999,0,1,1,0,1,0,0,0,0,0,0,1,4369862,36.4284706115723,23493,104075226,1,1138,1049,89,73589,20657,28799,27366,18,2145000,2043000,102000,4.80000019073486,21421,171398,490.200012207031,3922.30004882812,0.391349256038666,1.32478094100952,26.0420123106862,24.0053347222407,2.03667758844558,7.03702761468628,15.2902419876258,56165,1995,4,0,0,0,0,0,0,0,0,0,1,0,0
"Alabama","AL",2000,1,0,1,0,1,0,0,0,0,0,0,1,4452173,36.3498458862305,24628,109650210,1,996,925,71,73639,20672,28873,27661,18,2154000,2055000,99000,4.59999990463257,21620,180539,486.200012207031,4059.69995117188,0.392088443040848,1.33809018135071,22.3710983378229,20.7763714482793,1.5947268895436,6.9037472575846,15.3089028495624,56534,1995,5,0,0,0,0,0,0,0,0,0,0,1,0
"Alabama","AL",1986,0,0,0,0,0,0,0,0,0,0,0,1,3991562,34.7606735229492,12179,48611751,0,1081,960,121,73337,14642,18554,15449,13,NA,NA,NA,9.82999992370605,22616,151191,558,3730.30004882812,0.252996444702148,1.05511546134949,27.0821297527133,24.0507350255364,3.03139472717698,6.98564181763921,15.199693190955,34003,1995,-9,1,0,0,0,0,0,0,0,0,0,0,0
"Alabama","AL",1987,0,0,0,0,0,0,0,0,0,0,0,1,4015257,34.9556579589844,12819,51473139,0,1111,1020,91,73493,14673,20133,17293,13,NA,NA,NA,7.76999998092651,22833,158918,559.200012207031,3892.19995117188,0.273944467306137,1.17855930328369,27.6694617554991,25.4031062021684,2.26635555333071,7.01301578963963,15.2056119132771,37426,1995,-8,1,0,0,0,0,0,0,0,0,0,0,0
"Alabama","AL",1988,0,0,0,0,0,0,0,0,0,0,0,1,4023848,35.1369552612305,13759,55363180,0,1024,897,127,73574,16844,20937,18747,13,NA,NA,NA,7.21000003814697,23052,165209,558.599975585938,4003.10009765625,0.284570634365082,1.11297786235809,25.4482773703182,22.2920945323978,3.15618283792032,6.93147180559945,15.2077492166884,39684,1995,-7,1,0,0,0,0,0,0,0,0,0,0,0
"Alabama","AL",1992,0,1,0,0,0,0,0,0,0,0,0,1,4137553,35.8326187133789,17525,72797037,0,1031,935,96,72835,19366,22803,22959,18,NA,NA,NA,7.42000007629395,36052,181837,871.700012207031,4396.39990234375,0.313077509403229,1.18553137779236,24.9181098103154,22.5978978396168,2.32021197069862,6.93828448401696,15.2356151082531,45762,1995,-3,0,0,0,1,0,0,0,0,0,0,0,0
"Alabama","AL",1985,0,0,0,0,0,0,0,0,0,0,0,1,3972520,34.6025695800781,11562,45929741,0,882,773,109,73260,14528,17453,17638,13,NA,NA,NA,8.88000011444092,18398,140115,457.5,3484.60009765625,0.238233685493469,1.21406936645508,22.2025313906538,19.4586811394279,2.74385025122592,6.78219205600679,15.1949112119933,35091,1995,-10,1,0,0,0,0,0,0,0,0,0,0,0
"Alabama","AL",1997,0,1,1,0,0,0,0,0,0,0,0,1,4322113,36.5007209777832,21448,93684207,1,1192,1095,97,73231,20127,27047,26411,18,NA,NA,NA,5.07000017166138,24379,186809,564.5,4325.2998046875,0.369338124990463,1.31221747398376,27.579103091474,25.3348304405739,2.24427265090015,7.0833878476253,15.2792549610103,53458,1995,2,0,0,0,0,0,0,0,1,0,0,0,0
"Alabama","AL",1998,0,1,1,0,1,0,0,0,0,0,0,1,4351037,36.2338943481445,22732,100128887,1,1071,986,85,73598,20630,28022,27183,18,2142514,2059312,83202,3.88338184356689,22286,177779,512.099975585938,4085,0.38074404001236,1.31764423847198,24.6148217080204,22.6612644296061,1.95355727841432,6.97634807044775,15.2859247654589,55205,1995,3,0,0,0,0,0,0,0,0,1,0,0,0
"Alabama","AL",2008,1,0,1,0,1,0,0,0,0,0,0,1,4718206,37.5002098083496,33701,159009262,1,969,891,78,75390,21935,28885,30418,18,2184000,2061000,123000,5.59999990463257,21110,190416,452.799987792969,4084.5,0.38314101099968,1.3867335319519,20.5374669948705,18.8842962770172,1.65317071785335,6.87626461189077,15.3669392005655,59303,1995,13,0,0,0,0,0,0,0,0,0,0,0,1
"Alabama","AL",2012,1,0,1,0,1,1,0,1,0,0,0,1,4802045,38.2536125183105,35926,173236230,1,865,779,86,76620,25191,30185,34774,18,2176000,2001000,175000,8,21693,168878,449.899993896484,3502.19995117188,0.393957197666168,1.38041365146637,18.0131589770608,16.2222553099773,1.7909036670835,6.76272950693188,15.3845524268148,64959,1995,17,0,0,0,0,0,0,0,0,0,0,0,1
"Alabama","AL",1984,0,0,0,0,0,0,0,0,0,0,0,0,3951826,34.421630859375,10789,42636213,0,932,820,112,73231,14329,17216,15745,13,NA,NA,NA,11.1700000762939,17204,138487,431.200012207031,3470.89990234375,0.23509170114994,1.09882056713104,23.5840343173004,20.7499014379682,2.83413287933224,6.83733281468559,15.1896883085405,32961,1995,-11,1,0,0,0,0,0,0,0,0,0,0,0
"Alabama","AL",2007,1,0,1,0,1,0,0,0,0,0,0,1,4672840,37.3681602478027,32765,153104016,1,1110,1030,80,75300,22023,29793,31617,18,2183000,2096000,87000,4,20775,184082,448.899993896484,3977.69995117188,0.395657360553741,1.43563544750214,23.7542907525188,22.0422697973823,1.71202095513649,7.01211529430638,15.3572775818497,61410,1995,12,0,0,0,0,0,0,0,0,0,0,0,1
"Alabama","AL",2011,1,0,1,0,1,1,0,1,0,0,0,1,4786486,38.0406799316406,34929,167786623,1,895,807,88,76416,25252,30358,34556,18,2224000,2006000,218000,9.80000019073486,20166,173192,419.799987792969,3605.39990234375,0.397272825241089,1.36844611167908,18.6984773380722,16.8599678344405,1.83850950363168,6.79682371827486,15.3813070884713,64914,1995,16,0,0,0,0,0,0,0,0,0,0,0,1
"Alabama","AL",1996,0,1,1,0,0,0,0,0,0,0,0,1,4291110,36.3851318359375,20537,88949009,1,1146,1054,92,73224,20116,25865,25568,18,NA,NA,NA,5.11999988555908,24159,181803,565.400024414062,4254.7001953125,0.353231191635132,1.2710280418396,26.7063766717702,24.5624092600749,2.14396741169534,7.04403289727469,15.2720559986952,51433,1995,1,0,0,0,0,0,0,1,0,0,0,0,0
"Alabama","AL",1993,0,1,0,0,0,0,0,0,0,0,0,1,4191879,35.9482536315918,18070,76150809,0,1044,956,88,72828,19381,23619,23718,18,NA,NA,NA,7.61999988555908,32676,171598,780.400024414062,4098.39990234375,0.324312090873718,1.22377586364746,24.9052990317707,22.8060017953763,2.09929723639447,6.95081476844258,15.2486596400626,47337,1995,-2,0,0,0,0,1,0,0,0,0,0,0,0
"Alabama","AL",2010,1,0,1,0,1,1,0,1,0,0,0,1,4785298,37.8163375854492,33905,162228293,1,862,794,68,76384,25190,30569,33596,18,2180000,1952000,228000,10.5,18363,168828,383.700012207031,3528,0.400201618671417,1.33370387554169,18.013507204776,16.5924880749328,1.42101912984312,6.75925527066369,15.3810588588819,64165,1995,15,0,0,0,0,0,0,0,0,0,0,0,1
"Alabama","AL",1995,0,1,1,0,0,0,0,0,0,0,0,1,4270460,36.2057456970215,19843,85261242,1,1114,1033,81,73227,20086,25698,24930,18,NA,NA,NA,6.28000020980835,26894,179294,632.400024414062,4215.7001953125,0.350936144590378,1.2411630153656,26.086182753146,24.1894315834828,1.89675116966322,7.01571242048723,15.2672321077398,50628,1995,0,0,0,0,0,0,1,0,0,0,0,0,0
"Alabama","AL",1990,0,0,0,0,0,0,0,0,0,0,0,1,4048378,35.6229248046875,15810,64030925,0,1121,1011,110,73818,16854,22586,19761,13,NA,NA,NA,6.86999988555908,28630,169974,708.599975585938,4206.7001953125,0.305968731641769,1.17248129844666,27.6901020606277,24.9729644810835,2.7171375795442,7.02197642307216,15.2138268650365,42347,1995,-5,0,1,0,0,0,0,0,0,0,0,0,0
"Alabama","AL",1983,0,0,0,0,0,0,0,0,0,0,0,0,3934103,34.2006454467773,9852,38757480,0,930,808,122,73607,13991,16415,14617,11,NA,NA,NA,13.6400003433228,16471,145890,416,3685,0.223008677363396,1.04474306106567,23.6394420786644,20.5383539780224,3.101088100642,6.8351845861473,15.1851934595914,31032,1995,-12,1,0,0,0,0,0,0,0,0,0,0,0
"Alabama","AL",1994,0,1,0,0,0,0,0,0,0,0,0,1,4239262,36.0920104980469,18925,80624474,0,1083,993,90,72963,20069,24541,24415,18,NA,NA,NA,6.01000022888184,28844,178015,683.700012207031,4219.39990234375,0.336348563432693,1.21655285358429,25.5468994367416,23.4238884032174,2.12301103352423,6.98749024700099,15.2598997554548,48956,1995,-1,0,0,0,0,0,0,0,0,0,0,0,0
"Alabama","AL",2006,1,0,1,0,1,0,0,0,0,0,0,1,4628981,37.2458877563477,31606,146303967,1,1207,1116,91,74675,21845,29492,30922,18,2201000,2110000,91000,4.09999990463257,19553,181249,425.200012207031,3941,0.394938051700592,1.41551840305328,26.0748531912315,24.1089777642207,1.96587542701083,7.09589322109753,15.3478473154468,60414,1995,11,0,0,0,0,0,0,0,0,0,0,0,1
"Alabama","AL",1991,0,0,0,0,0,0,0,0,0,0,0,1,4089884,35.6887359619141,16493,67609367,0,1116,1001,115,73838,16865,22577,20347,13,NA,NA,NA,7.25,34518,184882,844.200012207031,4521.39990234375,0.305763959884644,1.206463098526,27.2868374750971,24.475021785459,2.81181568963814,7.01750614294126,15.2240271657586,42924,1995,-4,0,0,1,0,0,0,0,0,0,0,0,0
"Alabama","AL",2005,1,0,1,0,1,0,0,0,0,0,0,1,4569805,37.1100425720215,30188,137952255,1,1148,1060,88,74418,21627,29409,30252,18,2179000,2086000,92000,4.19999980926514,19678,177393,433,3900,0.39518666267395,1.39880704879761,25.1214220300429,23.1957381113636,1.92568391867924,7.04577657687951,15.3349810923758,59661,1995,10,0,0,0,0,0,0,0,0,0,0,0,1
"Alabama","AL",1989,0,0,0,0,0,0,0,0,0,0,0,1,4030224,35.3278579711914,14957,60280625,0,1029,929,100,73691,16844,21789,18976,13,NA,NA,NA,7.03000020980835,24329,166244,590.799987792969,4037,0.295680612325668,1.1265732049942,25.5320796064933,23.0508279440547,2.48125166243861,6.93634273583405,15.2093325155047,40765,1995,-6,1,0,0,0,0,0,0,0,0,0,0,0
"Alabama","AL",2009,1,0,1,0,1,0,0,0,0,0,0,1,4757938,37.6474761962891,32930,156677574,1,848,776,72,75390,21935,30372,30927,18,2151000,1911000,240000,11.1999998092651,21194,178007,450.100006103516,3780.39990234375,0.40286511182785,1.40993845462799,17.8228467878312,16.3095862115059,1.51326057632529,6.7428806357919,15.375324939075,61299,1995,14,0,0,0,0,0,0,0,0,0,0,0,1
"Alabama","AL",2004,1,0,1,0,1,0,0,0,0,0,0,1,4530729,36.9619827270508,28861,130761503,1,1154,1067,87,73963,21523,30077,28958,18,2179000,2053000,126000,5.80000019073486,19324,182340,427,4029.30004882812,0.406649261713028,1.34544444084167,25.4705147891211,23.5502940034595,1.92022078566165,7.05098944706805,15.3263934116641,59035,1995,9,0,0,0,0,0,0,0,0,0,0,0,1
"Alabama","AL",2001,1,0,1,0,1,0,0,0,0,0,0,1,4467634,36.4985275268555,25540,114105566,1,991,916,75,73736,20705,29241,27528,18,2148000,2033000,114000,5.30000019073486,19582,173253,438.200012207031,3876.80004882812,0.396563410758972,1.3295339345932,22.1817633225998,20.5030224051478,1.67874091745206,6.89871453432999,15.3123695199699,56769,1995,6,0,0,0,0,0,0,0,0,0,0,0,1
"Alabama","AL",2003,1,0,1,0,1,0,0,0,0,0,0,1,4503491,36.8208694458008,27115,122113945,1,1004,927,77,73476,20958,30158,28479,18,2147000,2023000,125000,5.80000019073486,19331,182241,429.200012207031,4046.39990234375,0.41044694185257,1.35886061191559,22.2938160640268,20.5840313658893,1.70978469813751,6.91174730025167,15.3203634317583,58637,1995,8,0,0,0,0,0,0,0,0,0,0,0,1
"Alabama","AL",2002,1,0,1,0,1,0,0,0,0,0,0,1,4480089,36.6627426147461,26145,117131204,1,1038,970,68,73466,20969,29231,28284,18,2103000,1978000,124000,5.90000009536743,19931,180400,445,4027.80004882812,0.397884726524353,1.34884834289551,23.1691825765069,21.6513555869091,1.51782698959775,6.94505106372583,15.3151534702653,57515,1995,7,0,0,0,0,0,0,0,0,0,0,0,1
"Alaska","AK",1983,0,0,0,0,1,0,0,0,0,0,0,1,488417,28.2349662780762,19180,9367743,0,150,126,24,7435,1337,2117,1241,8,NA,NA,NA,10.2700004577637,2940,25889,613.799987792969,5404.7998046875,0.28473436832428,0.92819744348526,30.7114617222578,25.7976278466966,4.91383387556125,5.01063529409626,13.0989248281477,3358,NA,NA,0,0,0,0,0,0,0,0,0,0,0,0
"Alaska","AK",1984,0,0,0,1,1,0,0,0,0,0,0,1,513703,28.343542098999,19391,9960981,0,134,108,26,9930,1621,2294,1295,8,NA,NA,NA,10.1199998855591,3108,27468,621.599975585938,5493.60009765625,0.231017112731934,0.798889577388763,26.0851114359854,21.0238211573614,5.06129027862403,4.89783979995091,13.1494005564227,3589,NA,NA,0,0,0,0,0,0,0,0,0,0,0,0
"Alaska","AK",1985,0,0,0,1,1,0,0,0,0,0,0,1,532492,28.3728160858154,20229,10771669,0,127,104,23,9980,1621,2059,1781,8,NA,NA,NA,9.61999988555908,3031,27588,581.799987792969,5295.2001953125,0.206312626600266,1.09870445728302,23.8501235699316,19.5308098525424,4.31931371738918,4.84418708645859,13.1853231529787,3840,NA,NA,0,0,0,0,0,0,0,0,0,0,0,0
"Alaska","AK",1986,0,0,0,1,1,0,0,0,0,0,0,1,544269,28.3966522216797,19968,10867834,0,101,84,17,11936,1703,2175,1833,8,NA,NA,NA,10.9399995803833,3046,30307,570.400024414062,5675.5,0.182221844792366,1.07633590698242,18.5570003068336,15.4335448096438,3.12345549718981,4.61512051684126,13.2071988889146,4008,NA,NA,0,0,0,0,0,0,0,0,0,0,0,0
"Alaska","AK",1987,0,0,0,1,1,0,0,0,0,0,0,1,539310,28.4532508850098,19339,10429668,0,76,58,18,10360,1722,2123,1777,8,NA,NA,NA,10.7600002288818,2391,25841,455.399993896484,4922.10009765625,0.204922780394554,1.03193962574005,14.0920806215349,10.7544825795924,3.33759804194248,4.33073334028633,13.1980458237086,3900,NA,NA,0,0,0,0,0,0,0,0,0,0,0,0
"Alaska","AK",1988,0,0,0,1,1,0,0,0,0,0,0,1,541982,28.8514194488525,20065,10874986,0,97,75,22,10429,1760,2091,1750,8,NA,NA,NA,9.17000007629395,2682,22566,522.799987792969,4398.7998046875,0.20049861073494,0.994318187236786,17.8972733411811,13.8380979442122,4.0591753969689,4.57471097850338,13.2029880695382,3841,NA,NA,0,0,0,0,0,0,0,0,0,0,0,0
"Alaska","AK",1989,0,0,0,1,1,0,0,0,0,0,0,1,547153,29.1489543914795,21817,11937660,0,84,71,13,10462,1810,2205,1682,8,NA,NA,NA,6.67999982833862,2623,22567,497.700012207031,4282.2001953125,0.21076275408268,0.929281771183014,15.352195820913,12.9762607533907,2.37593506752225,4.43081679884331,13.2124837497887,3887,NA,NA,0,0,0,0,0,0,0,0,0,0,0,0
"Alaska","AK",1990,0,0,0,1,1,0,0,0,0,0,0,1,553117,29.5862846374512,22861,12648823,0,98,90,8,11936,1549,2276,1703,8,NA,NA,NA,7.05000019073486,2885,25457,524.5,4628.2001953125,0.190683647990227,1.09941899776459,17.7177703813117,16.2714217787557,1.44634860255606,4.58496747867057,13.2233248313629,3979,NA,NA,0,0,0,0,0,0,0,0,0,0,0,0
"Alaska","AK",1991,0,1,0,1,1,0,0,0,0,0,0,1,569054,29.8277111053467,23143,13196056,0,101,81,20,11963,1561,2281,1740,8,NA,NA,NA,8.75,3499,29000,613.900024414062,5087.7001953125,0.190671235322952,1.11467003822327,17.7487549511997,14.2341500103681,3.51460494083163,4.61512051684126,13.2517306119446,4021,NA,NA,0,0,0,0,0,0,0,0,0,0,0,0
"Alaska","AK",1992,0,1,0,1,1,0,0,0,0,0,0,1,586722,30.2106971740723,23931,14089186,0,108,95,13,11986,1648,2005,1836,8,NA,NA,NA,9.23999977111816,3877,28816,660.5,4909,0.167278498411179,1.11407768726349,18.4073547608578,16.1916546507545,2.21570011010325,4.68213122712422,13.2823063920804,3841,NA,NA,0,0,0,0,0,0,0,0,0,0,0,0
"Alaska","AK",1993,0,1,0,1,1,0,0,0,0,0,0,1,596906,30.4643859863281,24746,14833815,0,118,94,24,12107,1742,2016,1902,8,NA,NA,NA,7.71000003814697,4557,28795,760.799987792969,4807.2001953125,0.166515246033669,1.09184849262238,19.7686067823074,15.7478731994652,4.02073358284219,4.77068462446567,13.2995149260412,3918,NA,NA,0,0,0,0,0,0,0,0,0,0,0,0
"Alaska","AK",1994,0,1,0,1,1,0,0,0,0,0,0,1,600622,30.75657081604,25396,15321548,0,85,70,15,12543,1782,2176,1974,8,NA,NA,NA,7.76000022888184,4644,29947,766.299987792969,4941.7001953125,0.173483222723007,1.10774409770966,14.1519957643909,11.6545847471455,2.49741101724546,4.44265125649032,13.3057210638971,4150,NA,NA,0,0,0,0,0,0,0,0,0,0,0,0
"Alaska","AK",1995,0,1,0,1,1,0,0,0,0,0,0,1,601581,31.178596496582,26028,15731807,0,87,80,7,11705,1781,2093,2030,8,NA,NA,NA,7.32000017166138,4656,30097,770.900024414062,4982.89990234375,0.178812474012375,1.13980913162231,14.4618929121764,13.2982923330358,1.16360057914063,4.46590811865458,13.3073164686722,4123,NA,NA,0,0,0,0,0,0,0,0,0,0,0,0
"Alaska","AK",1996,0,1,0,1,1,0,0,0,0,0,0,1,605212,31.4453544616699,26550,16157384,0,81,68,13,11460,1795,2053,2062,8,NA,NA,NA,7.84000015258789,4417,28667,727.700012207031,4722.7001953125,0.179144844412804,1.14874649047852,13.3837399126257,11.2357322723277,2.14800764029795,4.39444915467244,13.3133340888557,4115,NA,NA,0,0,0,0,0,0,0,0,0,0,0,0
"Alaska","AK",1997,0,1,0,1,1,0,0,0,0,0,0,1,609655,31.6014747619629,27795,17037751,0,77,66,11,10982,1792,2309,2078,8,NA,NA,NA,7.86999988555908,4270,27840,701.099975585938,4571.39990234375,0.21025313436985,1.15959823131561,12.6300940695967,10.8257949167972,1.80429915279953,4.34380542185368,13.3206485023818,4387,NA,NA,0,0,0,0,0,0,0,0,0,0,0,0
"Alaska","AK",1998,0,1,0,1,1,0,0,0,0,0,0,1,615205,31.1498966217041,28740,17817135,0,70,60,10,10870,1809,2347,2167,8,313082,293940,19142,6.11405324935913,4015,25316,653.900024414062,4123.10009765625,0.215915367007256,1.19789934158325,11.3783210474557,9.75284661210491,1.62547443535082,4.24849524204936,13.3297108245788,4514,NA,NA,0,0,0,0,0,0,0,0,0,0,0,0
"Alaska","AK",1999,0,1,0,1,1,0,0,0,0,0,0,1,619500,31.2515735626221,29434,18389936,0,79,69,10,10858,1808,2373,2172,8,315000,295000,20000,6.40000009536743,3908,23099,630.799987792969,3728.69995117188,0.218548536300659,1.20132744312286,12.7522195318805,11.138014527845,1.61420500403551,4.36944785246702,13.3366679800513,4545,NA,NA,0,0,0,0,0,0,0,0,0,0,0,0
"Alaska","AK",2000,0,1,0,1,1,0,0,0,0,0,0,1,627963,31.891450881958,31491,19775308,0,106,91,15,11014,1809,2374,2239,8,322000,301000,21000,6.59999990463257,3554,23087,566.900024414062,3682.5,0.215543851256371,1.23770034313202,16.8799754125641,14.4912996466352,2.38867576592888,4.66343909411207,13.3502365265172,4613,NA,NA,0,0,0,0,0,0,0,0,0,0,0,0
"Alaska","AK",2001,0,1,0,1,1,0,0,0,0,0,0,1,633714,32.2176094055176,32836,20808479,0,89,81,8,11816,1812,2452,2269,8,322000,302000,20000,6.30000019073486,3735,23160,589.5,3655.10009765625,0.207515239715576,1.2522075176239,14.0441902814203,12.7817911550005,1.2623991264198,4.48863636973214,13.3593530275404,4721,NA,NA,0,0,0,0,0,0,0,0,0,0,0,0
"Alaska","AK",2002,0,1,1,1,1,0,0,0,0,0,0,1,642337,32.5123748779297,33868,21754791,0,89,72,17,12273,1844,2562,2334,8,323000,298000,25000,7.69999980926514,3627,24118,565.400024414062,3759.69995117188,0.208750918507576,1.26572668552399,13.8556552090258,11.2090693825827,2.64658582644313,4.48863636973214,13.3728683670671,4896,NA,NA,0,0,0,0,0,0,0,0,0,0,0,0
"Alaska","AK",2003,0,1,1,1,1,0,0,0,0,0,0,1,648414,32.8267440795898,34888,22622104,0,98,85,13,12160,2069,2419,2523,8,332000,305000,27000,8,3877,24386,598,3761.60009765625,0.19893091917038,1.21942973136902,15.1138007507549,13.1089088144303,2.00489193632463,4.58496747867057,13.3822846602207,4942,NA,NA,0,0,0,0,0,0,0,0,0,0,0,0
"Alaska","AK",2004,0,1,1,1,1,0,0,0,0,0,0,1,659286,33.1206855773926,35789,23595080,0,101,89,12,12013,2095,2442,2548,8,331000,306000,25000,7.5,4159,22172,632.299987792969,3370.89990234375,0.20327977836132,1.21622908115387,15.3196033284493,13.4994524379404,1.82015089050882,4.61512051684126,13.3989127102331,4990,NA,NA,0,0,0,0,0,0,0,0,0,0,0,0
"Alaska","AK",2005,0,1,1,1,1,0,0,0,0,0,0,1,666946,33.4121284484863,37446,24974740,0,73,64,9,12114,2255,2466,2569,8,341000,318000,23000,6.69999980926514,4194,23975,632,3615,0.203566119074821,1.13924610614777,10.9454138715878,9.59597928467972,1.34943458690809,4.29045944114839,13.4104643621001,5035,NA,NA,0,0,0,0,0,0,0,0,0,0,0,0
"Alaska","AK",2006,1,0,1,1,1,0,0,0,0,0,0,1,675302,33.6452751159668,39214,26481591,0,74,63,11,12418,2370,2427,2540,8,349000,324000,24000,6.90000009536743,4610,23975,688,3578.10009765625,0.195442095398903,1.07172989845276,10.9580602456382,9.32915939831364,1.6289008473246,4.30406509320417,13.4229152772052,4967,NA,NA,0,0,0,0,0,0,0,0,0,0,0,0
"Alaska","AK",2007,1,0,1,1,1,0,0,0,0,0,0,1,680300,33.8937225341797,41826,28454520,0,82,67,15,12080,2357,2577,2576,8,352000,330000,22000,6.19999980926514,4520,23096,661.299987792969,3379.19995117188,0.213327810168266,1.09291470050812,12.0535058062619,9.84859620755549,2.20490959870645,4.40671924726425,13.4302891563332,5153,NA,NA,0,0,0,0,0,0,0,0,0,0,0,0
"Alaska","AK",2008,1,0,1,1,1,1,0,0,0,0,0,1,687455,34.1377754211426,45145,31035035,0,62,58,4,12987,2341,2393,2472,8,357000,332000,24000,6.80000019073486,4475,20090,652.099975585938,2927.30004882812,0.184261187911034,1.05595898628235,9.01877213781266,8.436915870857,0.581856266955655,4.12713438504509,13.4407516518352,4865,NA,NA,0,0,0,0,0,0,0,0,0,0,0,0
"Alaska","AK",2009,1,0,1,1,1,1,0,0,1,0,1,1,698895,34.3535499572754,44275,30943563,0,64,52,12,13299,2419,2316,2617,8,362000,333000,29000,7.90000009536743,4424,20538,633.400024414062,2940.39990234375,0.174148425459862,1.08185195922852,9.15731261491354,7.44031649961725,1.71699611529629,4.15888308335967,13.4572557953403,4933,NA,NA,0,0,0,0,0,0,0,0,0,0,0,0
"Alaska","AK",2010,1,0,1,1,1,1,0,0,1,0,1,1,713985,34.4249801635742,45725,32649638,0,56,50,6,13718,2585,2205,2594,8,360000,331000,29000,8,4537,20259,635.299987792969,2836.80004882812,0.160737723112106,1.00348162651062,7.8433020301547,7.00294824120955,0.840353788945146,4.02535169073515,13.4786172326977,4799,NA,NA,0,0,0,0,0,0,0,0,0,0,0,0
"Alaska","AK",2011,1,0,1,1,1,1,0,0,1,0,1,1,703720,34.7819595336914,48114,34827461,0,72,61,11,13987,2688,2173,2420,8,370000,342000,28000,7.59999990463257,4416,19094,610.099975585938,2637.80004882812,0.155358552932739,0.90029764175415,10.2313420110271,8.66822031489797,1.56312169612914,4.27666611901606,13.464135828753,4593,NA,NA,0,0,0,0,0,0,0,0,0,0,0,0
"Alaska","AK",2012,1,0,1,1,1,1,0,0,1,0,1,1,709057,34.9177474975586,49436,36159732,0,59,49,10,13878,2423,2299,2493,8,366000,339000,27000,7.40000009536743,4412,20037,603.200012207031,2739.39990234375,0.165657877922058,1.02888977527618,8.3209107307311,6.91058687806481,1.41032385266629,4.07753744390572,13.4716911972052,4792,NA,NA,0,0,0,0,0,0,0,0,0,0,0,0
"Arizona","AZ",1994,0,1,0,1,1,0,0,0,0,0,0,1,4147761,35.4959335327148,19746,83823467,0,904,731,173,38168,16212,13795,24979,18,NA,NA,NA,6.3600001335144,28653,294273,703.099975585938,7221.39990234375,0.361428409814835,1.54077231884003,21.7948912678431,17.6239662796386,4.17092498820448,6.80682936039218,15.2380792285423,38774,1995,-1,0,0,0,0,0,0,0,0,0,0,0,0
"Arizona","AZ",2006,0,1,1,1,1,0,0,0,0,0,0,1,6029141,36.0851593017578,34817,209917712,1,1293,1093,200,37814,22560,19898,42570,18,2992000,2866000,126000,4.19999980926514,33456,294389,542.599975585938,4774.10009765625,0.526207208633423,1.88696813583374,21.4458411239677,18.1286189856897,3.31722213827807,7.16472037877186,15.6121151041611,62468,1995,11,0,0,0,0,0,0,0,0,0,0,0,1
"Arizona","AZ",2005,0,1,1,1,1,0,0,0,0,0,0,1,5839077,36.0000953674316,32419,189297049,1,1179,980,199,37068,22722,17494,42305,18,2832000,2697000,135000,4.80000019073486,30478,287345,512,4827,0.471943467855453,1.86185193061829,20.1915473969602,16.7834745114682,3.408072885492,7.07242190053737,15.5800832943683,59799,1995,10,0,0,0,0,0,0,0,0,0,0,0,1
"Arizona","AZ",2007,0,1,1,1,1,0,0,0,0,0,0,1,6167681,36.184700012207,35863,221194494,1,1071,888,183,37676,22917,19586,43377,18,3041000,2924000,118000,3.90000009536743,32835,287308,518,4532.60009765625,0.519853472709656,1.89278697967529,17.3647113072158,14.3976317841341,2.96707952308169,6.97634807044775,15.6348334743405,62963,1995,12,0,0,0,0,0,0,0,0,0,0,0,1
"Arizona","AZ",2010,0,1,1,1,1,0,0,0,1,0,1,1,6413737,36.8531723022461,33967,217758705,1,759,586,173,41242,23066,17321,42675,18,3180000,2850000,331000,10.3999996185303,26528,226802,413.600006103516,3536.5,0.419984489679337,1.85012567043304,11.8339744832069,9.13663906081587,2.69733542239103,6.63200177739563,15.6739526543409,59996,1995,15,0,0,0,0,0,0,0,0,0,0,0,1
"Arizona","AZ",2000,0,1,0,1,1,0,0,0,0,0,0,1,5160586,35.4183578491211,26538,136949927,1,1036,873,163,36988,18205,17860,31908,18,2347000,2256000,91000,3.90000009536743,27281,271811,531.700012207031,5297.7998046875,0.482859313488007,1.75270533561707,20.0752395173726,16.9166834929212,3.15855602445149,6.94312242281943,15.4565606969011,49768,1995,5,0,0,0,0,0,0,0,0,0,0,1,0
"Arizona","AZ",1992,0,1,0,1,1,0,0,0,0,0,0,1,3867378,35.1924667358398,18121,70956360,0,809,650,159,40846,15123,13788,21259,18,NA,NA,NA,7.63000011444092,25706,243629,670.799987792969,6357.7998046875,0.337560594081879,1.40573954582214,20.9185654983816,16.8072528726181,4.1113126257635,6.69579891705849,15.1680873160061,35047,1995,-3,0,0,0,1,0,0,0,0,0,0,0,0
"Arizona","AZ",1983,0,0,0,0,0,0,0,0,0,0,0,0,2968928,34.1142196655273,11796,35022456,0,675,541,134,67434,8900,10118,9493,12,NA,NA,NA,9.10000038146973,14642,174740,494.200012207031,5897.39990234375,0.15004301071167,1.06662917137146,22.7354789338105,18.2220653380614,4.51341359574904,6.51471269087253,14.9037115028624,19611,1995,-12,1,0,0,0,0,0,0,0,0,0,0,0
"Arizona","AZ",2004,0,1,1,1,1,0,0,0,0,0,0,1,5652404,35.8885650634766,30225,170844938,1,1151,990,161,36058,22055,17382,39954,18,2778000,2637000,141000,5.09999990463257,28952,291203,504.399993896484,5073.2998046875,0.482056677341461,1.81156206130981,20.3630172224066,17.5146716335209,2.84834558888572,7.04838640872188,15.5475914993545,57336,1995,9,0,0,0,0,0,0,0,0,0,0,0,1
"Arizona","AZ",2001,0,1,0,1,1,0,0,0,0,0,0,1,5273477,35.5250701904297,27212,143501911,1,1051,855,196,37241,18005,17456,32199,18,2420000,2307000,113000,4.69999980926514,28675,293874,540.299987792969,5537.5,0.468730688095093,1.78833651542664,19.9299247915559,16.2132118903714,3.71671290118455,6.95749737087695,15.4782004752595,49655,1995,6,0,0,0,0,0,0,0,0,0,0,0,1
"Arizona","AZ",2012,0,1,1,1,1,0,0,0,1,0,1,1,6530974,37.5070762634277,36243,237512637,1,825,675,150,41386,23876,17068,43061,18,3018000,2770000,248000,8.19999980926514,28108,231930,428.899993896484,3539.19995117188,0.412409991025925,1.80352652072906,12.6321127599038,10.3353649853758,2.29674777452796,6.71538338633468,15.6920666478632,60129,1995,17,0,0,0,0,0,0,0,0,0,0,0,1
"Arizona","AZ",1993,0,1,0,1,1,0,0,0,0,0,0,1,3993563,35.283260345459,18792,76399486,0,801,636,165,39423,16340,13055,26095,18,NA,NA,NA,6.28999996185303,28142,264371,715,6716.7001953125,0.331151872873306,1.59700119495392,20.0572771732911,15.9256283173697,4.13164885592139,6.68586094706836,15.2001943728506,39150,1995,-2,0,0,0,0,1,0,0,0,0,0,0,0
"Arizona","AZ",1998,0,1,0,1,1,0,0,0,0,0,0,1,4667277,35.1853828430176,24140,117882827,1,980,798,182,36650,17319,16145,29341,18,2382363,2278866,103497,4.34430027008057,26984,280001,577.900024414062,5997,0.440518409013748,1.69415092468262,20.997253859156,17.0977638567413,3.89949000241468,6.88755257166462,15.356086376074,45486,1995,3,0,0,0,0,0,0,0,0,1,0,0,0
"Arizona","AZ",1991,0,1,0,1,0,0,0,0,0,0,0,1,3762229,35.0049057006836,17564,66542734,0,816,664,152,41153,14170,13602,21327,18,NA,NA,NA,5.78000020980835,25152,252559,670.700012207031,6734.89990234375,0.330522686243057,1.50508117675781,21.6892698450839,17.6491117366859,4.04015810839797,6.70441435496411,15.1405221588672,34929,1995,-4,0,0,1,0,0,0,0,0,0,0,0,0
"Arizona","AZ",2003,0,1,1,1,1,0,0,0,0,0,0,1,5510364,35.7609176635742,28454,156789207,1,1118,977,141,35629,21900,16556,37340,18,2690000,2539000,151000,5.59999990463257,28638,314335,513.299987792969,5634,0.464677661657333,1.70502281188965,20.289040796579,17.7302261701768,2.55881462640218,7.01929665371504,15.5221412406531,53896,1995,8,0,0,0,0,0,0,0,0,0,0,0,1
"Arizona","AZ",1984,0,0,0,0,0,0,0,0,0,0,0,1,3067142,34.2470703125,12941,39692439,0,869,666,203,67313,8824,10548,10065,13,NA,NA,NA,4.92999982833862,15756,182670,516.099975585938,5983.2998046875,0.156700789928436,1.14063918590546,28.3325649741681,21.7140256303751,6.61853934379302,6.76734312526539,14.9362567413399,20613,1995,-11,1,0,0,0,0,0,0,0,0,0,0,0
"Arizona","AZ",1987,0,0,0,0,0,0,0,0,0,0,0,1,3437102,34.543025970459,15193,52219519,0,939,769,170,66517,11206,13367,18362,16,NA,NA,NA,6.26000022888184,20742,222663,612.599975585938,6576,0.200956150889397,1.63858652114868,27.3195267408416,22.3734995353644,4.94602720547717,6.84481547920826,15.0501392324355,31729,1995,-8,1,0,0,0,0,0,0,0,0,0,0,0
"Arizona","AZ",2011,0,1,1,1,1,0,0,0,1,0,1,1,6447286,37.2289657592773,35446,229237928,1,826,649,177,41594,23498,17179,42396,18,3021000,2732000,288000,9.5,26789,229896,414.200012207031,3554.69995117188,0.41301628947258,1.80423867702484,12.8115923506418,10.0662511326471,2.74534121799467,6.71659477352098,15.6791698250274,59575,1995,16,0,0,0,0,0,0,0,0,0,0,0,1
"Arizona","AZ",1999,0,1,0,1,1,0,0,0,0,0,0,1,4778332,35.2077865600586,24973,125458462,1,1024,851,173,37178,17278,16723,30106,18,2364000,2260000,104000,4.40000009536743,26334,255401,551.099975585938,5345,0.449809014797211,1.74244701862335,21.4300722511537,17.809561997785,3.62051025336875,6.93147180559945,15.3796020895941,46829,1995,4,0,0,0,0,0,0,0,0,0,1,0,0
"Arizona","AZ",1996,0,1,0,1,1,0,0,0,0,0,0,1,4432202,35.552433013916,21554,98865534,1,994,799,195,38662,16233,14921,27202,18,NA,NA,NA,5.51000022888184,27963,284964,631.5,6435.5,0.385934501886368,1.67572224140167,22.4267756749354,18.0271567045004,4.39961897043501,6.90173720665657,15.304407083988,42123,1995,1,0,0,0,0,0,0,1,0,0,0,0,0
"Arizona","AZ",1997,0,1,0,1,1,0,0,0,0,0,0,1,4553249,35.7004356384277,22659,107334952,1,951,768,183,38418,17295,15416,28075,18,NA,NA,NA,4.65999984741211,28411,299323,623.700012207031,6571.2998046875,0.401270240545273,1.62330150604248,20.8861847880491,16.8670766742605,4.01910811378864,6.85751406254539,15.3313516020374,43491,1995,2,0,0,0,0,0,0,0,1,0,0,0,0
"Arizona","AZ",2002,0,1,1,1,1,0,0,0,0,0,0,1,5396255,35.6272659301758,27583,148843200,1,1132,959,173,37575,19590,17855,33479,18,2672000,2507000,165000,6.19999980926514,30171,318296,554.5,5849.7998046875,0.475182980298996,1.70898413658142,20.9775112554911,17.7715841819929,3.20592707349819,7.03174125876313,15.5012157524208,51334,1995,7,0,0,0,0,0,0,0,0,0,0,0,1
"Arizona","AZ",1989,0,0,0,0,0,0,0,0,0,0,0,1,3622176,34.7041091918945,16692,60461798,0,879,719,160,43919,13479,14659,20157,17,NA,NA,NA,5.21000003814697,21320,265284,599.599975585938,7460.2001953125,0.333773523569107,1.49543738365173,24.267180832737,19.8499465514652,4.41723428127181,6.77878489768518,15.1025855081831,34816,1995,-6,1,0,0,0,0,0,0,0,0,0,0,0
"Arizona","AZ",1986,0,0,0,0,0,0,0,0,0,0,0,1,3308262,34.475341796875,14596,48287072,0,1007,816,191,67088,10226,11810,10855,16,NA,NA,NA,6.92999982833862,21835,221015,658.299987792969,6663.10009765625,0.176037445664406,1.06150984764099,30.4389434694108,24.6655192363845,5.77342423302628,6.91473089271856,15.0119335339241,22665,1995,-9,1,0,0,0,0,0,0,0,0,0,0,0
"Arizona","AZ",2008,0,1,1,1,1,0,0,0,1,0,1,1,6280362,36.3374443054199,35772,224659756,1,938,792,146,37522,22917,18241,43387,18,3139000,2954000,185000,5.90000009536743,31567,266653,485.600006103516,4102.2001953125,0.486141473054886,1.89322340488434,14.9354448039779,12.610738043444,2.32470676053387,6.84374994900622,15.6529381800952,61628,1995,13,0,0,0,0,0,0,0,0,0,0,0,1
"Arizona","AZ",2009,0,1,1,1,1,0,0,0,1,0,1,1,6343154,36.6136627197266,33972,215486545,1,806,658,148,37522,22917,18241,43387,18,3152000,2836000,317000,10,28128,236721,426.5,3589,0.486141473054886,1.89322340488434,12.7066125148467,10.3733883806069,2.33322413423984,6.69208374250663,15.6628866790538,61628,1995,14,0,0,0,0,0,0,0,0,0,0,0,1
"Arizona","AZ",1990,0,0,0,0,0,0,0,0,0,0,0,1,3679122,34.8856239318848,17195,63347429,0,869,704,165,36945,14667,14771,20685,18,NA,NA,NA,5.48000001907349,23911,265229,652.400024414062,7236.39990234375,0.399810522794724,1.41030883789062,23.6197658028193,19.1350001440561,4.48476565876315,6.76734312526539,15.1181846947222,35456,1995,-5,0,1,0,0,0,0,0,0,0,0,0,0
"Arizona","AZ",1995,0,1,0,1,1,0,0,0,0,0,0,1,4307074,35.4948616027832,20578,91210440,1,1035,827,208,38239,16322,14050,25603,18,NA,NA,NA,5.07000017166138,30095,316355,713.5,7500.10009765625,0.367425918579102,1.56861901283264,24.0302349112181,19.2009703107028,4.82926460051534,6.94215670569947,15.2757693452214,39653,1995,0,0,0,0,0,0,1,0,0,0,0,0,0
"Arizona","AZ",1985,0,0,0,0,0,0,0,0,0,0,0,1,3183535,34.3313598632812,13836,44047498,0,893,723,170,66929,9977,11184,10396,13,NA,NA,NA,6.5,19202,207591,602.5,6513.7001953125,0.167102456092834,1.04199659824371,28.0505789947338,22.7106031502716,5.33997584446221,6.7945865808765,14.9735027725676,21580,1995,-10,1,0,0,0,0,0,0,0,0,0,0,0
"Arizona","AZ",1988,0,0,0,0,0,0,0,0,0,0,0,1,3535179,34.6561317443848,15912,56251007,0,944,745,199,58767,11515,13648,20599,17,NA,NA,NA,6.26999998092651,21147,237808,610.099975585938,6861.2001953125,0.232239186763763,1.78888404369354,26.7030325762854,21.0738975310727,5.6291350452127,6.8501261661455,15.078274492523,34247,1995,-7,1,0,0,0,0,0,0,0,0,0,0,0
"Arkansas","AR",1989,0,0,0,0,0,0,0,0,0,0,0,1,2346387,36.2920837402344,13957,32748282,0,647,585,62,69466,7656,12988,7426,13.6999998092651,NA,NA,NA,7.21999979019165,11397,98213,473.700012207031,4082,0.18696916103363,0.969958186149597,27.5743089268735,24.9319485660294,2.64236036084414,6.4723462945009,14.6683872562277,20414,1997,-8,1,0,0,0,0,0,0,0,0,0,0,0
"Arkansas","AR",2005,0,1,1,0,1,0,0,0,0,0,0,1,2781097,37.1886253356934,27982,77820470,1,654,613,41,87726,10933,20074,11898,21.7000007629395,1371000,1301000,70000,5.09999990463257,14670,112914,528,4068,0.228826120495796,1.08826494216919,23.5159003803176,22.0416619772701,1.47423840304743,6.4831073514572,14.8383560121476,31972,1997,8,0,0,0,0,0,0,0,0,0,0,0,1
"Arkansas","AR",1988,0,0,0,0,0,0,0,0,0,0,0,1,2342638,36.1438674926758,13030,30524089,0,610,560,50,69440,7654,12236,6983,13.5,NA,NA,NA,7.67000007629395,10237,91962,422.700012207031,3796.89990234375,0.176209673285484,0.912333428859711,26.0390209669612,23.9046749860627,2.13434598089846,6.41345895716736,14.6667882027789,19219,1997,-9,1,0,0,0,0,0,0,0,0,0,0,0
"Arkansas","AR",2002,0,1,1,0,1,0,0,0,0,0,0,1,2705927,36.9309539794922,24250,65619610,1,640,598,42,87681,10801,19279,10801,21.7000007629395,1285000,1216000,70000,5.40000009536743,11501,101171,425,3738.39990234375,0.219876602292061,1,23.6517836586131,22.0996353560166,1.55214830259649,6.46146817635372,14.810955110261,30080,1997,5,0,0,0,0,0,0,0,0,0,0,1,0
"Arkansas","AR",2003,0,1,1,0,1,0,0,0,0,0,0,1,2724816,37.0320281982422,25490,69455176,1,640,598,42,87732,10807,19473,11166,21.7000007629395,1265000,1186000,78000,6.19999980926514,12449,99084,456.399993896484,3632.39990234375,0.221960052847862,1.03321921825409,23.4878244989753,21.9464360162301,1.54138848274526,6.46146817635372,14.8179114608639,30639,1997,6,0,0,0,0,0,0,0,0,0,0,0,1
"Arkansas","AR",1990,0,0,0,0,0,0,0,0,0,0,0,1,2354327,36.4256820678711,14621,34454491,0,604,543,61,69408,7677,13414,7597,13.6999998092651,NA,NA,NA,6.94999980926514,12511,101897,532.200012207031,4334.7001953125,0.193263024091721,0.989579260349274,25.6548899112145,23.0639159301151,2.59097398109948,6.40357419793482,14.6717654696443,21011,1997,-7,1,0,0,0,0,0,0,0,0,0,0,0
"Arkansas","AR",1983,0,0,0,0,0,0,0,0,0,0,0,1,2305754,35.4221382141113,9532,21979252,0,557,497,60,69556,7497,10997,5687,9.5,NA,NA,NA,10.1000003814697,6930,74563,297.700012207031,3202.89990234375,0.158102825284004,0.758570075035095,24.1569568999989,21.5547712375214,2.60218566247744,6.32256523992728,14.6509182958899,16684,1997,-14,1,0,0,0,0,0,0,0,0,0,0,0
"Arkansas","AR",1992,0,1,0,0,0,0,0,0,0,0,0,1,2394114,36.5056991577148,16438,39713570,0,588,523,65,69471,7691,15048,8033,18.7000007629395,NA,NA,NA,7.30000019073486,13831,100402,576.5,4185.2001953125,0.216608375310898,1.04446756839752,24.5602339738208,21.8452421229733,2.71499185084754,6.37672694789863,14.6885237830139,23081,1997,-5,0,1,0,0,0,0,0,0,0,0,0,0
"Arkansas","AR",2000,0,1,0,0,1,0,0,0,0,0,0,1,2678588,36.7213172912598,22782,61024355,1,652,609,43,86973,10627,18736,10431,19.5,1238000,1183000,55000,4.40000009536743,11904,98115,445.299987792969,3670,0.215423181653023,0.981556415557861,24.3411827425494,22.7358593408169,1.60532340173255,6.48004456192665,14.8008003479729,29167,1997,3,0,0,0,0,0,0,0,0,1,0,0,0
"Arkansas","AR",2004,0,1,1,0,1,0,0,0,0,0,0,1,2749686,37.1158218383789,26904,73978634,1,703,666,37,87744,10863,19941,11707,21.7000007629395,1308000,1231000,77000,5.90000009536743,13814,110911,502.299987792969,4033.10009765625,0.227263405919075,1.0776948928833,25.5665555994394,24.2209474099952,1.34560818944418,6.55535689181067,14.8269972813053,31648,1997,7,0,0,0,0,0,0,0,0,0,0,0,1
"Arkansas","AR",2001,0,1,0,0,1,0,0,0,0,0,0,1,2691571,36.8186264038086,23845,64181824,1,611,569,42,87335,10797,18968,10465,19.5,1227000,1164000,63000,5.09999990463257,12190,99106,452.399993896484,3677.80004882812,0.217186689376831,0.969250738620758,22.7004972189104,21.1400702415058,1.56042697740465,6.4150969591716,14.8056355959776,29433,1997,4,0,0,0,0,0,0,0,0,0,1,0,0
"Arkansas","AR",1985,0,0,0,0,0,0,0,0,0,0,0,1,2327044,35.6919136047363,11205,26075227,0,534,473,61,69460,7569,11100,6012,10.5,NA,NA,NA,8.64999961853027,8199,76372,347.600006103516,3237.5,0.159804210066795,0.794292509555817,22.9475678156494,20.3262164359591,2.62135137969029,6.2803958389602,14.6601093505715,17112,1997,-12,1,0,0,0,0,0,0,0,0,0,0,0
"Arkansas","AR",2007,0,1,1,0,1,0,0,0,0,0,0,1,2848650,37.4012184143066,31183,88830539,1,649,600,49,87593,11966,20082,13089,21.5,1368000,1292000,77000,5.59999990463257,15226,112130,537.099975585938,3955.5,0.22926490008831,1.09384918212891,22.7827216400751,21.0626086040756,1.72011303599951,6.47543271670409,14.8623557558105,33171,1997,10,0,0,0,0,0,0,0,0,0,0,0,1
"Arkansas","AR",1987,0,0,0,0,0,0,0,0,0,0,0,1,2342359,36.0081329345703,12153,28467554,0,639,578,61,69457,7630,11829,6477,13.5,NA,NA,NA,8.06999969482422,9839,91537,412,3833.19995117188,0.170306801795959,0.848885953426361,27.2801906112598,24.6759783619846,2.6042122492752,6.45990445437753,14.6666690991806,18306,1997,-10,1,0,0,0,0,0,0,0,0,0,0,0
"Arkansas","AR",2011,1,0,1,0,1,1,0,1,1,0,1,1,2932183,37.8888816833496,34032,100004837,1,551,502,49,87069,13013,18432,14521,21.5,1364000,1247000,117000,8.60000038146973,14173,110430,482.299987792969,3757.89990234375,0.211694180965424,1.11588406562805,18.7914601510206,17.1203502646322,1.6711098863884,6.31173480915291,14.8912577547749,32953,1997,14,0,0,0,0,0,0,0,0,0,0,0,1
"Arkansas","AR",1999,0,1,0,0,1,0,0,0,0,0,0,1,2551373,36.6231231689453,21834,57900855,1,604,557,47,86957,10602,18982,10265,18.6000003814697,1222000,1167000,55000,4.5,10848,92283,425.200012207031,3617,0.21829180419445,0.968213558197021,23.6735279396623,21.831382553629,1.84214538603332,6.40357419793482,14.752142203605,29247,1997,2,0,0,0,0,0,0,0,1,0,0,0,0
"Arkansas","AR",1984,0,0,0,0,0,0,0,0,0,0,0,1,2319774,35.56396484375,10547,24467205,0,525,455,70,69467,7578,10936,5685,9.5,NA,NA,NA,8.93000030517578,7549,71554,321.399993896484,3046.10009765625,0.15742726624012,0.750197947025299,22.6315149665442,19.6139796376716,3.01753532887255,6.26339826259162,14.6569803251044,16621,1997,-13,1,0,0,0,0,0,0,0,0,0,0,0
"Arkansas","AR",2006,0,1,1,0,1,0,0,0,0,0,0,1,2821761,37.2963905334473,29484,83197957,1,665,627,38,87733,11272,20278,12729,21.5,1364000,1292000,72000,5.30000019073486,15538,112025,552.799987792969,3985.39990234375,0.231133103370667,1.12925839424133,23.5668435420293,22.220166768199,1.34667677383024,6.49978704065585,14.8528717161003,33007,1997,9,0,0,0,0,0,0,0,0,0,0,0,1
"Arkansas","AR",1986,0,0,0,0,0,0,0,0,0,0,0,1,2331990,35.8672676086426,11746,27390577,0,603,530,73,69433,7617,11352,6203,13.5,NA,NA,NA,8.77000045776367,9365,83729,394.799987792969,3529.89990234375,0.163495749235153,0.814362585544586,25.857743815368,22.7273701859785,3.13037362938949,6.40191719672719,14.6622325382787,17555,1997,-11,1,0,0,0,0,0,0,0,0,0,0,0
"Arkansas","AR",2012,1,0,1,0,1,1,0,1,1,0,1,1,2943305,38.0338859558105,35437,104507754,1,552,501,51,86695,13428,18306,15216,21.5,1350000,1248000,102000,7.59999990463257,13835,107941,469.100006103516,3660.10009765625,0.211154043674469,1.13315463066101,18.7544274208755,17.0216814091642,1.73274601171132,6.3135480462771,14.8950436575916,33522,1997,15,0,0,0,0,0,0,0,0,0,0,0,1
"Arkansas","AR",1991,0,1,0,0,0,0,0,0,0,0,0,1,2370492,36.4663162231445,15275,36402860,0,608,550,58,69488,7683,14079,7855,18.7000007629395,NA,NA,NA,7.40000009536743,14072,108677,593.299987792969,4581.7001953125,0.202610522508621,1.02238714694977,25.6486839019073,23.2019344507385,2.44674945116879,6.41017488196617,14.6786080865032,21934,1997,-6,1,0,0,0,0,0,0,0,0,0,0,0
"Arkansas","AR",1994,0,1,0,0,0,0,0,0,0,0,0,1,2450565,36.6223907470703,17747,44262434,0,609,547,62,69539,7677,16123,8825,18.7000007629395,NA,NA,NA,5.34999990463257,14598,103115,595.099975585938,4203.60009765625,0.231855511665344,1.14953756332397,24.8514118172748,22.3213830279956,2.53002878927921,6.4118182677099,14.7118291681789,24948,1997,-3,0,0,0,1,0,0,0,0,0,0,0,0
"Arkansas","AR",2008,0,1,1,0,1,0,0,0,0,0,0,1,2874554,37.512077331543,32378,93073267,1,600,549,51,87627,12185,19724,13439,21.5,1372000,1301000,71000,5.19999980926514,14649,110360,513,3865,0.225090444087982,1.10291337966919,20.8728032244306,19.098614950354,1.7741882740766,6.39692965521615,14.8714080897448,33163,1997,11,0,0,0,0,0,0,0,0,0,0,0,1
"Arkansas","AR",1998,0,1,0,0,1,0,0,0,0,0,0,1,2538202,36.5189895629883,21160,55571019,1,625,572,53,85123,9987,18396,9950,18.6000003814697,1241710,1179338,62372,5.02307319641113,12442,96271,490.200012207031,3793.19995117188,0.216110810637474,0.996295154094696,24.6237297110317,22.5356374315362,2.08809227949549,6.4377516497364,14.7469665143179,28346,1997,1,0,0,0,0,0,0,1,0,0,0,0,0
"Arkansas","AR",2010,1,0,1,0,1,1,0,1,1,0,1,1,2921606,37.7278671264648,32053,93683054,1,571,530,41,87112,12956,18792,14713,21.5,1343000,1228000,116000,8.60000038146973,14711,103820,503.5,3553.5,0.215722292661667,1.13561284542084,19.5440452956353,18.1407075423586,1.40333775327679,6.34738920965601,14.8876440230499,33505,1997,13,0,0,0,0,0,0,0,0,0,0,0,1
"Arkansas","AR",1995,0,1,0,0,1,0,0,0,0,0,0,1,2480080,36.628490447998,18555,47045204,0,631,581,50,69565,7657,17651,9002,18.7000007629395,NA,NA,NA,4.84999990463257,13741,102780,553.200012207031,4137.7001953125,0.253733903169632,1.17565631866455,25.4427276539466,23.4266636560111,2.01606399793555,6.44730586254121,14.7238013756854,26653,1997,-2,0,0,0,0,1,0,0,0,0,0,0,0
"Arkansas","AR",2009,1,0,1,0,1,1,0,1,1,0,1,1,2896843,37.6154174804688,31629,91625350,1,596,551,45,87627,12185,18654,14501,21.5,1373000,1266000,107000,7.80000019073486,14905,109078,515.799987792969,3775,0.212879598140717,1.19006979465485,20.5741215523244,19.0207063344475,1.55341521787684,6.39024066706535,14.8791320812892,33155,1997,12,0,0,0,0,0,0,0,0,0,0,0,1
"Arkansas","AR",1993,0,1,0,0,0,0,0,0,0,0,0,1,2423980,36.5925750732422,16973,41691458,0,583,533,50,69597,7595,15636,8359,18.7000007629395,NA,NA,NA,6.23000001907349,14381,102231,593.299987792969,4217.5,0.224664852023125,1.10059249401093,24.0513535590228,21.9886302692266,2.06272328979612,6.36818718635049,14.7009213753122,23995,1997,-4,0,0,1,0,0,0,0,0,0,0,0,0
"Arkansas","AR",1997,0,1,0,0,1,0,0,0,0,0,0,1,2523186,36.8175773620605,20118,52327705,1,660,605,55,84492,9873,18545,9599,18.6000003814697,NA,NA,NA,5.28999996185303,13293,105759,526.900024414062,4191.7998046875,0.219488233327866,0.972247540950775,26.157405756056,23.9776219430514,2.17978381300467,6.49223983502047,14.7410329466657,28144,1997,0,0,0,0,0,0,1,0,0,0,0,0,0
"Arkansas","AR",1996,0,1,0,0,1,0,0,0,0,0,0,1,2505073,36.6652374267578,19415,49936446,0,615,581,34,70048,7698,18507,9333,18.6000003814697,NA,NA,NA,5.3899998664856,13161,104790,524.299987792969,4174.89990234375,0.264204531908035,1.21239280700684,24.5501827691249,23.1929368924578,1.35724587666707,6.42162226780652,14.7338284337931,27840,1997,-1,0,0,0,0,0,0,0,0,0,0,0,0
"California","CA",1989,0,1,0,0,1,0,0,0,0,0,0,1,29218160,33.7592086791992,20569,600986019,0,5412,4301,1111,91578,72720,52039,199443,9,NA,NA,NA,5.09000015258789,284136,1681516,977.700012207031,5785.7998046875,0.568247854709625,2.74261546134949,18.5227269615883,14.7202972397988,3.80242972178946,8.59637398929068,17.190300991736,251482,1995,-6,1,0,0,0,0,0,0,0,0,0,0,0
"California","CA",2001,1,0,1,1,1,0,0,0,0,0,0,1,34479458,34.3699493408203,34063,1174488613,1,3956,3115,841,83286,85484,62789,247786,18,17362000,16435000,927000,5.30000019073486,212867,1134189,615.200012207031,3278,0.753896236419678,2.89862442016602,11.4734982203027,9.03436475132527,2.43913346897738,8.2829886927426,17.3558742843787,310575,1995,6,0,0,0,0,0,0,0,0,0,0,0,1
"California","CA",2011,1,0,1,1,1,1,1,1,0,0,0,1,37512894,36.3334846496582,44666,1683203700,1,2816,2033,783,81877,90324,56265,264519,35.7000007629395,18377000,16239000,2138000,11.6000003814697,154943,973822,411.200012207031,2584.19995117188,0.687189340591431,2.92855715751648,7.50675221165288,5.41946990280195,2.08728230885092,7.94307271727793,17.4401952718412,320784,1995,16,0,0,0,0,0,0,0,0,0,0,0,1
"California","CA",1993,0,1,1,1,1,0,0,0,0,0,0,1,31124200,33.9820594787598,22957,717991182,0,4164,3175,989,88140,81061,51762,214646,17,NA,NA,NA,9.39000034332275,336381,1678884,1077.80004882812,5379.10009765625,0.587270259857178,2.64795637130737,13.3786571221108,10.2010654089101,3.17759171320066,8.33423142973486,17.2534962096076,266408,1995,-2,0,0,0,0,1,0,0,0,0,0,0,0
"California","CA",1988,0,1,0,0,0,0,0,0,0,0,0,1,28464252,33.8038063049316,19603,557975272,0,5392,4172,1220,91376,71186,51076,190499,9,NA,NA,NA,5.30000019073486,261912,1607180,929.799987792969,5705.7001953125,0.558965146541595,2.67607402801514,18.9430588233972,14.6569809738896,4.28607784950752,8.59267165259214,17.1641595421369,241575,1995,-7,1,0,0,0,0,0,0,0,0,0,0,0
"California","CA",2010,1,0,1,1,1,1,1,1,0,0,0,1,37349363,36.0513076782227,42297,1579148473,1,2720,1985,735,82046,90092,58060,264789,35.2999992370605,18195000,15976000,2219000,12.1999998092651,164133,981939,439.600006103516,2629.89990234375,0.707651793956757,2.93909549713135,7.2825873897769,5.31468234143645,1.96790504834045,7.90838715929004,17.4358264145115,322849,1995,15,0,0,0,0,0,0,0,0,0,0,0,1
"California","CA",2000,1,0,1,1,1,0,0,0,0,0,0,1,33987977,34.2113342285156,33366,1134033801,1,3753,2946,807,83428,84649,59567,247082,18,17091000,16246000,845000,4.90000009536743,210531,1056183,621.599975585938,3118.19995117188,0.713992893695831,2.91890048980713,11.0421399896793,8.66777095912475,2.37436903055454,8.23031079913502,17.3415174023959,306649,1995,5,0,0,0,0,0,0,0,0,0,0,1,0
"California","CA",1983,0,0,0,0,0,0,0,0,0,0,0,1,25360024,33.7374572753906,14536,368628471,0,4573,3629,944,110330,63703,42394,140258,9,NA,NA,NA,9.63000011444092,194491,1486487,772.599975585938,5904.89990234375,0.384247243404388,2.20174884796143,18.0323173195735,14.3099233660031,3.72239395357039,8.42792472365806,17.0486846339051,182652,1995,-12,1,0,0,0,0,0,0,0,0,0,0,0
"California","CA",1992,0,1,1,0,1,0,0,0,0,0,0,1,30854222,33.8995819091797,22637,701159877,0,4192,3302,890,88392,79986,52197,210351,16,NA,NA,NA,9.28999996185303,345624,1716137,1119.69995117188,5559.7998046875,0.590517222881317,2.62984776496887,13.5864712453291,10.7019389437206,2.88453230160851,8.34093322600088,17.2447841547054,262548,1995,-3,0,0,0,1,0,0,0,0,0,0,0,0
"California","CA",2003,1,0,1,1,1,0,0,0,0,0,0,1,35253159,34.7366790771484,35298,1244351244,1,4224,3387,837,83927,85621,65501,258091,18,17460000,16283000,1177000,6.69999980926514,205551,1215086,579.599975585938,3426.39990234375,0.780452072620392,3.01434230804443,11.9819049407742,9.60764962935662,2.37425531141762,8.3485378253861,17.3780657002285,323592,1995,8,0,0,0,0,0,0,0,0,0,0,0,1
"California","CA",1986,0,1,0,0,0,0,0,0,0,0,0,1,27102240,33.8111419677734,17571,476217672,0,5253,4217,1036,107701,67391,47349,167564,9,NA,NA,NA,6.67999982833862,248370,1576299,920.5,5842.2998046875,0.439633786678314,2.48644471168518,19.3821617696545,15.5595995017386,3.82256226791586,8.56655462095396,17.1151269392606,214913,1995,-9,1,0,0,0,0,0,0,0,0,0,0,0
"California","CA",1987,0,1,0,0,0,0,0,0,0,0,0,1,27777152,33.8221626281738,18489,513581994,0,5504,4398,1106,90546,68386,47932,178369,9,NA,NA,NA,5.75,253943,1545928,918,5588.39990234375,0.529366314411163,2.60826778411865,19.8148463888595,15.8331566893539,3.98168969950555,8.61323037961318,17.1397243702365,226301,1995,-8,1,0,0,0,0,0,0,0,0,0,0,0
"California","CA",1996,1,0,1,1,1,0,0,0,0,0,0,1,31762190,34.2943305969238,25874,828470736,1,3989,3068,921,87397,83109,52976,225067,18,NA,NA,NA,7.23000001907349,274996,1385135,862.700012207031,4345.10009765625,0.606153547763824,2.70809412002563,12.5589576789258,9.65928356955235,2.89967410937344,8.29129585190541,17.2737871466259,278043,1995,1,0,0,0,0,0,0,1,0,0,0,0,0
"California","CA",1998,1,0,1,1,1,0,0,0,0,0,0,1,32682794,34.0727958679199,29104,960077145,1,3494,2680,814,82414,83537,55714,230728,18,16166918,15203696,963222,5.9579815864563,229883,1188791,703.700012207031,3639.10009765625,0.676025927066803,2.76198577880859,10.690640463603,8.2000333264041,2.49060713719886,8.158802490694,17.3023593200176,286442,1995,3,0,0,0,0,0,0,0,0,1,0,0,0
"California","CA",2002,1,0,1,1,1,0,0,0,0,0,0,1,34871843,34.5503234863281,34222,1193374953,1,4088,3250,838,82816,85082,64001,256941,18,17405000,16242000,1163000,6.69999980926514,208388,1176484,595.400024414062,3361.19995117188,0.772809624671936,3.01992201805115,11.7229249971101,9.3198400784266,2.40308491868354,8.31581113188354,17.3671902707108,320942,1995,7,0,0,0,0,0,0,0,0,0,0,0,1
"California","CA",1985,0,0,0,0,0,0,0,0,0,0,0,1,26441112,33.8018264770508,16766,443303545,0,4960,3977,983,107668,66413,46183,161417,9,NA,NA,NA,7.19000005722046,201763,1516710,765.299987792969,5752.7001953125,0.428938955068588,2.43050312995911,18.7586664282501,15.0409710453933,3.71769538285682,8.50916101971897,17.090430629552,207600,1995,-10,1,0,0,0,0,0,0,0,0,0,0,0
"California","CA",1999,1,0,1,1,1,0,0,0,0,0,0,1,33145121,34.2708969116211,30639,1026378246,1,3559,2752,807,83185,83787,58470,241596,18,16586000,15722000,864000,5.19999980926514,207879,1053285,627.200012207031,3177.80004882812,0.702891170978546,2.88345456123352,10.7376286241345,8.30288113897668,2.43474748515777,8.17723488551019,17.316406084277,300066,1995,4,0,0,0,0,0,0,0,0,0,1,0,0
"California","CA",2008,1,0,1,1,1,1,1,1,0,0,0,1,36604337,35.6556510925293,43609,1596281897,1,3434,2672,762,83483,89029,58536,268750,18,18358000,17045000,1313000,7.09999990463257,185329,1080996,504.200012207031,2941,0.701172709465027,3.01867938041687,9.38140199069853,7.29968145577941,2.08172053491913,8.14148104145742,17.4156772886191,327286,1995,13,0,0,0,0,0,0,0,0,0,0,0,1
"California","CA",2009,1,0,1,1,1,1,1,1,0,0,0,1,36961229,35.8728828430176,41569,1536429610,1,3090,2384,706,81831,90043,58203,266283,18,18250000,16190000,2060000,11.3000001907349,174934,1009433,473.299987792969,2731,0.711258590221405,2.95728707313538,8.36011161858281,6.45000197368978,1.91010964489303,8.03592636989179,17.4253800563494,324486,1995,14,0,0,0,0,0,0,0,0,0,0,0,1
"California","CA",1994,1,0,1,1,1,0,0,0,0,0,0,1,31295496,34.0540046691895,23527,740731676,0,4232,3266,966,87930,81117,52723,219220,18,NA,NA,NA,8.59000015258789,318395,1622102,1013,5160.7998046875,0.599601984024048,2.70251607894897,13.5227126612724,10.4360065103298,3.08670615094261,8.35042997353814,17.2589847473925,271943,1995,-1,0,0,0,0,0,0,0,0,0,0,0,0
"California","CA",1990,0,1,1,0,1,0,0,0,0,0,0,1,29925532,33.8367233276367,21484,643662461,0,5192,4071,1121,89651,73922,54923,204003,9,NA,NA,NA,5.76999998092651,311051,1654186,1045.19995117188,5558.39990234375,0.61263120174408,2.7597062587738,17.3497333313907,13.603768180295,3.74596515109573,8.55487425838393,17.2142225870281,258926,1995,-5,0,1,0,0,0,0,0,0,0,0,0,0
"California","CA",1991,0,1,1,0,1,0,0,0,0,0,0,1,30392926,33.7984924316406,21816,664750059,0,4688,3679,1009,91034,74847,55094,202882,15,NA,NA,NA,7.73000001907349,331122,1726391,1089.90002441406,5682.7001953125,0.605202436447144,2.71062302589417,15.4246419051591,12.1047904370905,3.31985146806859,8.45276133125685,17.2297204419298,257976,1995,-4,0,0,1,0,0,0,0,0,0,0,0,0
"California","CA",1997,1,0,1,1,1,0,0,0,0,0,0,1,32182118,34.4820899963379,27125,881168588,1,3688,2801,887,87345,83256,55071,230541,18,NA,NA,NA,6.30000019073486,257582,1312367,798.299987792969,4067.10009765625,0.630499720573425,2.76906180381775,11.4597802419344,8.70359123038453,2.75618901154983,8.21283958467648,17.2869215146405,285612,1995,2,0,0,0,0,0,0,0,1,0,0,0,0
"California","CA",1984,0,0,0,0,0,0,0,0,0,0,0,1,25844388,33.7844276428223,15862,409946849,0,5020,4088,932,108106,64899,44561,151976,9,NA,NA,NA,7.78000020980835,195589,1461731,763.400024414062,5705,0.412197291851044,2.34173107147217,19.4239461193664,15.8177473577629,3.60619876160349,8.52118521268578,17.0676040367034,196537,1995,-11,1,0,0,0,0,0,0,0,0,0,0,0
"California","CA",1995,1,0,1,1,1,0,0,0,0,0,0,1,31472342,34.1773719787598,24578,779045712,1,4192,3217,975,87869,82520,53338,223033,18,NA,NA,NA,7.8600001335144,305154,1536830,966,4865.10009765625,0.607017278671265,2.70277500152588,13.319631567298,10.2216733664117,3.09795820088635,8.34093322600088,17.2646196863542,276371,1995,0,0,0,0,0,0,1,0,0,0,0,0,0
"California","CA",2004,1,0,1,1,1,0,0,0,0,0,0,1,35574576,34.9016342163086,37150,1321608538,1,4120,3300,820,83655,86138,66710,262207,18,17551000,16466000,1084000,6.19999980926514,189175,1227194,527.799987792969,3423.89990234375,0.797441899776459,3.04403400421143,11.5813045811143,9.27628764992167,2.30501693119266,8.32360844234357,17.3871417833871,328917,1995,9,0,0,0,0,0,0,0,0,0,0,0,1
"California","CA",2012,1,0,1,1,1,1,1,1,0,0,0,1,37845556,36.5614356994629,46477,1768039281,1,2857,2070,787,80870,94629,57520,268752,36,18486000,16558000,1929000,10.3999996185303,160944,1049465,423.100006103516,2758.69995117188,0.711264967918396,2.84005951881409,7.54910299111473,5.46959859699247,2.07950439412226,7.95752740223077,17.4490241201223,326272,1995,17,0,0,0,0,0,0,0,0,0,0,0,1
"California","CA",2006,1,0,1,1,1,0,0,0,0,0,0,1,36021202,35.2661933898926,41627,1499451517,1,4240,3350,890,83724,86566,60710,266768,18,17867000,17002000,865000,4.80000019073486,194483,1159988,533.5,3181.69995117188,0.725120663642883,3.08167171478271,11.7708454037708,9.3000783260925,2.47076707767831,8.352318548226,17.3996182675051,327478,1995,11,0,0,0,0,0,0,0,0,0,0,0,1
"California","CA",2007,1,0,1,1,1,0,1,1,0,0,0,1,36250311,35.4699668884277,43157,1564440661,1,3995,3204,791,83445,87709,60771,267541,18,18169000,17198000,971000,5.30000019073486,191561,1112510,524.099975585938,3043.5,0.728276133537292,3.05032539367676,11.0205951060668,8.83854486103581,2.182050245031,8.29279885820037,17.4059585185385,328312,1995,12,0,0,0,0,0,0,0,0,0,0,0,1
"California","CA",2005,1,0,1,1,1,0,0,0,0,0,0,1,35827943,35.0893058776855,38969,1396173422,1,4333,3446,887,84471,85435,62542,266725,18,17666000,16724000,942000,5.30000019073486,190178,1200531,526,3321,0.74039614200592,3.12196397781372,12.093912285168,9.61819103039211,2.47572125477592,8.37401542173991,17.3942386776415,329267,1995,10,0,0,0,0,0,0,0,0,0,0,0,1
"Colorado","CO",1995,0,1,0,1,1,0,0,0,0,0,0,1,3738237,34.9894180297852,24763,94759322,0,645,578,67,71014,13485,14023,21035,22,NA,NA,NA,4.17999982833862,16494,185705,440.200012207031,4956.10009765625,0.197468101978302,1.55988132953644,17.2541227321863,15.4618340142693,1.79228871791703,6.46925031679577,15.134124667877,35058,1997,-2,0,0,0,0,1,0,0,0,0,0,0,0
"Colorado","CO",2012,0,1,1,1,1,1,0,1,1,0,1,1,5153800,36.8769721984863,45775,237461494,1,472,381,91,68914,19610,14943,31826,22,2735000,2514000,221000,8.10000038146973,16023,139270,308.899993896484,2684.69995117188,0.216835469007492,1.62294745445251,9.15829096976988,7.39260351585238,1.7656874539175,6.15697898558556,15.4552448646297,46769,1997,15,0,0,0,0,0,0,0,0,0,0,0,1
"Colorado","CO",1999,0,1,0,1,1,0,0,0,0,0,0,1,4056133,35.0866355895996,31387,132644126,1,626,551,75,70902,14247,16218,24514,22,2264000,2198000,66000,2.90000009536743,13811,151002,340.5,3722.80004882812,0.228738263249397,1.72064292430878,15.4334189731944,13.5843671792814,1.84905179391307,6.4393503711001,15.2157406146426,40732,1997,2,0,0,0,0,0,0,0,1,0,0,0,0
"Colorado","CO",2002,0,1,0,1,1,0,0,0,0,0,0,1,4490406,34.8011093139648,34761,156089100,1,743,663,80,71266,15044,17335,26210,22,2437000,2298000,140000,5.69999980926514,15882,180054,352.899993896484,4000.30004882812,0.243243619799614,1.74222278594971,16.5463880103492,14.7648119123304,1.78157609801875,6.61069604471776,15.3174536787931,43545,1997,5,0,0,0,0,0,0,0,0,0,0,1,0
"Colorado","CO",2001,0,1,0,1,1,0,0,0,0,0,0,1,4425687,34.6542549133301,35231,155921560,1,741,669,72,71088,14764,16760,26195,22,2295000,2210000,85000,3.70000004768372,15492,170887,349.600006103516,3856.60009765625,0.235764116048813,1.77424812316895,16.7431632648219,15.1162971986044,1.62686606621752,6.60800062529609,15.3029360786108,42955,1997,4,0,0,0,0,0,0,0,0,0,1,0,0
"Colorado","CO",2000,0,1,0,1,1,0,0,0,0,0,0,1,4326921,34.5714950561523,34227,148098695,1,681,591,90,70948,14463,16480,25291,22,2276000,2213000,63000,2.70000004768372,14367,156937,334,3648.60009765625,0.232282802462578,1.74866902828217,15.7386742212303,13.6586732228298,2.08000099840048,6.52356230614951,15.2803667615872,41771,1997,3,0,0,0,0,0,0,0,0,1,0,0,0
"Colorado","CO",2007,0,1,1,1,1,0,0,0,0,0,0,1,4803868,35.8387336730957,42199,202717905,1,554,480,74,68937,19229,15650,33063,22,2688000,2589000,99000,3.70000004768372,17101,145808,351.799987792969,2999.19995117188,0.227018877863884,1.71943414211273,11.5323734956914,9.99194815511167,1.54042534057972,6.31716468674728,15.3849319847021,48713,1997,10,0,0,0,0,0,0,0,0,0,0,0,1
"Colorado","CO",2008,0,1,1,1,1,0,0,0,0,0,0,1,4889730,36.0058784484863,43406,212243112,1,548,486,62,68921,19345,15625,32235,22,2725000,2594000,131000,4.80000019073486,17480,139340,353.899993896484,2821,0.226708844304085,1.66632199287415,11.2071627676784,9.93919909688265,1.26796367079573,6.30627528694802,15.4026476452027,47860,1997,11,0,0,0,0,0,0,0,0,0,0,0,1
"Colorado","CO",2011,0,1,1,1,1,1,0,1,1,0,1,1,5083152,36.6477012634277,44179,226031916,1,447,392,55,68883,19531,14860,31746,22,2738000,2507000,231000,8.39999961853027,16085,132781,314.399993896484,2595.30004882812,0.215728119015694,1.62541604042053,8.79375631497937,7.71175050441144,1.08200581056793,6.10255859461357,15.4414420995822,46606,1997,14,0,0,0,0,0,0,0,0,0,0,0,1
"Colorado","CO",1989,0,1,0,1,1,0,0,0,0,0,0,1,3275821,33.7736434936523,18679,61188912,0,527,457,70,66132,11229,11865,15712,20,NA,NA,NA,5.78000020980835,15636,184692,471.399993896484,5568,0.17941389977932,1.39923417568207,16.0875701083789,13.9507012135278,2.13686889485109,6.26720054854136,15.0020790826576,27577,1997,-8,1,0,0,0,0,0,0,0,0,0,0,0
"Colorado","CO",1994,0,1,0,1,1,0,0,0,0,0,0,1,3654093,34.7841567993164,23411,87187612,0,586,525,61,70871,13324,13561,20144,22,NA,NA,NA,4.23000001907349,18632,175808,509.600006103516,4808.7998046875,0.191347658634186,1.51185834407806,16.0368113236308,14.3674504179286,1.66936090570218,6.37331978957701,15.1113584671561,33705,1997,-3,0,0,0,1,0,0,0,0,0,0,0,0
"Colorado","CO",1985,0,0,0,1,1,0,0,0,0,0,0,0,3208717,32.9454574584961,15444,49555903,0,579,512,67,65226,10746,10099,16047,12,NA,NA,NA,5.8899998664856,15219,208336,471,6448,0.154830902814865,1.4932998418808,18.0445953943586,15.9565334057195,2.08806198863907,6.361302477573,14.981381726736,26146,1997,-12,1,0,0,0,0,0,0,0,0,0,0,0
"Colorado","CO",1988,0,1,0,1,1,0,0,0,0,0,0,1,3262281,33.5219192504883,17337,56556763,0,497,441,56,66022,11127,10957,16708,18,NA,NA,NA,6.42999982833862,15548,187719,472.600006103516,5705.7001953125,0.16595983505249,1.50157272815704,15.2347391288488,13.5181488044715,1.71659032437733,6.20859002609663,14.9979372019232,27665,1997,-9,1,0,0,0,0,0,0,0,0,0,0,0
"Colorado","CO",1993,0,1,0,1,1,0,0,0,0,0,0,1,3562064,34.5524101257324,22394,80924154,0,559,480,79,65818,12903,13062,19656,22,NA,NA,NA,5.26999998092651,20229,176856,567.299987792969,4959.5,0.198456346988678,1.52336668968201,15.6931486913205,13.4753334022073,2.21781528911328,6.3261494731551,15.0858507101044,32718,1997,-4,0,0,1,0,0,0,0,0,0,0,0,0
"Colorado","CO",1984,0,0,0,0,1,0,0,0,0,0,0,0,3169987,32.7904396057129,14793,46893797,0,608,531,77,65200,10526,11510,13078,12,NA,NA,NA,5.67999982833862,14548,191104,457.799987792969,6013.2998046875,0.176533743739128,1.24244725704193,19.1798893812498,16.7508573379008,2.42903204334907,6.41017488196617,14.9692380448987,24588,1997,-13,1,0,0,0,0,0,0,0,0,0,0,0
"Colorado","CO",2005,0,1,1,1,1,0,0,0,0,0,0,1,4631888,35.4464530944824,38407,177898826,1,606,549,57,68779,18819,14961,33001,22,2530000,2406000,124000,4.90000009536743,18498,188449,397,4041,0.217522785067558,1.75360012054443,13.0832179016418,11.8526181980221,1.23059970361978,6.40687998606931,15.3484751183226,47962,1997,8,0,0,0,0,0,0,0,0,0,0,0,1
"Colorado","CO",1986,0,0,0,1,1,0,0,0,0,0,0,0,3237447,33.115364074707,15910,51506817,0,603,533,70,65404,10914,10239,16143,18,NA,NA,NA,7.44000005722046,17105,212626,523.599975585938,6508.2998046875,0.15655006468296,1.47910940647125,18.6257875418501,16.4635899830947,2.1621975587554,6.40191719672719,14.9902956141996,26382,1997,-11,1,0,0,0,0,0,0,0,0,0,0,0
"Colorado","CO",1996,0,1,0,1,1,0,0,0,0,0,0,1,3813778,35.1913871765137,26072,102202376,0,617,534,83,71139,13658,14822,21319,22,NA,NA,NA,4.23000001907349,15463,180218,404.5,4714,0.208352655172348,1.56091666221619,16.1781834181224,14.0018637686829,2.17631964943948,6.42486902390539,15.1541308568412,36141,1997,-1,0,0,0,0,0,0,0,0,0,0,0,0
"Colorado","CO",2004,0,1,0,1,1,0,0,0,0,0,0,1,4575013,35.2395553588867,36434,166687414,1,667,586,81,68630,18464,14910,30981,22,2525000,2389000,137000,5.40000009536743,17121,180322,372,3918.5,0.217251926660538,1.67791378498077,14.579193545461,12.8087067730737,1.77048677238731,6.50279004591562,15.3361200982178,45891,1997,7,0,0,0,0,0,0,0,0,0,0,0,1
"Colorado","CO",2010,0,1,1,1,1,1,0,1,1,0,1,1,5049071,36.3714332580566,41717,210607673,1,450,402,48,68923,19430,14720,32220,22,2720000,2482000,238000,8.69999980926514,16339,135001,323.700012207031,2674.5,0.213571667671204,1.65826046466827,8.91253064177549,7.96186070665277,0.950669935122719,6.10924758276437,15.4347148239327,46940,1997,13,0,0,0,0,0,0,0,0,0,0,0,1
"Colorado","CO",2006,0,1,1,1,1,0,0,0,0,0,0,1,4720423,35.6584167480469,40627,191774579,1,535,463,72,68956,19066,15430,33211,22,2639000,2527000,112000,4.19999980926514,18794,163439,395.399993896484,3438.39990234375,0.223765879869461,1.7418966293335,11.3337300491926,9.80844301453493,1.5252870346577,6.28226674689601,15.3674089721903,48641,1997,9,0,0,0,0,0,0,0,0,0,0,0,1
"Colorado","CO",2003,0,1,0,1,1,0,0,0,0,0,0,1,4528732,35.0181770324707,35195,159387173,1,642,577,65,68693,18128,13935,29444,22,2478000,2328000,150000,6,15757,179706,346.5,3951.60009765625,0.202859103679657,1.62422776222229,14.1761535016866,12.7408731627308,1.4352803389558,6.46458830368996,15.3259525465768,43379,1997,6,0,0,0,0,0,0,0,0,0,0,0,1
"Colorado","CO",2009,0,1,1,1,1,1,0,1,1,0,1,1,4972195,36.2027435302734,41515,206422648,1,465,404,61,68921,19345,14557,31674,22,2727000,2526000,201000,7.40000009536743,17022,134196,338.799987792969,2670.69995117188,0.21121284365654,1.637322306633,9.35200650819206,8.12518414905288,1.22682235913917,6.14203740558736,15.4193719504736,46231,1997,12,0,0,0,0,0,0,0,0,0,0,0,1
"Colorado","CO",1997,0,1,0,1,1,0,0,0,0,0,0,1,3892029,35.3195877075195,27369,109974945,1,613,547,66,71210,13859,15239,22507,22,NA,NA,NA,3.25999999046326,14139,166902,363.200012207031,4287.2001953125,0.214000836014748,1.62399888038635,15.7501395801522,14.0543659875093,1.69577359264281,6.41836493593621,15.1744411734422,37746,1997,0,0,0,0,0,0,1,0,0,0,0,0,0
"Colorado","CO",1998,0,1,0,1,1,0,0,0,0,0,0,1,3968967,34.9351005554199,29716,122328072,1,628,548,80,71271,14001,15942,23341,22,2307916,2226297,81619,3.53648042678833,15008,163189,377.899993896484,4109.5,0.223681434988976,1.66709518432617,15.8227569037485,13.8071190816149,2.01563782213357,6.4425401664682,15.1940164172938,39283,1997,1,0,0,0,0,0,0,1,0,0,0,0,0
"Colorado","CO",1992,0,1,0,1,1,0,0,0,0,0,0,1,3460644,34.3463516235352,21369,74703057,0,522,452,70,65266,12777,10818,18109,22,NA,NA,NA,6.01000022888184,20086,186684,578.799987792969,5379.89990234375,0.165752455592155,1.41731238365173,15.0838976791603,13.061152779656,2.02274489950425,6.25766758788264,15.056965256882,28927,1997,-5,0,1,0,0,0,0,0,0,0,0,0,0
"Colorado","CO",1987,0,1,0,1,1,0,0,0,0,0,0,1,3260478,33.2912368774414,16395,53456515,0,591,510,81,65653,11077,10497,16471,18,NA,NA,NA,7.65999984741211,15409,197225,467.5,5983.7998046875,0.159886062145233,1.48695492744446,18.1261765912851,15.6418782767435,2.48429831454161,6.3818160174061,14.9973843683613,26968,1997,-10,1,0,0,0,0,0,0,0,0,0,0,0
"Colorado","CO",1983,0,0,0,0,1,0,0,0,0,0,0,0,3133628,32.6092262268066,13711,42963711,0,646,548,98,64503,10920,10643,13466,12,NA,NA,NA,6.67999982833862,14955,193070,476.399993896484,6150.7001953125,0.165000081062317,1.23315012454987,20.6150825815955,17.4877171125609,3.12736546903461,6.4707995037826,14.9577019967036,24109,1997,-14,1,0,0,0,0,0,0,0,0,0,0,0
"Colorado","CO",1990,0,1,0,1,1,0,0,0,0,0,0,1,3303924,34.0188293457031,19604,64843598,0,544,487,57,66408,11272,11709,15469,20,NA,NA,NA,5.03999996185303,17328,182106,526,5527.7998046875,0.176319122314453,1.37233853340149,16.4652697822347,14.740048499905,1.72522128232974,6.29894924685594,15.0106214109371,27178,1997,-7,1,0,0,0,0,0,0,0,0,0,0,0
"Colorado","CO",1991,0,1,0,1,1,0,0,0,0,0,0,1,3368221,34.1767730712891,20278,68683311,0,543,480,63,66539,11341,11459,16285,22,NA,NA,NA,5.05999994277954,18887,186235,559.299987792969,5514.7998046875,0.172214791178703,1.43594038486481,16.1212699522983,14.2508463666725,1.87042358562576,6.29710931993394,15.0298952697688,27744,1997,-6,1,0,0,0,0,0,0,0,0,0,0,0
"Connecticut","CT",1983,0,0,0,0,0,0,0,0,0,0,0,0,3162343,36.034252166748,15765,49854453,0,438,368,70,8876,10658,4923,15707,14,NA,NA,NA,6.01999998092651,11767,144437,375,4602.7998046875,0.554641723632812,1.4737286567688,13.8504899689882,11.6369413438074,2.21354862518076,6.08221891037645,14.9668237665168,20630,NA,NA,0,0,0,0,0,0,0,0,0,0,0,0
"Connecticut","CT",1984,0,0,0,0,0,0,0,0,0,0,0,0,3180023,36.1912384033203,17564,55852197,0,469,389,80,8889,10690,4989,16087,15,NA,NA,NA,4.6100001335144,12422,133573,393.799987792969,4235,0.56125545501709,1.50486433506012,14.7483210027097,12.2326159276206,2.51570507508908,6.15060276844628,14.9723989874346,21076,NA,NA,0,0,0,0,0,0,0,0,0,0,0,0
"Connecticut","CT",1985,0,0,0,0,0,0,0,0,0,0,0,1,3201128,36.3009796142578,18727,59947338,0,448,369,79,8909,10724,5363,16789,16,NA,NA,NA,4.84000015258789,12758,136572,402,4302.7998046875,0.601975500583649,1.56555390357971,13.9950667389745,11.5271866667,2.46788007227452,6.10479323241498,14.9790138056564,22152,NA,NA,0,0,0,0,0,0,0,0,0,0,0,0
"Connecticut","CT",1986,1,0,0,0,0,0,0,0,0,0,0,1,3223737,36.3553848266602,20025,64556631,0,455,365,90,8930,10758,5771,18282,17,NA,NA,NA,3.77999997138977,13578,140411,425.799987792969,4403,0.646248579025269,1.6993864774704,14.1140545894408,11.3222635717492,2.79179101769158,6.12029741895095,14.9860518035988,24053,NA,NA,0,0,0,0,0,0,0,0,0,0,0,0
"Connecticut","CT",1987,1,0,0,0,0,0,0,0,0,0,0,1,3247291,36.4513473510742,21739,70591445,0,449,373,76,8949,10772,6447,20328,19,NA,NA,NA,3.32999992370605,13455,146958,419,4576.7001953125,0.720415711402893,1.88711476325989,13.826909876571,11.4864975143897,2.34041236218128,6.10702288774225,14.993331668258,26775,NA,NA,0,0,0,0,0,0,0,0,0,0,0,0
"Connecticut","CT",1988,1,0,0,0,0,0,0,0,0,0,0,1,3271958,36.5017051696777,23793,77848044,0,484,396,88,8988,10810,6548,19514,20,NA,NA,NA,2.98000001907349,14759,150455,455.399993896484,4642.2001953125,0.728526949882507,1.80518043041229,14.7923659166774,12.1028448409179,2.68952107575953,6.18208490671663,15.0008991404366,26062,NA,NA,0,0,0,0,0,0,0,0,0,0,0,0
"Connecticut","CT",1989,1,0,0,0,0,0,0,0,0,0,0,1,3283409,36.5743789672852,25740,84513744,0,406,333,73,9045,10869,6596,19587,20,NA,NA,NA,3.63000011444092,16576,154119,511.799987792969,4758.2001953125,0.72924268245697,1.80209767818451,12.3651972690579,10.1418982527002,2.22329901635769,6.00635315960173,15.0043927698999,26183,NA,NA,0,0,0,0,0,0,0,0,0,0,0,0
"Connecticut","CT",1990,1,0,0,0,1,0,0,0,0,0,0,1,3288947,36.7700958251953,26415,86955823,0,385,313,72,9086,10905,6597,19706,22,NA,NA,NA,5.17000007629395,18201,158867,553.700012207031,4833,0.726062059402466,1.80706095695496,11.7058742509381,9.51672374167173,2.18915050926634,5.95324333428778,15.0060780107209,26303,NA,NA,0,0,0,0,0,0,0,0,0,0,0,0
"Connecticut","CT",1991,1,0,0,0,1,0,0,0,0,0,0,1,3287237,36.8206405639648,26517,87583062,0,310,255,55,9160,10964,6715,19913,25,NA,NA,NA,6.78999996185303,17761,158770,539.700012207031,4824.39990234375,0.733078598976135,1.81621670722961,9.43041222765502,7.75727457436139,1.67313765329363,5.73657229747919,15.005557952268,26628,NA,NA,0,0,0,0,0,0,0,0,0,0,0,0
"Connecticut","CT",1992,1,0,0,0,1,0,0,0,0,0,0,1,3272178,36.9771003723145,28553,94245958,0,296,251,45,8784,11496,6068,20391,26,NA,NA,NA,7.61999988555908,16252,149535,495.299987792969,4557.60009765625,0.690801441669464,1.77374744415283,9.04596265851063,7.67073184893976,1.37523080957087,5.69035945432406,15.0009663762031,26459,NA,NA,0,0,0,0,0,0,0,0,0,0,0,0
"Connecticut","CT",1993,1,0,0,0,1,0,0,0,0,0,0,1,3269944,37.0656204223633,29463,97497237,0,342,290,52,8814,11543,6575,20426,29,NA,NA,NA,6.26999998092651,14949,137443,456.200012207031,4194.2001953125,0.745972335338593,1.76955735683441,10.4588947089002,8.86865340813176,1.59024130076845,5.8348107370626,15.0002834173445,27001,NA,NA,0,0,0,0,0,0,0,0,0,0,0,0
"Connecticut","CT",1994,1,0,0,0,1,0,0,0,0,0,0,1,3265152,37.1605911254883,30170,100048150,0,310,241,69,8829,11555,6350,20788,31,NA,NA,NA,5.57000017166138,14916,134030,455.5,4092.5,0.719220757484436,1.79904806613922,9.49419812615155,7.38097338194363,2.11322474420793,5.73657229747919,14.9988168739735,27138,NA,NA,0,0,0,0,0,0,0,0,0,0,0,0
"Connecticut","CT",1995,1,0,0,0,1,0,0,0,0,0,0,1,3261812,37.279956817627,31712,105415237,0,317,262,55,8873,11627,6701,21344,34,NA,NA,NA,5.51999998092651,13293,134188,405.899993896484,4097.2998046875,0.755212426185608,1.83572721481323,9.71852455015801,8.03234521180252,1.68617933835549,5.75890177387728,14.9977934271485,28045,NA,NA,0,0,0,0,0,0,0,0,0,0,0,0
"Connecticut","CT",1996,1,0,0,0,1,0,0,0,0,0,0,1,3263910,37.4275665283203,33130,110544115,0,310,255,55,8920,11680,6899,21236,38,NA,NA,NA,5.73999977111816,13490,124924,412,3815.60009765625,0.773430466651917,1.818150639534,9.49781090777626,7.81271542413853,1.68509548363772,5.73657229747919,14.9984364211566,28135,NA,NA,0,0,0,0,0,0,0,0,0,0,0,0
"Connecticut","CT",1997,1,0,0,0,1,0,0,0,0,0,0,1,3267240,37.5472793579102,35201,117901260,0,339,280,59,8957,11718,7043,21509,39,NA,NA,NA,5.09000015258789,12781,117505,390.899993896484,3593.39990234375,0.786312401294708,1.83555209636688,10.3757299739229,8.56992446223724,1.8058055116857,5.82600010738045,14.9994561497767,28552,NA,NA,0,0,0,0,0,0,0,0,0,0,0,0
"Connecticut","CT",1998,1,0,0,0,1,0,0,0,0,0,0,1,3272563,37.1168365478516,37543,126345516,0,329,279,50,8985,11742,7360,21962,36,1741642,1684832,56810,3.26186442375183,11993,111978,366.299987792969,3420.19995117188,0.819142997264862,1.87037980556488,10.0532823967025,8.52542792911855,1.52785446758397,5.79605775076537,15.0010840279178,29322,NA,NA,0,0,0,0,0,0,0,0,0,0,0,0
"Connecticut","CT",1999,1,0,0,0,1,0,0,0,0,0,0,1,3282031,37.0916862487793,39150,132576015,0,301,247,54,9014,11774,7434,22492,32,1692000,1638000,53000,3.20000004768372,11342,99894,345.600006103516,3043.69995117188,0.824717104434967,1.91031086444855,9.17115042484364,7.52582775726372,1.64532266757992,5.70711026474888,15.0039729960477,29926,NA,NA,0,0,0,0,0,0,0,0,0,0,0,0
"Connecticut","CT",2000,1,0,0,0,1,0,0,0,0,0,0,1,3411777,37.2808303833008,42198,143970764,0,341,290,51,9041,11804,7709,23047,32,1746000,1707000,39000,2.29999995231628,11058,99033,324.700012207031,2908,0.852671146392822,1.95247375965118,9.99479157049244,8.49996937080003,1.49482219969242,5.83188247728352,15.0427438278963,30756,NA,NA,0,0,0,0,0,0,0,0,0,0,0,0
"Connecticut","CT",2001,1,0,0,0,1,0,0,0,0,0,0,1,3432835,37.4181480407715,43719,150081313,0,318,280,38,9072,11837,7685,23159,32,1718000,1661000,56000,3.29999995231628,11492,95299,334.600006103516,2774.69995117188,0.847111999988556,1.95649230480194,9.26348047604968,8.15652368960349,1.10695678644619,5.76205138278018,15.048897008366,30844,NA,NA,0,0,0,0,0,0,0,0,0,0,0,0
"Connecticut","CT",2002,1,0,0,0,1,0,0,0,0,0,0,1,3458749,37.5488090515137,43280,149692998,0,325,271,54,6109,14933,3871,27334,25,1773000,1696000,77000,4.30000019073486,10807,93426,312.5,2701.30004882812,0.633655250072479,1.83044266700745,9.39646097476284,7.83520284357148,1.56125813119136,5.78382518232974,15.0564175209614,31205,NA,NA,0,0,0,0,0,0,0,0,0,0,0,0
"Connecticut","CT",2003,1,0,1,0,1,0,0,0,0,0,0,1,3484336,37.6913681030273,43822,152691417,0,298,261,37,6120,14969,3970,27462,25,1803000,1704000,99000,5.5,11045,92981,316.799987792969,2666.5,0.648692786693573,1.83459150791168,8.5525620950448,7.49066680136474,1.06189529368006,5.6970934865054,15.063788053177,31432,NA,NA,0,0,0,0,0,0,0,0,0,0,0,0
"Connecticut","CT",2004,1,0,1,0,1,0,0,0,0,0,0,1,3496094,37.841968536377,46691,163234550,0,294,262,32,6138,15006,3969,27639,25,1790000,1702000,88000,4.90000009536743,10113,93942,289,2684.89990234375,0.64662754535675,1.84186327457428,8.40938487351885,7.49407767640115,0.915307197117698,5.68357976733868,15.0671569032679,31608,NA,NA,0,0,0,0,0,0,0,0,0,0,0,0
"Connecticut","CT",2005,1,0,1,0,1,0,1,1,0,0,0,1,3506956,38.0024795532227,48900,171490280,0,278,239,39,6154,15040,3960,27715,25,1815000,1724000,91000,5,9542,90270,273,2579,0.643483936786652,1.84275269508362,7.92710259267581,6.81502704909899,1.11207554357682,5.62762111369064,15.0702589827077,31675,NA,NA,0,0,0,0,0,0,0,0,0,0,0,0
"Connecticut","CT",2006,1,0,1,0,1,0,1,1,0,0,0,1,3517460,38.1755142211914,52582,184956227,0,311,268,43,6167,15081,3900,27843,25,1854000,1774000,80000,4.30000019073486,10505,90638,299.700012207031,2586.10009765625,0.632398247718811,1.84623038768768,8.84160729617394,7.61913426165472,1.22247303451923,5.73979291217923,15.0732496961932,31743,NA,NA,0,0,0,0,0,0,0,0,0,0,0,0
"Connecticut","CT",2007,1,0,1,0,1,0,1,1,0,0,0,1,3527270,38.3543167114258,55682,196404584,0,296,258,38,6187,15109,3994,28059,25,1874000,1789000,85000,4.5,10547,86528,301.100006103516,2470.60009765625,0.645547091960907,1.85710501670837,8.39175906579309,7.31443864518452,1.07732042060857,5.69035945432406,15.076034758599,32053,NA,NA,0,0,0,0,0,0,0,0,0,0,0,0
"Connecticut","CT",2008,1,0,1,0,1,0,1,1,0,0,0,1,3545579,38.5343704223633,56121,198981824,0,302,249,53,6228,15137,3973,27764,25,1883000,1775000,108000,5.69999980926514,10737,87210,306.700012207031,2490.80004882812,0.637925505638123,1.83418118953705,8.51764972660319,7.0228304037225,1.49481932288069,5.71042701737487,15.0812120332436,31737,NA,NA,0,0,0,0,0,0,0,0,0,0,0,0
"Connecticut","CT",2009,1,0,1,0,1,0,1,1,0,0,0,1,3561807,38.7255477905273,53712,191312735,0,224,197,27,6246,15161,3971,27449,25,1890000,1737000,153000,8.10000038146973,10588,82625,300.899993896484,2348.39990234375,0.635766863822937,1.81050062179565,6.28894266309208,5.53090046709437,0.758042195997706,5.41164605185504,15.0857785583206,31420,NA,NA,0,0,0,0,0,0,0,0,0,0,0,0
"Connecticut","CT",2010,1,0,1,0,1,1,1,1,0,0,0,1,3577073,38.9050941467285,55315,197839341,0,320,264,56,6216,15175,3902,27393,25,1892000,1719000,173000,9.19999980926514,10083,78259,282,2188.80004882812,0.627734899520874,1.80514001846313,8.94586160248896,7.38033582205339,1.56552578043557,5.76832099579377,15.0900554261962,31295,NA,NA,0,0,0,0,0,0,0,0,0,0,0,0
"Connecticut","CT",2011,1,0,1,0,1,1,1,1,0,0,0,1,3581558,39.1047744750977,57758,207161731,0,221,187,34,6252,15193,3909,27288,25,1916000,1745000,170000,8.89999961853027,9889,77205,275.700012207031,2152.5,0.625239908695221,1.79609024524689,6.17049898396173,5.22119144796762,0.949307535994112,5.39816270151775,15.0913084592375,31197,NA,NA,0,0,0,0,0,0,0,0,0,0,0,0
"Connecticut","CT",2012,1,0,1,0,1,1,1,1,1,0,1,1,3584379,39.3006553649902,59687,214297085,0,236,194,42,6229,15202,3879,27390,25,1881000,1722000,159000,8.39999961853027,10160,76834,283,2140,0.622732400894165,1.80173659324646,6.5841251720312,5.41237408209344,1.17175108993775,5.46383180502561,15.0920957952539,31269,NA,NA,0,0,0,0,0,0,0,0,0,0,0,0
"Delaware","DE",2002,0,1,0,1,1,0,0,0,0,0,0,1,806169,36.7526168823242,34983,28201812,0,124,104,20,3828,2017,3781,5094,23,423000,405000,18000,4.19999980926514,4836,26967,600,3346,0.987722039222717,2.52553296089172,15.3813902544008,12.9005208585297,2.48086939587109,4.82028156560504,13.6000486769289,8875,NA,NA,0,0,0,0,0,0,0,0,0,0,0,0
"Delaware","DE",2003,1,0,0,1,1,0,0,0,0,0,0,1,818003,36.9365386962891,35516,29052275,0,142,122,20,3865,2028,3841,5203,23,417000,399000,18000,4.40000009536743,5525,27943,675.299987792969,3415.30004882812,0.993790447711945,2.56558179855347,17.3593495378379,14.9143707296917,2.44497880814618,4.95582705760126,13.6146212830598,9044,NA,NA,0,0,0,0,0,0,0,0,0,0,0,0
"Delaware","DE",2004,1,0,0,1,1,0,0,0,0,0,0,1,830803,37.1307792663574,37236,30935836,0,134,115,19,3184,2859,2694,6607,23,426000,409000,17000,3.90000009536743,5105,27256,615,3283.60009765625,0.846105515956879,2.31094789505005,16.1289740167043,13.8420299397089,2.28694407699539,4.89783979995091,13.6301479819549,9301,NA,NA,0,0,0,0,0,0,0,0,0,0,0,0
"Delaware","DE",2005,1,0,0,1,1,0,0,1,0,0,0,1,845150,37.3167839050293,38404,32456749,0,133,120,13,3209,2885,2814,6694,23,440000,421000,19000,4.30000019073486,5332,26245,633,3118,0.876908719539642,2.32027721405029,15.7368514464888,14.198662959238,1.53818848725078,4.89034912822175,13.6472694053783,9508,NA,NA,0,0,0,0,0,0,0,0,0,0,0,0
"Delaware","DE",2006,1,0,0,1,1,0,0,1,0,0,0,1,859268,37.551944732666,40350,34671626,0,148,117,31,3259,2920,2759,6683,23,442000,426000,15000,3.5,5983,29670,701,3476.39990234375,0.84657871723175,2.28869867324829,17.2239627217585,13.6162408003091,3.60772192144942,4.99721227376411,13.6638361429943,9442,NA,NA,0,0,0,0,0,0,0,0,0,0,0,0
"Delaware","DE",2007,1,0,0,1,1,0,0,1,0,0,0,1,871749,37.7379570007324,41030,35767509,0,117,100,17,3278,2964,2809,6674,23,444000,429000,16000,3.5,6100,29216,705.400024414062,3378.5,0.856924951076508,2.25168681144714,13.4212944322276,11.4711918224168,1.95010260981085,4.76217393479776,13.6782568174194,9483,NA,NA,0,0,0,0,0,0,0,0,0,0,0,0
"Delaware","DE",2008,1,0,0,1,1,0,0,1,0,0,0,1,883874,37.9512062072754,41490,36671756,0,121,94,27,3302,2979,2706,6270,23,446000,424000,22000,5,6187,31385,708.599975585938,3594.69995117188,0.819503307342529,2.10473322868347,13.6897340571167,10.6350000113138,3.05473404580291,4.79579054559674,13.6920697975242,8976,NA,NA,0,0,0,0,0,0,0,0,0,0,0,0
"Delaware","DE",2009,1,0,0,1,1,0,0,1,0,0,0,1,891730,38.1314888000488,40841,36419196,0,116,95,21,3313,2994,2742,6338,23,438000,4e+05,37000,8.5,5713,29685,645.400024414062,3353.80004882812,0.827648639678955,2.11690044403076,13.0084218317204,10.6534489139089,2.35497291781145,4.75359019110636,13.7009186751591,9080,NA,NA,0,0,0,0,0,0,0,0,0,0,0,0
"Delaware","DE",2010,1,0,0,1,1,1,1,1,0,0,0,1,899769,38.3274345397949,41072,36957646,0,101,76,25,3346,2991,2779,6169,23,428000,392000,37000,8.5,5608,31078,623.299987792969,3453.89990234375,0.83054393529892,2.06252098083496,11.2251033320775,8.4466124082959,2.77849092378155,4.61512051684126,13.7098933426953,8948,NA,NA,0,0,0,0,0,0,0,0,0,0,0,0
"Delaware","DE",2011,1,0,0,1,1,1,1,1,0,0,0,1,904043,38.6368255615234,42805,38872578,0,99,80,19,3361,2997,2902,6127,23,446000,412000,33000,7.5,5144,31163,566.400024414062,3431.5,0.863433480262756,2.04437780380249,10.9508065434941,8.84913660080328,2.10166994269078,4.59511985013459,13.7146322046148,9029,NA,NA,0,0,0,0,0,0,0,0,0,0,0,0
"Delaware","DE",2012,1,0,0,1,1,1,1,1,0,0,0,1,913104,38.8703460693359,44224,40557643,0,114,81,33,3356,3021,2970,6216,23,448000,415000,32000,7.19999980926514,5020,30639,547.400024414062,3340.89990234375,0.884982109069824,2.05759692192078,12.4848867160805,8.87084056142564,3.61404615465489,4.7361984483945,13.724605063276,9186,NA,NA,0,0,0,0,0,0,0,0,0,0,0,0
"Delaware","DE",1983,0,0,0,1,1,0,0,0,0,0,0,1,605415,34.2215461730957,13481,8162134,0,110,90,20,3774,1506,2153,2733,11,NA,NA,NA,8.07999992370605,2746,30378,453.100006103516,5012.89990234375,0.57048225402832,1.81474101543427,18.1693549053129,14.8658358316196,3.30351907369325,4.70048036579242,13.3136694522697,4886,NA,NA,0,0,0,0,0,0,0,0,0,0,0,0
"Delaware","DE",1984,0,0,0,1,1,0,0,0,0,0,0,1,611517,34.4224662780762,14707,8994320,0,130,104,26,3777,1525,2311,2827,11,NA,NA,NA,6.17999982833862,2671,28021,435.700012207031,4571.10009765625,0.611861288547516,1.85377049446106,21.2586076920184,17.0068861536147,4.25172153840368,4.86753445045558,13.3236980342135,5138,NA,NA,0,0,0,0,0,0,0,0,0,0,0,0
"Delaware","DE",1985,0,0,0,1,1,0,0,0,0,0,0,1,618284,34.5659408569336,15858,9804756,0,104,81,23,3784,1529,2432,2933,11,NA,NA,NA,5.3600001335144,2695,28164,433.299987792969,4528,0.642706155776978,1.91824722290039,16.8207490408938,13.1007756953115,3.71997334558229,4.64439089914137,13.334703177806,5365,NA,NA,0,0,0,0,0,0,0,0,0,0,0,0
"Delaware","DE",1986,0,0,0,1,1,0,0,0,0,0,0,1,627557,34.7090301513672,16619,10429474,0,136,116,20,3790,1542,2600,3162,13,NA,NA,NA,4.32999992370605,2703,27881,427,4404.60009765625,0.686015844345093,2.05058360099792,21.67133822107,18.4843767179714,3.18696150309852,4.91265488573605,13.3495897825161,5762,NA,NA,0,0,0,0,0,0,0,0,0,0,0,0
"Delaware","DE",1987,0,0,0,1,1,0,0,0,0,0,0,1,636957,34.9120903015137,17691,11268444,0,146,122,24,3793,1548,2777,3309,16,NA,NA,NA,3.29999995231628,2774,29032,430.700012207031,4508.10009765625,0.732138156890869,2.13759684562683,22.9214844958137,19.1535692362279,3.76791525958581,4.98360662170834,13.3644574283512,6086,NA,NA,0,0,0,0,0,0,0,0,0,0,0,0
"Delaware","DE",1988,0,0,0,1,1,0,0,0,0,0,0,1,647585,35.0613479614258,19023,12319420,0,160,131,29,3818,1569,2904,3500,16,NA,NA,NA,3.16000008583069,2981,28693,451.700012207031,4347.39990234375,0.760607659816742,2.23072028160095,24.7071812966638,20.2290046866435,4.47817661002031,5.07517381523383,13.3810053380714,6404,NA,NA,0,0,0,0,0,0,0,0,0,0,0,0
"Delaware","DE",1989,0,0,0,1,1,0,0,0,0,0,0,1,658233,35.174129486084,20836,13715493,0,116,97,19,3828,1589,2900,3546,16,NA,NA,NA,3.57999992370605,3745,28998,556.5,4308.7998046875,0.757575750350952,2.23159217834473,17.6229389896891,14.7364231206883,2.88651586900079,4.75359019110636,13.3973142509711,6446,NA,NA,0,0,0,0,0,0,0,0,0,0,0,0
"Delaware","DE",1990,0,0,0,1,1,0,0,0,0,0,0,1,669049,35.4238891601562,21509,14402033,0,138,115,23,3829,1615,2924,3624,16,NA,NA,NA,5.19000005722046,4365,31344,655.200012207031,4705.10009765625,0.763645887374878,2.24396276473999,20.6262919457319,17.1885766214433,3.43771532428865,4.9272536851572,13.4136125800754,6548,NA,NA,0,0,0,0,0,0,0,0,0,0,0,0
"Delaware","DE",1991,0,0,0,1,1,0,0,0,0,0,0,1,680474,35.4912490844727,22300,15232618,0,102,83,19,3869,1643,2880,3841,19,NA,NA,NA,6.26000022888184,4857,35055,714.299987792969,5155.10009765625,0.744378387928009,2.33779668807983,14.9895514009352,12.1973800615453,2.7921713393899,4.62497281328427,13.4305448931432,6721,NA,NA,0,0,0,0,0,0,0,0,0,0,0,0
"Delaware","DE",1992,0,1,0,1,1,0,0,0,0,0,0,1,690101,35.6515617370605,22912,15921943,0,140,120,20,3669,1855,2685,4207,19,NA,NA,NA,5.32999992370605,4280,29126,621.200012207031,4227.2998046875,0.731807053089142,2.26792454719543,20.2868855428408,17.3887590367207,2.89812650612012,4.9416424226093,13.444593242673,6892,NA,NA,0,0,0,0,0,0,0,0,0,0,0,0
"Delaware","DE",1993,0,1,0,1,1,0,0,0,0,0,0,1,700112,35.8443756103516,23418,16542048,0,110,87,23,3675,1869,2688,4207,22,NA,NA,NA,5.34000015258789,4801,29304,685.900024414062,4186.2998046875,0.731428563594818,2.25093626976013,15.7117718307928,12.4265831752634,3.2851886555294,4.70048036579242,13.4589956012269,6895,NA,NA,0,0,0,0,0,0,0,0,0,0,0,0
"Delaware","DE",1994,0,1,0,1,1,0,0,0,0,0,0,1,708925,35.9684982299805,23965,17195737,0,112,89,23,3685,1907,2672,4353,22,NA,NA,NA,4.88000011444092,4549,29971,644.299987792969,4245.2001953125,0.72510176897049,2.28264284133911,15.7985682547519,12.5542194167225,3.24434883802941,4.71849887129509,13.4715050171262,7025,NA,NA,0,0,0,0,0,0,0,0,0,0,0,0
"Delaware","DE",1995,0,1,0,1,1,0,0,0,0,0,0,1,718700,36.2402687072754,24957,18211741,0,121,91,30,3711,1920,2954,4561,23,NA,NA,NA,4.34000015258789,5198,31790,725,4433.7998046875,0.796011865139008,2.37552094459534,16.8359538054821,12.6617503826353,4.17420342284681,4.79579054559674,13.4851993034565,7515,NA,NA,0,0,0,0,0,0,0,0,0,0,0,0
"Delaware","DE",1996,0,1,0,1,1,0,0,0,0,0,0,1,727113,36.4600944519043,26291,19481028,0,116,93,23,3733,1982,2921,4745,23,NA,NA,NA,5.15999984741211,4845,30643,668.299987792969,4226.60009765625,0.782480597496033,2.39404630661011,15.9535037882695,12.7903090716299,3.16319471663964,4.75359019110636,13.4968371777246,7666,NA,NA,0,0,0,0,0,0,0,0,0,0,0,0
"Delaware","DE",1997,0,1,0,1,1,0,0,0,0,0,0,1,735143,36.5989189147949,27077,20348037,0,143,126,17,3741,1981,3129,4878,23,NA,NA,NA,4.03000020980835,5753,36578,785.900024414062,4997,0.836407363414764,2.46239280700684,19.4519977745826,17.1395225146672,2.31247525991542,4.96284463025991,13.5078203170942,8007,NA,NA,0,0,0,0,0,0,0,0,0,0,0,0
"Delaware","DE",1998,0,1,0,1,1,0,0,0,0,0,0,1,744066,36.1812782287598,28930,22083010,0,115,97,18,3749,1983,3266,4938,23,397318,383359,13959,3.51330661773682,5672,34230,762.400024414062,4600.7998046875,0.871165633201599,2.49016642570496,15.4556181844084,13.0364779468488,2.41914023755957,4.74493212836325,13.5198850195582,8204,NA,NA,0,0,0,0,0,0,0,0,0,0,0,0
"Delaware","DE",1999,0,1,0,1,1,0,0,0,0,0,0,1,753538,36.2901382446289,29999,23248811,0,100,86,14,3779,1969,3518,5024,23,389000,375000,14000,3.5,5534,30922,734.400024414062,4103.60009765625,0.930934131145477,2.55154895782471,13.2707308722321,11.4128285501196,1.85790232211249,4.60517018598809,13.5325347270976,8542,NA,NA,0,0,0,0,0,0,0,0,0,0,0,0
"Delaware","DE",2000,0,1,0,1,1,0,0,0,0,0,0,1,786373,36.3704376220703,32097,25240496,0,123,98,25,3796,1985,3267,4973,23,409000,393000,16000,4,5363,29727,684.400024414062,3793.60009765625,0.860642790794373,2.50528955459595,15.6414322465293,12.4622793508933,3.17915289563604,4.81218435537242,13.5751865135532,8240,NA,NA,0,0,0,0,0,0,0,0,0,0,0,0
"Delaware","DE",2001,0,1,0,1,1,0,0,0,0,0,0,1,795699,36.5490074157715,34027,27075509,0,136,116,20,3810,2004,3540,5075,23,419000,404000,15000,3.5,4868,27399,611.099975585938,3439.5,0.929133832454681,2.53243517875671,17.0918902750915,14.5783769993427,2.51351327574874,4.91265488573605,13.5869762526098,8615,NA,NA,0,0,0,0,0,0,0,0,0,0,0,0
"District of Columbia","DC",1985,0,0,0,0,1,0,0,0,0,0,0,0,634543,35.8874282836914,18196,11545965,0,60,34,26,NA,1102,9.99999997475243e-07,3223,15.5,NA,NA,NA,8.36999988555908,10171,39904,1624.80004882812,6374.39990234375,NA,2.92468237876892,9.45562396874601,5.35818691562274,4.09743705312327,4.0943445622221,13.3606603337379,3223.000001,NA,NA,0,0,0,0,0,0,0,0,0,0,0,0
"District of Columbia","DC",1986,0,1,0,0,1,0,0,0,0,0,0,1,638278,35.8914070129395,19006,12130896,0,44,28,16,NA,1102,9.99999997475243e-07,3287,15.5,NA,NA,NA,7.73000001907349,9423,42781,1505.30004882812,6834,NA,2.98275852203369,6.89354795245959,4.38680324247428,2.5067447099853,3.78418963391826,13.3665292040984,3287.000001,NA,NA,0,0,0,0,0,0,0,0,0,0,0,0
"District of Columbia","DC",1987,0,1,0,0,1,0,0,0,0,0,0,1,636934,35.9766387939453,20064,12779361,0,53,24,29,NA,1102,9.99999997475243e-07,3368,15.5,NA,NA,NA,6.3600001335144,10016,42553,1610.30004882812,6841.2998046875,NA,3.05626130104065,8.3211133335636,3.76805132085899,4.55306201270461,3.97029191355212,13.3644213185113,3368.000001,NA,NA,0,0,0,0,0,0,0,0,0,0,0,0
"District of Columbia","DC",1988,0,1,0,0,1,0,0,0,0,0,0,1,630430,36.0415382385254,22268,14038369,0,61,35,26,NA,1102,9.99999997475243e-07,3405,15.5,NA,NA,NA,4.82999992370605,11914,49557,1921.59997558594,7993.10009765625,NA,3.08983659744263,9.67593547261393,5.55176625477849,4.12416921783545,4.11087386417331,13.354157405226,3405.000001,NA,NA,0,0,0,0,0,0,0,0,0,0,0,0
"District of Columbia","DC",1989,0,1,0,0,1,0,0,0,0,0,0,1,624165,36.1164970397949,23971,14961717,0,72,41,31,NA,1102,9.99999997475243e-07,3414,18,NA,NA,NA,5.07999992370605,12937,49235,2141.89990234375,8151.5,NA,3.09800362586975,11.5354113095095,6.5687758845818,4.9666354249277,4.27666611901606,13.3441700354749,3414.000001,NA,NA,0,0,0,0,0,0,0,0,0,0,0,0
"District of Columbia","DC",1990,0,1,0,0,1,0,0,0,0,0,0,1,603768,36.9136543273926,25716,15566386,0,48,29,19,NA,1102,9.99999997475243e-07,3407,18,NA,NA,NA,6.63000011444092,14919,50470,2458.19995117188,8316,NA,3.09165143966675,7.95007353818023,4.80316942931722,3.14690410886301,3.87120101090789,13.3109452971691,3407.000001,NA,NA,0,0,0,0,0,0,0,0,0,0,0,0
"District of Columbia","DC",1991,0,1,0,0,1,0,0,0,0,0,0,1,593820,36.8610496520996,27068,16264648,0,63,38,25,NA,1102,9.99999997475243e-07,3430,18,NA,NA,NA,7.84000015258789,14671,49722,2453.30004882812,8314.7001953125,NA,3.1125226020813,10.6092755380418,6.39924556262841,4.21002997541343,4.14313472639153,13.2943315221188,3430.000001,NA,NA,0,0,0,0,0,0,0,0,0,0,0,0
"District of Columbia","DC",1992,0,1,0,0,1,0,0,0,0,0,0,1,584897,37.0413513183594,28752,17181057,0,50,33,17,NA,1104,9.99999997475243e-07,3562,18,NA,NA,NA,8.5600004196167,16685,50502,2832.80004882812,8574.2001953125,NA,3.22644925117493,8.54851366992821,5.64201902215262,2.90649464777559,3.91202300542815,13.2791910423361,3562.000001,NA,NA,0,0,0,0,0,0,0,0,0,0,0,0
"District of Columbia","DC",1993,0,1,0,1,1,0,0,0,0,0,0,1,577180,37.2308578491211,30075,17903661,0,57,30,27,NA,1107,9.99999997475243e-07,3485,18,NA,NA,NA,8.63000011444092,16888,51091,2921.80004882812,8839.2998046875,NA,3.14814805984497,9.87560206521363,5.19768529748086,4.67791676773277,4.04305126783455,13.2659094552469,3485.000001,NA,NA,0,0,0,0,0,0,0,0,0,0,0,0
"District of Columbia","DC",1994,0,1,0,1,1,0,0,0,0,0,0,1,565796,37.4215431213379,31078,18312617,0,69,44,25,NA,1104,9.99999997475243e-07,3448,18,NA,NA,NA,8.18000030517578,15177,48009,2662.60009765625,8422.599609375,NA,3.12318849563599,12.1952081669011,7.77665448324131,4.41855368365984,4.23410650459726,13.2459888681887,3448.000001,NA,NA,0,0,0,0,0,0,0,0,0,0,0,0
"District of Columbia","DC",1995,0,1,0,1,1,0,0,0,0,0,0,1,552466,37.650447845459,31735,18422635,0,58,44,14,NA,1421,9.99999997475243e-07,3465,20,NA,NA,NA,8.89999961853027,14744,52697,2661.39990234375,9512.099609375,NA,2.43842363357544,10.4983836109371,7.9642910151937,2.53409259574345,4.06044301054642,13.2221471720189,3465.000001,NA,NA,0,0,0,0,0,0,0,0,0,0,0,0
"District of Columbia","DC",1996,0,1,0,1,1,0,0,0,0,0,0,1,539646,38.0677490234375,33509,19179658,0,62,40,22,NA,1413,9.99999997475243e-07,3316,20,NA,NA,NA,8.52999973297119,13411,51188,2469.80004882812,9426.900390625,NA,2.34677982330322,11.4890131678915,7.41226655993003,4.07674660796152,4.12713438504509,13.1986686480144,3316.000001,NA,NA,0,0,0,0,0,0,0,0,0,0,0,0
"District of Columbia","DC",1997,0,1,0,1,1,0,0,0,0,0,0,1,529895,38.3756713867188,35571,20194722,0,60,35,25,NA,1425,9.99999997475243e-07,3326,20,NA,NA,NA,7.92999982833862,10708,41341,2024.19995117188,7814.89990234375,NA,2.33403515815735,11.3229979524245,6.60508213891431,4.71791581351022,4.0943445622221,13.1804341526937,3326.000001,NA,NA,0,0,0,0,0,0,0,0,0,0,0,0
"District of Columbia","DC",1983,0,0,0,0,1,0,0,0,0,0,0,0,632439,35.7238540649414,15772,9974818,0,66,43,23,NA,1102,9.99999997475243e-07,3099,14.8000001907349,NA,NA,NA,11.6000003814697,11933,45843,1915.40002441406,7358.39990234375,NA,2.81215977668762,10.4357890642418,6.79907469336964,3.63671437087213,4.18965474202643,13.3573390522452,3099.000001,NA,NA,0,0,0,0,0,0,0,0,0,0,0,0
"District of Columbia","DC",1984,0,0,0,0,1,0,0,0,0,0,0,0,633382,35.8357276916504,17204,10896831,0,64,31,33,NA,1102,9.99999997475243e-07,3214,15.5,NA,NA,NA,9.0600004196167,10725,42799,1721.5,6869.7998046875,NA,2.9165153503418,10.1044867078635,4.89436074912138,5.21012595874212,4.15888308335967,13.3588289946216,3214.000001,NA,NA,0,0,0,0,0,0,0,0,0,0,0,0
"Florida","FL",1994,0,1,1,1,1,0,0,0,0,0,0,1,13953829,38.9269676208496,22493,320281697,0,2687,2035,652,65084,48394,31727,90262,12.1000003814697,NA,NA,NA,6.57000017166138,160016,991105,1146.80004882812,7103.2001953125,0.487477719783783,1.86514854431152,19.2563632534124,14.5838106515423,4.67255260187007,7.89618060861549,16.4512645088556,121989,1995,-1,0,0,0,0,0,0,0,0,0,0,0,0
"Florida","FL",1993,0,1,0,1,1,0,0,0,0,0,0,1,13712052,38.8647804260254,21837,304130045,0,2636,2022,614,63630,49178,34314,86153,11.8000001907349,NA,NA,NA,7.03999996185303,164975,977363,1206,7145,0.539273917675018,1.75186061859131,19.2239644365409,14.7461517794711,4.47781265706985,7.8770178956224,16.4337857121112,120467,1995,-2,0,0,0,0,1,0,0,0,0,0,0,0
"Florida","FL",2011,1,0,1,1,1,0,0,0,0,0,1,1,19016486,40.4415588378906,39896,761303232,1,2400,1766,634,40288,81471,34812,157043,16.2000007629395,9293000,8366000,927000,10,98198,671200,514.599975585938,3517.39990234375,0.864078640937805,1.92759382724762,12.6206282275285,9.28667893742303,3.33394929010544,7.78322401633604,16.7608168451209,191855,1995,16,0,0,0,0,0,0,0,0,0,0,0,1
"Florida","FL",2001,0,1,1,1,1,0,0,0,0,0,0,1,16356966,39.1903228759766,30564,499932010,1,3012,2390,622,49411,67889,43862,126725,13.6000003814697,7674000,7309000,365000,4.80000019073486,130713,782517,798.299987792969,4779.2001953125,0.887697100639343,1.86664998531342,18.4141728973454,14.6115116947727,3.80266120257265,8.01035958891978,16.6101644196177,170587,1995,6,0,0,0,0,0,0,0,0,0,0,0,1
"Florida","FL",2012,1,0,1,1,1,0,0,0,0,0,1,1,19253236,40.649845123291,41012,792255386,1,2424,1808,616,40333,81496,34505,156869,16.6000003814697,9373000,8586000,787000,8.39999961853027,94087,632988,487.100006103516,3276.69995117188,0.855502963066101,1.92486751079559,12.5900913487998,9.39062919085394,3.19946215794581,7.7931743471892,16.7731897084663,191374,1995,17,0,0,0,0,0,0,0,0,0,0,0,1
"Florida","FL",1987,0,1,0,1,1,0,0,0,0,0,0,1,11997290,38.8027610778809,16618,199365500,0,2839,2138,701,68398,32025,29955,63864,9.69999980926514,NA,NA,NA,5.32999992370605,123168,899167,1024.40002441406,7478.7001953125,0.437951415777206,1.9941920042038,23.6636773804751,17.8206911727565,5.84298620771858,7.95120715647297,16.3001913489148,93819,1995,-8,1,0,0,0,0,0,0,0,0,0,0,0
"Florida","FL",1988,0,1,0,1,1,0,0,0,0,0,0,1,12306396,38.8233985900879,17768,218659366,0,3078,2339,739,56658,47931,29489,75830,9.69999980926514,NA,NA,NA,4.98999977111816,138343,967869,1117.69995117188,7819.89990234375,0.520473718643188,1.58206593990326,25.0113843240539,19.0063768466414,6.00500747741256,8.03203531439882,16.3256296851895,105319,1995,-7,1,0,0,0,0,0,0,0,0,0,0,0
"Florida","FL",2008,0,1,1,1,1,0,0,0,0,0,0,1,18527305,39.7588272094727,39736,736198346,1,2980,2349,631,40366,81020,36044,162572,15.6000003814697,9175000,8618000,558000,6.09999990463257,126256,758889,688.900024414062,4140.5,0.892929673194885,2.00656628608704,16.0843684497017,12.6785843920635,3.40578405763817,7.99967857949945,16.7347561478568,198616,1995,13,0,0,0,0,0,0,0,0,0,0,0,1
"Florida","FL",1984,0,0,0,1,1,0,0,0,0,0,0,0,11039921,38.6366119384766,14033,154925887,0,2814,2071,743,67518,31466,27989,57486,9.69999980926514,NA,NA,NA,6.32999992370605,95270,653429,868,5953.2998046875,0.414541304111481,1.82692432403564,25.4893128311335,18.7591922079877,6.73012062314576,7.94236223767433,16.2170284429905,85475,1995,-11,1,0,0,0,0,0,0,0,0,0,0,0
"Florida","FL",1991,0,1,0,1,1,0,0,0,0,0,0,1,13289691,38.7663116455078,20207,270160317,0,2463,1849,614,61627,47747,32904,80579,11.1999998092651,NA,NA,NA,7.40999984741211,157243,977570,1184.30004882812,7362.89990234375,0.533921837806702,1.687624335289,18.5331622834572,13.9130398140935,4.62012246936366,7.80913539812054,16.4024991798548,113483,1995,-4,0,0,1,0,0,0,0,0,0,0,0,0
"Florida","FL",1992,0,1,0,1,1,0,0,0,0,0,0,1,13501954,38.8350448608398,20976,286331154,0,2427,1835,592,62003,48637,32947,81364,11.6000003814697,NA,NA,NA,8.27999973297119,162827,964533,1207.19995117188,7151,0.531377494335175,1.67288279533386,17.9751760374832,13.5906254753942,4.38455056208901,7.7944112057266,16.4183449736755,114311,1995,-3,0,0,0,1,0,0,0,0,0,0,0,0
"Florida","FL",1983,0,0,0,1,1,0,0,0,0,0,0,0,10749845,38.5154190063477,12950,139213544,0,2686,1983,703,62581,30493,27214,54562,9.69999980926514,NA,NA,NA,8.60999965667725,88292,635934,826.700012207031,5954.39990234375,0.434860408306122,1.78932869434357,24.9864067807489,18.4467776047003,6.53962917604858,7.89580837708318,16.1904018938293,81776,1995,-12,1,0,0,0,0,0,0,0,0,0,0,0
"Florida","FL",2005,0,1,1,1,1,0,0,0,0,0,0,1,17842038,39.4069633483887,36274,647195224,1,3518,2799,719,39468,81089,36887,164644,14.5,8704000,8390000,314000,3.59999990463257,125957,712998,709,4013,0.934605240821838,2.03041100502014,19.7174784629424,15.6876697605957,4.02980870234667,8.1656479252975,16.6970679162597,201531,1995,10,0,0,0,0,0,0,0,0,0,0,0,1
"Florida","FL",2002,0,1,1,1,1,0,0,0,0,0,0,1,16689370,39.2380714416504,31059,518357511,1,3136,2530,606,50933,68852,46495,131872,13.8999996185303,8084000,7642000,442000,5.5,128721,777236,771.200012207031,4656.39990234375,0.912865936756134,1.91529655456543,18.7904037120634,15.1593499335206,3.63105377854287,8.0507033814703,16.6302825477716,178367,1995,7,0,0,0,0,0,0,0,0,0,0,0,1
"Florida","FL",2003,0,1,1,1,1,0,0,0,0,0,0,1,17004085,39.3084869384766,31943,543153288,1,3169,2554,615,51897,68479,49501,136010,14.1000003814697,8164000,7744000,420000,5.09999990463257,124280,757696,731.099975585938,4457.2998046875,0.953831613063812,1.98615634441376,18.6366981816428,15.0199202132899,3.6167779683529,8.06117135969092,16.6489641672721,185511,1995,8,0,0,0,0,0,0,0,0,0,0,0,1
"Florida","FL",2004,0,1,1,1,1,0,0,0,0,0,0,1,17415318,39.3604850769043,34068,593302390,1,3244,2617,627,41256,78269,36297,160147,14.3000001907349,8411000,8021000,390000,4.59999990463257,123754,727141,711.799987792969,4182.5,0.87979930639267,2.04611015319824,18.6272797315559,15.0270009425036,3.60027878905226,8.0845624152353,16.6728607217361,196444,1995,9,0,0,0,0,0,0,0,0,0,0,0,1
"Florida","FL",1996,0,1,1,1,1,0,0,0,0,0,0,1,14424868,39.1027679443359,24641,365997993,1,2753,2102,651,66083,48339,33500,96504,12.5,NA,NA,NA,5.05999994277954,151350,928273,1051,6446.2998046875,0.506938219070435,1.99640047550201,19.0850966539174,14.5720570891879,4.51303956472947,7.92044650514261,16.4844642195367,130004,1995,1,0,0,0,0,0,0,1,0,0,0,0,0
"Florida","FL",2009,1,0,1,1,1,0,0,0,0,0,1,1,18652644,39.9874534606934,37340,696486706,1,2560,1969,591,40366,81020,35612,160767,16.1000003814697,9093000,8152000,942000,10.3999996185303,113541,712010,612.5,3840.80004882812,0.882227599620819,1.98428785800934,13.7245958267364,10.5561442120484,3.16845161468798,7.84776253747361,16.7414984634428,196379,1995,14,0,0,0,0,0,0,0,0,0,0,0,1
"Florida","FL",2007,0,1,1,1,1,0,0,0,0,0,0,1,18367842,39.560432434082,39838,731746187,1,3213,2546,667,40256,81271,38044,168077,15.3000001907349,9163000,8791000,371000,4.09999990463257,131878,746249,722.599975585938,4088.80004882812,0.945051670074463,2.06810545921326,17.492528518048,13.861181950498,3.63134656754996,8.07496035911586,16.7261119761481,206121,1995,12,0,0,0,0,0,0,0,0,0,0,0,1
"Florida","FL",2010,1,0,1,1,1,0,0,0,0,0,1,1,18843326,40.1792907714844,38493,725436258,1,2444,1854,590,40189,81513,35403,160352,16,9089000,8083000,1006000,11.1000003814697,101969,669035,541.299987792969,3551.39990234375,0.880912661552429,1.96719539165497,12.9701094169893,9.83902735642317,3.13108206056617,7.80139132029149,16.7516693508094,195755,1995,15,0,0,0,0,0,0,0,0,0,0,0,1
"Florida","FL",1999,0,1,1,1,1,0,0,0,0,0,0,1,15111244,39.0482749938965,27873,439260618,1,2920,2298,622,67636,48321,37377,104526,13.1000003814697,7366000,7082000,284000,3.90000009536743,129044,808674,854,5351.5,0.552619934082031,2.1631588935852,19.3233594798681,15.2072192071017,4.11614027276643,7.97933889526233,16.5309496604431,141903,1995,4,0,0,0,0,0,0,0,0,0,1,0,0
"Florida","FL",1997,0,1,1,1,1,0,0,0,0,0,0,1,14677181,39.1695823669434,25525,387625072,1,2785,2123,662,66251,48321,34507,99500,12.8000001907349,NA,NA,NA,4.76000022888184,149996,915613,1023.59997558594,6248.2001953125,0.520852506160736,2.05914616584778,18.9750334209274,14.4646305036369,4.51040291729045,7.93200315236138,16.5018045327378,134007,1995,2,0,0,0,0,0,0,0,1,0,0,0,0
"Florida","FL",1985,0,0,0,1,1,0,0,0,0,0,0,1,11351122,38.7098579406738,15004,170315749,0,2832,2082,750,67338,31733,28638,59418,9.69999980926514,NA,NA,NA,5.98999977111816,106971,753918,941.099975585938,6633.10009765625,0.425287365913391,1.87243568897247,24.949075518702,18.3417991631136,6.60727635558846,7.94873845481361,16.2448271516314,88056,1995,-10,1,0,0,0,0,0,0,0,0,0,0,0
"Florida","FL",1995,0,1,1,1,1,0,0,0,0,0,0,1,14180200,38.9981727600098,23666,344059964,1,2805,2096,709,65440,48338,32403,95398,12.3000001907349,NA,NA,NA,5.48999977111816,151711,939288,1071,6630.60009765625,0.495155870914459,1.97356116771698,19.7811032284453,14.7811737493124,4.99992947913288,7.9391588179568,16.4673571833411,127801,1995,0,0,0,0,0,0,1,0,0,0,0,0,0
"Florida","FL",2000,0,1,1,1,1,0,0,0,0,0,0,1,16047515,39.1499137878418,29570,474532877,1,2999,2408,591,67424,49227,38100,114036,13.3000001907349,7490000,7221000,269000,3.59999990463257,129777,780377,812,4882.7001953125,0.56508070230484,2.31653356552124,18.6882517324333,15.0054385367454,3.68281319568793,8.00603417874901,16.5910645668927,152136,1995,5,0,0,0,0,0,0,0,0,0,0,1,0
"Florida","FL",2006,0,1,1,1,1,0,0,0,0,0,0,1,18166990,39.4289665222168,38712,703287635,1,3357,2658,699,40206,81790,37682,166059,14.8999996185303,9035000,8744000,291000,3.20000004768372,129602,721101,716.400024414062,3986.19995117188,0.937223315238953,2.03030943870544,18.4785701979249,14.630932256802,3.84763794112288,8.11880299698004,16.7151167689721,203741,1995,11,0,0,0,0,0,0,0,0,0,0,0,1
"Florida","FL",1986,0,0,0,1,1,0,0,0,0,0,0,1,11667504,38.7351837158203,15787,184197417,0,2831,2122,709,67090,31984,26431,60842,9.69999980926514,NA,NA,NA,5.73999977111816,121013,839651,1036.5,7191.89990234375,0.39396333694458,1.90226364135742,24.2639728257218,18.1872661025014,6.07670672322032,7.9483852851119,16.2723180996387,87273,1995,-9,1,0,0,0,0,0,0,0,0,0,0,0
"Florida","FL",1990,0,1,0,1,1,0,0,0,0,0,0,1,13018644,38.6966133117676,19945,259952130,0,2891,2168,723,60051,48034,31968,78029,10.8999996185303,NA,NA,NA,6.03000020980835,160990,978944,1244.30004882812,7566.5,0.532347500324249,1.6244535446167,22.206613837816,16.6530400554774,5.55357378233862,7.96935774201635,16.3818930418555,109997,1995,-5,0,1,0,0,0,0,0,0,0,0,0,0
"Florida","FL",1998,0,1,1,1,1,0,0,0,0,0,0,1,14908230,38.9289207458496,27025,418527171,1,2825,2184,641,67079,48337,35644,101851,13,7572640,7232350,340290,4.49367713928223,140016,887107,938.700012207031,5947.39990234375,0.53137344121933,2.10710215568542,18.9492649362131,14.6496264144033,4.29963852180977,7.94626364358054,16.5174239674204,137495,1995,3,0,0,0,0,0,0,0,0,1,0,0,0
"Florida","FL",1989,0,1,0,1,1,0,0,0,0,0,0,1,12637709,38.8744239807129,19310,244034746,0,2984,2239,745,59305,48650,31385,77492,9.69999980926514,NA,NA,NA,5.63000011444092,140575,975042,1109.40002441406,7695.10009765625,0.52921336889267,1.59284687042236,23.6118745889781,17.7168187683385,5.89505582063964,8.00101996132365,16.3521956802552,108877,1995,-6,1,0,0,0,0,0,0,0,0,0,0,0
"Georgia","GA",2009,1,0,1,0,1,0,0,0,0,0,1,1,9620846,35.4113273620605,34330,330287136,1,1292,1114,178,83023,38609,38681,70577,7.5,4798000,4329000,469000,9.80000019073486,42073,360985,428,3672.60009765625,0.465907037258148,1.82799351215363,13.429172444918,11.57902330003,1.85014914488809,7.16394668434255,16.0794427605632,109258,1995,14,0,0,0,0,0,0,0,0,0,0,0,1
"Georgia","GA",1985,0,0,0,0,0,0,0,0,0,0,0,0,5962668,33.2022361755371,13144,78371995,0,1361,1130,231,86521,19736,25495,28218,7.5,NA,NA,NA,6.53000020980835,30311,275070,507.200012207031,4602.89990234375,0.294668346643448,1.42977297306061,22.8253526776939,18.9512479983792,3.8741046793147,7.21597500265147,15.6010285898824,53713,1995,-10,1,0,0,0,0,0,0,0,0,0,0,0
"Georgia","GA",2008,1,0,1,0,1,0,0,0,0,0,1,1,9504843,35.1859397888184,35761,339900470,1,1495,1323,172,83261,38614,38491,70566,7.5,4884000,4569000,315000,6.40000009536743,47353,387917,488.899993896484,4005,0.462293267250061,1.82747185230255,15.7288237164991,13.9192199176778,1.8096037988213,7.30988148582479,16.0673120161459,109057,1995,13,0,0,0,0,0,0,0,0,0,0,0,1
"Georgia","GA",1984,0,0,0,0,0,0,0,0,0,0,0,0,5834957,33.103385925293,12248,71465624,0,1410,1195,215,86614,18919,24830,25656,7.5,NA,NA,NA,6.01000022888184,27935,234621,478.600006103516,4019.5,0.286674201488495,1.35609710216522,24.164702499093,20.4800138201533,3.68468867893971,7.25134498337221,15.5793774543526,50486,1995,-11,1,0,0,0,0,0,0,0,0,0,0,0
"Georgia","GA",1983,0,0,0,0,0,0,0,0,0,0,0,0,5728254,32.9332847595215,11012,63080982,0,1296,1078,218,86540,18415,24369,24468,7.5,NA,NA,NA,7.48999977111816,26179,232062,456.700012207031,4048.5,0.281592339277267,1.32869946956635,22.6246950641504,18.8189979005819,3.80569716356851,7.16703787691222,15.5609213302149,48837,1995,-12,1,0,0,0,0,0,0,0,0,0,0,0
"Georgia","GA",2004,1,0,1,0,1,0,0,0,0,0,1,1,8769252,34.5680770874023,31511,276326000,1,1634,1456,178,80503,36412,43995,68625,7.5,4399000,4194000,205000,4.69999980926514,40217,376656,451,4223.5,0.546501398086548,1.88468086719513,18.6332882211619,16.6034685740585,2.02981964710331,7.39878627541995,15.9867620699469,112620,1995,9,0,0,0,0,0,0,0,0,0,0,0,1
"Georgia","GA",1987,0,0,0,0,0,0,0,0,0,0,0,1,6208470,33.4336624145508,14824,92034657,0,1599,1360,239,86594,20173,27649,32644,7.5,NA,NA,NA,5.46999979019165,35868,324511,576.5,5215.5,0.319294631481171,1.61820256710052,25.7551377392498,21.9055580521449,3.84957968710487,7.37713371283395,15.6414250467423,60293,1995,-8,1,0,0,0,0,0,0,0,0,0,0,0
"Georgia","GA",1996,0,1,0,0,0,0,0,0,0,0,0,1,7334183,34.5256843566895,23340,175077195,1,1573,1397,176,85091,26655,36887,52245,7.5,NA,NA,NA,4.59999990463257,46966,416986,638.700012207031,5671,0.433500617742538,1.96004498004913,21.4475150129196,19.0477930534321,2.39972195948751,7.36073990305828,15.8080565795792,89132,1995,1,0,0,0,0,0,0,1,0,0,0,0,0
"Georgia","GA",1995,0,1,0,0,0,0,0,0,0,0,0,1,7188510,34.4150772094727,22115,162069869,1,1488,1301,187,84871,26402,35562,49822,7.5,NA,NA,NA,4.86999988555908,47317,385005,657.099975585938,5346.5,0.419012397527695,1.88705396652222,20.6996999378174,18.0983263569224,2.60137358089507,7.30518821539304,15.7879944759546,85384,1995,0,0,0,0,0,0,1,0,0,0,0,0,0
"Georgia","GA",1990,0,1,0,0,0,0,0,0,0,0,0,1,6506377,33.8595314025879,17732,115480870,0,1562,1368,194,87873,21728,33681,39065,7.5,NA,NA,NA,5.53000020980835,48996,389165,756.299987792969,6007.2998046875,0.383291810750961,1.79791057109833,24.0072163048652,21.0255261876156,2.98169011724958,7.35372233039963,15.6882933308475,72746,1995,-5,0,1,0,0,0,0,0,0,0,0,0,0
"Georgia","GA",2006,1,0,1,0,1,0,0,0,0,0,1,1,9155813,34.8846397399902,34410,315047516,1,1693,1512,181,80874,37326,41672,71860,7.5,4739000,4519000,220000,4.59999990463257,44754,362712,477.899993896484,3873.5,0.51527065038681,1.92519962787628,18.490984907621,16.5140987479757,1.97688615964524,7.43425738213314,16.0298995360802,113532,1995,11,0,0,0,0,0,0,0,0,0,0,0,1
"Georgia","GA",1986,0,0,0,0,0,0,0,0,0,0,0,1,6084660,33.3027687072754,14055,85518525,0,1530,1290,240,86762,19845,25944,30889,7.5,NA,NA,NA,5.92999982833862,35869,297130,587.599975585938,4867.7998046875,0.299024909734726,1.55651295185089,25.145201210914,21.2008559229275,3.94434528798651,7.33302301438648,15.62128140774,56833,1995,-9,1,0,0,0,0,0,0,0,0,0,0,0
"Georgia","GA",2007,1,0,1,0,1,0,0,0,0,0,1,1,9349988,35.0117683410645,35548,332374171,1,1641,1469,172,81096,37682,41396,71145,7.5,4838000,4629000,209000,4.30000019073486,46917,371248,491.5,3889.60009765625,0.510456740856171,1.88803672790527,17.55082466416,15.7112501106953,1.83957455346467,7.40306109109009,16.0508856178416,112541,1995,12,0,0,0,0,0,0,0,0,0,0,0,1
"Georgia","GA",1997,1,0,1,0,0,0,0,0,0,0,0,1,7489982,34.6350784301758,24260,186443377,1,1577,1370,207,85091,26737,39199,54118,7.5,NA,NA,NA,4.53999996185303,45408,388155,606.599975585938,5185.10009765625,0.46067151427269,2.02408647537231,21.0547902518324,18.2910986968994,2.76369155493298,7.36327958696304,15.8290769522862,93317,1995,2,0,0,0,0,0,0,0,1,0,0,0,0
"Georgia","GA",1992,0,1,0,0,0,0,0,0,0,0,0,1,6760049,34.0948753356934,19251,131234717,0,1315,1118,197,84643,26147,32172,45732,7.5,NA,NA,NA,6.98000001907349,49496,382934,733.200012207031,5672.2998046875,0.38009050488472,1.74903428554535,19.4525217198869,16.5383416599495,2.91418005993744,7.18159194461187,15.7265406965136,77904,1995,-3,0,0,0,1,0,0,0,0,0,0,0,0
"Georgia","GA",2003,1,0,1,0,1,0,0,0,0,0,1,1,8622793,34.4553298950195,30486,262872489,1,1603,1425,178,87975,28558,50624,58622,7.5,4414000,4207000,207000,4.69999980926514,39435,369589,454.5,4259.7001953125,0.575436174869537,2.05273485183716,18.5902641986187,16.5259678621532,2.06429633646546,7.37963215260955,15.9699196040798,109246,1995,8,0,0,0,0,0,0,0,0,0,0,0,1
"Georgia","GA",1998,1,0,0,0,1,0,0,0,0,0,0,1,7636522,34.1064453125,26007,204504461,1,1568,1374,194,86183,27369,40618,56412,7.5,4029248,3861650,167598,4.15953540802002,43762,373717,572.700012207031,4890.2998046875,0.471299439668655,2.06116414070129,20.5329075199417,17.9924840130101,2.54042350693156,7.35755620091035,15.8484528218894,97030,1995,3,0,0,0,0,0,0,0,0,1,0,0,0
"Georgia","GA",1999,1,0,0,0,1,0,0,0,0,0,1,1,7788240,34.2224731445312,27099,218041177,1,1508,1323,185,86434,27458,42904,55955,7.5,4088000,3925000,163000,4,41585,359383,533.900024414062,4614.39990234375,0.496378749608994,2.03783965110779,19.3625260649389,16.987149856707,2.3753762082319,7.3185395485679,15.8681254616404,98859,1995,4,0,0,0,0,0,0,0,0,0,1,0,0
"Georgia","GA",2000,1,0,0,0,1,0,0,0,0,0,1,1,8227303,34.0755767822266,28672,235896210,1,1541,1376,165,87120,27606,47523,57487,7.5,4173000,4019000,154000,3.70000004768372,41319,347630,504.700012207031,4246.39990234375,0.545488953590393,2.08240962028503,18.7303178210405,16.72480033858,2.00551748246053,7.34018683532012,15.922968815423,105010,1995,5,0,0,0,0,0,0,0,0,0,0,1,0
"Georgia","GA",1993,0,1,0,0,0,0,0,0,0,0,0,1,6895071,34.179443359375,19975,139391348,0,1394,1181,213,84605,26274,32038,46388,7.5,NA,NA,NA,5.82999992370605,50019,378348,723.099975585938,5469.7998046875,0.378677397966385,1.76554763317108,20.2173407641488,17.1281775053513,3.08916325879748,7.23993259132047,15.7463173664734,78426,1995,-2,0,0,0,0,1,0,0,0,0,0,0,0
"Georgia","GA",1989,0,1,0,0,0,0,0,0,0,0,0,1,6411085,33.585865020752,16865,108122199,0,1632,1394,238,87345,20665,33769,41936,7.5,NA,NA,NA,5.55000019073486,47357,407868,735.799987792969,6337.2998046875,0.386616289615631,2.02932500839233,25.4559095691291,21.7435894236311,3.71232014549799,7.39756153552405,15.6735390813435,75705,1995,-6,1,0,0,0,0,0,0,0,0,0,0,0
"Georgia","GA",1994,0,1,0,0,0,0,0,0,0,0,0,1,7045888,34.3039474487305,20989,150218176,0,1425,1240,185,84856,26396,33905,48917,7.5,NA,NA,NA,5.17999982833862,47103,376926,667.700012207031,5342.7001953125,0.399559259414673,1.85319745540619,20.2245621843549,17.598917269193,2.62564491516186,7.26192709270275,15.7679547422134,82822,1995,-1,0,0,0,0,0,0,0,0,0,0,0,0
"Georgia","GA",2010,1,0,1,0,1,1,0,1,0,0,1,1,9712587,35.6336822509766,34343,333632664,1,1247,1055,192,83093,39824,36770,74953,7.5,4744000,4238000,506000,10.6999998092651,39068,353449,402.299987792969,3639.19995117188,0.442516207695007,1.8821063041687,12.8390098333225,10.8621935638775,1.976816269445,7.12849594568004,16.0889332311469,111723,1995,15,0,0,0,0,0,0,0,0,0,0,0,1
"Georgia","GA",1988,0,1,0,0,0,0,0,0,0,0,0,1,6316153,33.5074729919434,15882,100313741,0,1654,1404,250,87050,20338,29327,32935,7.5,NA,NA,NA,5.82999992370605,42589,362376,665.299987792969,5661.2001953125,0.336898326873779,1.61938238143921,26.1868260632698,22.2287205518929,3.95810551137694,7.41095187558364,15.6586208782568,62262,1995,-7,1,0,0,0,0,0,0,0,0,0,0,0
"Georgia","GA",2001,1,0,0,0,1,0,0,0,0,0,1,1,8377038,34.163330078125,29572,247724269,1,1647,1466,181,87380,28154,49690,58207,7.5,4132000,3966000,165000,4,41671,347872,495.700012207031,4138.5,0.568665623664856,2.06745052337646,19.6608872969181,17.500219051173,2.16066824574509,7.40671073017764,15.9410049493558,107897,1995,6,0,0,0,0,0,0,0,0,0,0,0,1
"Georgia","GA",2002,1,0,1,0,1,0,0,0,0,0,1,1,8508256,34.2957191467285,29885,254273018,1,1524,1345,179,87458,28320,49765,58556,7.5,4292000,4071000,221000,5.09999990463257,39271,346559,459.600006103516,4056.19995117188,0.569015979766846,2.06765532493591,17.9120139309395,15.8081750243528,2.10383890658673,7.32909373624659,15.9565475441773,108321,1995,7,0,0,0,0,0,0,0,0,0,0,0,1
"Georgia","GA",2005,1,0,1,0,1,0,0,0,0,0,1,1,8925922,34.7379837036133,33002,294569367,1,1729,1547,182,80658,36987,41682,71827,7.5,4583000,4334000,249000,5.40000009536743,40725,378534,446,4145,0.516774535179138,1.94195258617401,19.3705479389132,17.3315428927118,2.03900504620139,7.45529848568329,16.0044701856165,113509,1995,10,0,0,0,0,0,0,0,0,0,0,0,1
"Georgia","GA",1991,0,1,0,0,0,0,0,0,0,0,0,1,6622926,33.9618911743164,18193,121039193,0,1389,1207,182,88425,22057,34448,38557,7.5,NA,NA,NA,5.03999996185303,48894,381165,738.200012207031,5755.2001953125,0.389573097229004,1.74806189537048,20.9726033478254,18.2245732475344,2.74803010029102,7.23633934275434,15.7060478242203,73005,1995,-4,0,0,1,0,0,0,0,0,0,0,0,0
"Georgia","GA",2012,1,0,1,0,1,1,0,1,0,0,1,1,9850668,36.1669311523438,37449,371487864,1,1192,1004,188,85047,40476,35111,72378,7.5,4819000,4379000,440000,9.10000038146973,37591,338329,378.899993896484,3410.60009765625,0.412842303514481,1.78817081451416,12.1007022061854,10.1922021938005,1.90850001238495,7.0833878476253,16.1030498281077,107489,1995,17,0,0,0,0,0,0,0,0,0,0,0,1
"Georgia","GA",2011,1,0,1,0,1,1,0,1,0,0,1,1,9741112,35.9287948608398,36366,356836412,1,1226,1074,152,83548,39998,36163,72290,7.5,4743000,4263000,480000,10.1000003814697,36762,357235,374.600006103516,3640.60009765625,0.432841002941132,1.80734038352966,12.5858320898066,11.0254352891128,1.5603968006938,7.11151211649616,16.0918658374798,108453,1995,16,0,0,0,0,0,0,0,0,0,0,0,1
"Hawaii","HI",2003,1,0,1,1,1,0,0,0,0,0,0,1,1251154,37.3340301513672,31814,39803892,0,133,104,29,2181,2127,2771,6541,16,618000,592000,27000,4.30000019073486,3400,65867,272.299987792969,5274.60009765625,1.2705180644989,3.07522320747375,10.630186212089,8.31232606058087,2.31786015150813,4.89034912822175,14.0395768833915,9312,NA,NA,0,0,0,0,0,0,0,0,0,0,0,0
"Hawaii","HI",2004,1,0,1,1,1,0,0,0,0,0,0,1,1273569,37.5102272033691,33820,43072469,0,142,104,38,2182,2136,2844,6881,16,612000,591000,21000,3.40000009536743,3213,60525,254.600006103516,4795.5,1.30339133739471,3.22144198417664,11.1497688778543,8.16602791054117,2.98374096731312,4.95582705760126,14.0573337533238,9725,NA,NA,0,0,0,0,0,0,0,0,0,0,0,0
"Hawaii","HI",2005,1,0,1,1,1,0,0,0,0,0,0,1,1292729,37.6987991333008,35685,46130670,0,140,100,40,2034,2287,2438,7645,16,635000,616000,18000,2.90000009536743,3253,61115,256,4800,1.19862341880798,3.34280705451965,10.8298026887306,7.73557334909328,3.09422933963731,4.9416424226093,14.0722660456864,10083,NA,NA,0,0,0,0,0,0,0,0,0,0,0,0
"Hawaii","HI",2006,1,0,1,1,1,0,0,0,0,0,0,1,1309731,37.8596534729004,37876,49607512,0,161,125,36,2040,2290,2463,7719,16,645000,628000,17000,2.70000004768372,3608,54247,280.700012207031,4219.89990234375,1.2073529958725,3.3707423210144,12.2926005416379,9.54394451990523,2.74865602173271,5.08140436498446,14.08533233058,10182,NA,NA,0,0,0,0,0,0,0,0,0,0,0,0
"Hawaii","HI",2007,1,0,1,1,1,0,0,0,0,0,0,1,1315675,38.0964393615723,40043,52683981,0,138,106,32,2041,2300,2487,7858,17,649000,630000,19000,2.90000009536743,3544,52866,276.100006103516,4119.2998046875,1.21852028369904,3.41652178764343,10.4889125353906,8.05670093298117,2.43221160240941,4.9272536851572,14.0898603998813,10345,NA,NA,0,0,0,0,0,0,0,0,0,0,0,0
"Hawaii","HI",2008,1,0,1,1,1,0,0,0,0,0,0,1,1332213,38.2601852416992,41452,55222992,0,107,84,23,2052,2310,2505,7773,17,654000,627000,27000,4.19999980926514,3510,45944,272.5,3566.5,1.22076022624969,3.36493515968323,8.0317486768257,6.30529802666691,1.7264506501588,4.67282883446191,14.1023520272082,10278,NA,NA,0,0,0,0,0,0,0,0,0,0,0,0
"Hawaii","HI",2009,1,0,1,1,1,0,0,0,0,0,0,1,1346717,38.4289093017578,41335,55666358,0,109,90,19,2052,2318,2423,7550,17,632000,585000,47000,7.40000009536743,3550,47516,274.100006103516,3668.69995117188,1.18079924583435,3.25711822509766,8.09375689175974,6.68291853448052,1.41083835727922,4.69134788222914,14.1131803368084,9973,NA,NA,0,0,0,0,0,0,0,0,0,0,0,0
"Hawaii","HI",2010,1,0,1,1,1,0,0,0,0,0,0,1,1363621,38.6966209411621,41654,56827238,0,113,84,29,2050,2345,2424,7571,17,623000,579000,43000,7,3603,45667,264.299987792969,3349.60009765625,1.18243896961212,3.22857141494751,8.28676003082968,6.16006940344861,2.12669062738107,4.72738781871234,14.125654219538,9995,NA,NA,0,0,0,0,0,0,0,0,0,0,0,0
"Hawaii","HI",2011,1,0,1,1,1,0,0,0,1,0,1,1,1335513,38.9539031982422,43606,60095000,0,100,75,25,2050,2355,2398,7668,17,668000,619000,49000,7.30000019073486,3465,43874,251.399993896484,3183.60009765625,1.16975605487823,3.2560510635376,7.48775938534481,5.61581953900861,1.8719398463362,4.60517018598809,14.1048260456667,10066,NA,NA,0,0,0,0,0,0,0,0,0,0,0,0
"Hawaii","HI",2012,1,0,1,1,1,0,0,0,1,0,1,1,1346197,39.043773651123,44767,62329613,0,126,97,29,2052,2364,2407,7642,17,646000,607000,39000,6,3330,42817,239.199996948242,3075.19995117188,1.17300200462341,3.23265647888184,9.35969995476145,7.20548329850683,2.15421665625462,4.83628190695148,14.1127941380612,10049,NA,NA,0,0,0,0,0,0,0,0,0,0,0,0
"Hawaii","HI",1983,0,0,0,0,0,0,0,0,0,0,0,0,1012717,32.7169303894043,14237,14418432,0,141,113,28,2945,1352,1700,4173,8.5,NA,NA,NA,6.36999988555908,2579,56853,252.100006103516,5557.5,0.577249586582184,3.08653855323792,13.9229419472567,11.1581024116313,2.76483953562545,4.94875989037817,13.828147375987,5873,NA,NA,0,0,0,0,0,0,0,0,0,0,0,0
"Hawaii","HI",1984,0,0,0,0,0,0,0,0,0,0,0,0,1027935,32.9384651184082,15033,15452778,0,138,110,28,2633,1424,1973,4532,8.5,NA,NA,NA,5.71999979019165,2409,54573,231.899993896484,5252.5,0.74933534860611,3.18258428573608,13.4249733689387,10.7010657288642,2.72390764007452,4.9272536851572,13.8430624934262,6505,NA,NA,0,0,0,0,0,0,0,0,0,0,0,0
"Hawaii","HI",1985,0,0,0,0,0,0,0,0,0,0,0,0,1039683,33.1608581542969,15824,16452104,0,126,101,25,2577,1362,2270,4492,11,NA,NA,NA,5.63000011444092,2313,52501,219.399993896484,4981.10009765625,0.880869209766388,3.29809093475342,12.1190786037667,9.71449951571777,2.40457908804895,4.83628190695148,13.8544264169619,6762,NA,NA,0,0,0,0,0,0,0,0,0,0,0,0
"Hawaii","HI",1986,1,0,0,0,0,0,0,0,0,0,0,1,1051759,33.4808578491211,16607,17466509,0,120,89,31,2658,1382,2154,4817,11,NA,NA,NA,4.88000011444092,2604,57626,245.199996948242,5426.2001953125,0.81038373708725,3.48552823066711,11.4094578701014,8.46201458699189,2.94744328310953,4.78749174278205,13.8659745585828,6971,NA,NA,0,0,0,0,0,0,0,0,0,0,0,0
"Hawaii","HI",1987,1,0,0,0,0,0,0,0,0,0,0,1,1067911,33.8161849975586,17437,18621398,0,139,101,38,2675,1395,2202,5016,11,NA,NA,NA,3.89000010490417,2851,60157,263.299987792969,5554.7001953125,0.823177576065063,3.59569883346558,13.0160659455704,9.45771698203315,3.55834896353722,4.93447393313069,13.8812149616965,7218,NA,NA,0,0,0,0,0,0,0,0,0,0,0,0
"Hawaii","HI",1988,1,0,0,0,0,0,0,0,0,0,0,1,1079823,34.1053123474121,18942,20454251,0,148,115,33,2676,1405,2330,5089,11,NA,NA,NA,3.07999992370605,2810,62650,257.100006103516,5731.89990234375,0.870702564716339,3.62206411361694,13.7059499566133,10.6498935473684,3.05605640924485,4.99721227376411,13.8923076967803,7419,NA,NA,0,0,0,0,0,0,0,0,0,0,0,0
"Hawaii","HI",1989,1,0,0,0,0,0,0,0,0,0,0,1,1094584,34.3718566894531,20880,22854598,0,149,113,36,2663,1419,2445,5305,11,NA,NA,NA,2.48000001907349,3004,66723,270.100006103516,6000.2998046875,0.918137431144714,3.73854827880859,13.6124774343495,10.3235567119563,3.28892072239316,5.00394630594546,13.9058849403734,7750,NA,NA,0,0,0,0,0,0,0,0,0,0,0,0
"Hawaii","HI",1990,1,0,0,0,1,0,0,0,0,0,0,1,1112772,34.8789749145508,22381,24920974,0,177,138,39,2587,1512,2810,5256,11,NA,NA,NA,2.9300000667572,3113,64563,280.899993896484,5825.7998046875,1.08620023727417,3.4761905670166,15.9062233772956,12.4014622941627,3.50476108313293,5.17614973257383,13.9223647575207,8066,NA,NA,0,0,0,0,0,0,0,0,0,0,0,0
"Hawaii","HI",1991,1,0,0,0,1,0,0,0,0,0,0,1,1132040,34.9796752929688,23188,26358600,0,135,107,28,2595,1507,2874,5269,16,NA,NA,NA,2.77999997138977,2744,65020,241.800003051758,5728.60009765625,1.10751450061798,3.49635028839111,11.9253736617081,9.45196282816862,2.47341083353945,4.90527477843843,13.93953187281,8143,NA,NA,0,0,0,0,0,0,0,0,0,0,0,0
"Hawaii","HI",1992,1,0,0,0,1,0,0,0,0,0,0,1,1151344,35.177173614502,24526,28416373,0,129,98,31,2307,1799,2148,5918,16,NA,NA,NA,4.55000019073486,2998,67901,258.399993896484,5853.5,0.93107932806015,3.28960537910461,11.2042968912853,8.5117914367904,2.69250545449492,4.85981240436167,13.9564405135985,8066,NA,NA,0,0,0,0,0,0,0,0,0,0,0,0
"Hawaii","HI",1993,1,0,0,0,1,0,0,0,0,0,0,1,1163835,35.34814453125,25122,29463992,0,134,110,24,2307,1799,2159,5915,16,NA,NA,NA,4.28000020980835,3061,70505,261.200012207031,6015.7998046875,0.935847401618958,3.2879376411438,11.5136595823291,9.45151159743434,2.06214798489477,4.89783979995091,13.9672311446484,8074,NA,NA,0,0,0,0,0,0,0,0,0,0,0,0
"Hawaii","HI",1994,1,0,0,0,1,0,0,0,0,0,0,1,1176078,35.5265808105469,25357,30111870,0,122,92,30,2293,1813,2060,5875,16,NA,NA,NA,6.07000017166138,3091,75672,262.200012207031,6418.2998046875,0.898386418819427,3.24048542976379,10.373461624144,7.82261040509218,2.5508512190518,4.80402104473326,13.9776957317718,7935,NA,NA,0,0,0,0,0,0,0,0,0,0,0,0
"Hawaii","HI",1995,1,0,0,0,1,0,0,0,0,0,0,1,1183066,35.7653923034668,25702,30761850,0,130,96,34,2293,1840,2098,5847,16,NA,NA,NA,5.86999988555908,3509,81938,295.600006103516,6902.89990234375,0.914958596229553,3.17771744728088,10.9883979422957,8.11450924969528,2.87388869260041,4.86753445045558,13.9836199317678,7945,NA,NA,0,0,0,0,0,0,0,0,0,0,0,0
"Hawaii","HI",1996,1,0,0,0,1,0,0,0,0,0,0,1,1187283,36.0712394714355,25559,30766760,0,148,114,34,2291,1851,2158,5872,16,NA,NA,NA,6.38000011444092,3322,74639,280.600006103516,6304,0.941946744918823,3.17233920097351,12.4654357891084,9.60175459431323,2.86368119479518,4.99721227376411,13.9871780613504,8030,NA,NA,0,0,0,0,0,0,0,0,0,0,0,0
"Hawaii","HI",1997,1,0,1,0,1,0,0,0,0,0,0,1,1192057,36.3965072631836,26223,31772533,0,131,109,22,2298,1867,2132,5815,16,NA,NA,NA,6.3899998664856,3299,68193,277.899993896484,5745,0.927763283252716,3.11462235450745,10.9894073857207,9.14385805376756,1.84554933195309,4.87519732320115,13.9911909442561,7947,NA,NA,0,0,0,0,0,0,0,0,0,0,0,0
"Hawaii","HI",1998,1,0,1,0,1,0,0,0,0,0,0,1,1190472,36.3179359436035,26553,32268321,0,120,96,24,2346,1873,2233,5754,16,604302,570152,34150,5.65114784240723,2946,60677,246.899993896484,5086.10009765625,0.951832890510559,3.07207679748535,10.0800354817249,8.06402838537992,2.01600709634498,4.78749174278205,13.9898604251029,7987,NA,NA,0,0,0,0,0,0,0,0,0,0,0,0
"Hawaii","HI",1999,1,0,1,0,1,0,0,0,0,0,0,1,1185497,36.7362289428711,27463,33238264,0,98,76,22,2362,1895,2427,5689,16,595000,561000,33000,5.59999990463257,2785,54539,234.899993896484,4600.5,1.02751910686493,3.00211071968079,8.26657511575314,6.41081335507386,1.85576176067928,4.58496747867057,13.9856726539066,8116,NA,NA,0,0,0,0,0,0,0,0,0,0,0,0
"Hawaii","HI",2000,1,0,1,0,1,0,0,0,0,0,0,1,1213519,36.6639709472656,28927,35103604,0,132,100,32,2177,2102,2451,6092,16,595000,570000,26000,4.30000019073486,2954,60033,243.800003051758,4955.10009765625,1.125861287117,2.8981921672821,10.8774563892284,8.24049726456693,2.63695912466142,4.88280192258637,14.0090349612162,8543,NA,NA,0,0,0,0,0,0,0,0,0,0,0,0
"Hawaii","HI",2001,1,0,1,1,1,0,0,0,0,0,0,1,1225948,36.9020881652832,29637,36332873,0,140,103,37,2177,2101,2492,6202,16,606000,577000,28000,4.59999990463257,3117,62830,254,5120.5,1.14469456672668,2.95192766189575,11.4197339528267,8.40166140815108,3.01807254467563,4.9416424226093,14.0192249802232,8694,NA,NA,0,0,0,0,0,0,0,0,0,0,0,0
"Hawaii","HI",2002,1,0,1,1,1,0,0,0,0,0,0,1,1239613,37.113899230957,30592,37922558,0,119,82,37,2180,2119,2578,6308,16,582000,557000,25000,4.19999980926514,3262,71976,262.899993896484,5801.39990234375,1.18256878852844,2.97687578201294,9.59977025087669,6.61496773589822,2.98480251497846,4.77912349311153,14.0303097920947,8886,NA,NA,0,0,0,0,0,0,0,0,0,0,0,0
"Idaho","ID",2002,0,1,1,0,1,0,0,0,0,0,1,1,1340372,34.7032203674316,26470,35478998,1,264,247,17,42430,4301,8820,5347,25,684000,645000,40000,5.80000019073486,3419,39128,254.600006103516,2913.19995117188,0.207871794700623,1.24319922924042,19.6960246856843,18.4277200657728,1.26830461991149,5.57594910314632,14.1084577453403,14167,1995,7,0,0,0,0,0,0,0,0,0,0,0,1
"Idaho","ID",2003,0,1,1,0,1,0,0,0,0,0,1,1,1363380,34.8625793457031,27086,36928031,1,293,278,15,42518,4411,8899,5391,25,693000,655000,37000,5.40000009536743,3362,40042,245.899993896484,2929.10009765625,0.209299594163895,1.22217190265656,21.4907069195675,20.3905000806818,1.10020683888571,5.68017260901707,14.1254774685939,14290,1995,8,0,0,0,0,0,0,0,0,0,0,0,1
"Idaho","ID",2011,0,1,1,0,1,0,0,0,0,0,1,1,1579998,36.1559829711914,33436,52953795,1,167,156,11,43000,5553,9267,6669,25,769000,702000,67000,8.69999980926514,3202,32875,202.199996948242,2075.80004882812,0.215511634945869,1.20097243785858,10.5696336324476,9.87343021953192,0.696203412915713,5.11799381241676,14.2729341391796,15936,1995,16,0,0,0,0,0,0,0,0,0,0,0,1
"Idaho","ID",2012,0,1,1,0,1,1,0,0,0,0,1,1,1591908,36.4447212219238,34481,55021955,1,184,167,17,42940,5552,9512,6803,25,772000,717000,55000,7.09999990463257,3318,31651,207.899993896484,1983.5,0.221518397331238,1.22532415390015,11.5584568957503,10.4905559869038,1.06790090884649,5.21493575760899,14.2804438547719,16315,1995,17,0,0,0,0,0,0,0,0,0,0,0,1
"Idaho","ID",2001,0,1,1,0,1,0,0,0,0,0,1,1,1319962,34.5382537841797,26053,34389180,1,259,245,14,42114,4195,8870,5208,25,682000,648000,34000,5,3211,38181,243.100006103516,2891.19995117188,0.210618793964386,1.24147796630859,19.6217769905497,18.561140396466,1.06063659408377,5.55682806169954,14.0931135062694,14078,1995,6,0,0,0,0,0,0,0,0,0,0,0,1
"Idaho","ID",1990,0,1,0,0,0,0,0,0,0,0,0,1,1011887,33.7630462646484,15951,16148915,0,244,217,27,60006,2429,6831,3018,18,NA,NA,NA,5.90999984741211,2776,38069,275.700012207031,3781.39990234375,0.113838613033295,1.24248659610748,24.1133644369381,21.4450823066212,2.66828213031692,5.4971682252932,13.827327462516,9849,1995,-5,0,1,0,0,0,0,0,0,0,0,0,0
"Idaho","ID",2000,0,1,1,0,1,0,0,0,0,0,0,1,1299430,34.3882637023926,25258,32821155,1,276,267,9,42375,4083,8549,4985,25,658000,626000,32000,4.90000009536743,3267,37961,252.5,2933.69995117188,0.201746314764023,1.22091603279114,21.2400821898833,20.5474708141262,0.692611375757063,5.62040086571715,14.0774362647409,13534,1995,5,0,0,0,0,0,0,0,0,0,0,1,0
"Idaho","ID",2010,0,1,1,0,1,0,0,0,0,0,1,1,1571450,35.8325347900391,32076,50385191,1,209,195,14,42949,5822,9232,6570,25,759000,691000,68000,9,3464,31436,220.5,2000.90002441406,0.214952617883682,1.12847816944122,13.2998186388367,12.4089216965223,0.890896942314423,5.34233425196481,14.267509317978,15802,1995,15,0,0,0,0,0,0,0,0,0,0,0,1
"Idaho","ID",1998,0,1,1,0,1,0,0,0,0,0,0,1,1230923,34.3499298095703,22668,28387248,1,265,253,12,42191,3916,8658,4775,25,647872,614743,33129,5.11351013183594,3468,42185,282.200012207031,3432.5,0.205209642648697,1.21935653686523,21.5285602755006,20.5536820743458,0.974878201154743,5.57972982598622,14.0232748524385,13433,1995,3,0,0,0,0,0,0,0,0,1,0,0,0
"Idaho","ID",1989,0,1,0,0,0,0,0,0,0,0,0,1,994426,33.7009353637695,14998,14914769,0,238,224,14,58911,2406,5739,2683,18,NA,NA,NA,5.1100001335144,2582,37278,254.600006103516,3676.30004882812,0.0974181368947029,1.11512887477875,23.933404798346,22.5255574572668,1.40784734107918,5.47227067367148,13.8099209652568,8422,1995,-6,1,0,0,0,0,0,0,0,0,0,0,0
"Idaho","ID",1999,0,1,1,0,1,0,0,0,0,0,0,1,1251700,34.6084213256836,23714,30250860,1,278,258,20,41798,4004,8979,4997,25,655000,621000,34000,5.19999980926514,3066,36363,244.899993896484,2905.10009765625,0.214818894863129,1.24800205230713,22.2097946792362,20.6119677238955,1.59782695534074,5.62762111369064,14.0400131853161,13976,1995,4,0,0,0,0,0,0,0,0,0,1,0,0
"Idaho","ID",1997,0,1,1,0,1,0,0,0,0,0,0,1,1208865,34.5040626525879,21276,26138420,1,259,239,20,56683,3757,8405,4475,25,NA,NA,NA,5.34999990463257,3107,44388,256.799987792969,3668.39990234375,0.148280784487724,1.19110989570618,21.4250557340977,19.7706112758662,1.65444445823148,5.55682806169954,14.0051924608312,12880,1995,2,0,0,0,0,0,0,0,1,0,0,0,0
"Idaho","ID",1988,0,1,0,0,0,0,0,0,0,0,0,1,985669,33.4885635375977,13718,13521045,0,257,240,17,58267,2396,5602,2525,18,NA,NA,NA,5.84999990463257,2345,37345,234.699996948242,3738.19995117188,0.0961436182260513,1.05383968353271,26.073661645035,24.3489447268809,1.72471691815407,5.54907608489522,13.8010758774278,8127,1995,-7,1,0,0,0,0,0,0,0,0,0,0,0
"Idaho","ID",1984,0,0,0,0,0,0,0,0,0,0,0,0,990841,32.3633193969727,11183,11080744,0,242,222,20,66665,1951,5576,2192,14.5,NA,NA,NA,7.13000011444092,2355,34398,235.300003051758,3436.39990234375,0.0836420878767967,1.12352645397186,24.4236966375029,22.4052093120894,2.01848732541346,5.48893772615669,13.8063093564436,7768,1995,-11,1,0,0,0,0,0,0,0,0,0,0,0
"Idaho","ID",2004,0,1,1,0,1,0,0,0,0,0,1,1,1391802,34.9999656677246,28961,40308298,1,260,239,21,42480,4621,8973,5756,25,706000,669000,37000,5.30000019073486,3452,38799,247.399993896484,2781,0.21122881770134,1.24561786651611,18.6808181048741,17.1719827964035,1.5088353084706,5.56068163101553,14.1461098683799,14729,1995,9,0,0,0,0,0,0,0,0,0,0,0,1
"Idaho","ID",1991,0,1,0,0,0,0,0,0,0,0,0,1,1038505,33.9172782897949,16301,16974855,0,264,243,21,59471,2738,7111,3207,21,NA,NA,NA,6.23000001907349,3016,40578,290.299987792969,3905.5,0.119570881128311,1.17129290103912,25.4211582996712,23.3990207076519,2.0221375920193,5.57594910314632,13.8532927369232,10318,1995,-4,0,0,1,0,0,0,0,0,0,0,0,0
"Idaho","ID",1983,0,0,0,0,0,0,0,0,0,0,0,0,981858,32.1727142333984,10551,10359870,0,263,234,29,66194,2253,5577,2710,14.5,NA,NA,NA,9.8100004196167,2361,35872,238.699996948242,3627.10009765625,0.0842523500323296,1.20284068584442,26.7859507179246,23.8323667984576,2.95358391946697,5.57215403217776,13.7972019740293,8287,1995,-12,1,0,0,0,0,0,0,0,0,0,0,0
"Idaho","ID",2009,0,1,1,0,1,0,0,0,0,0,1,1,1554439,35.6490516662598,31629,49165320,1,226,209,17,42437,5743,9463,6068,25,750000,686000,64000,8.5,3805,31220,246.199996948242,2019.69995117188,0.222989365458488,1.05659067630768,14.5390073203259,13.4453651767615,1.09364214356433,5.42053499927229,14.2566252667975,15531,1995,14,0,0,0,0,0,0,0,0,0,0,0,1
"Idaho","ID",2005,0,1,1,0,1,0,0,0,0,0,1,1,1428241,35.1199378967285,29973,42808208,1,275,263,12,42388,4741,8935,5931,25,751000,721000,30000,4,3670,38556,257,2697,0.210790783166885,1.25100195407867,19.2544535551073,18.4142592181572,0.840194336950137,5.61677109766657,14.171954175149,14866,1995,10,0,0,0,0,0,0,0,0,0,0,0,1
"Idaho","ID",1986,0,1,0,0,0,0,0,0,0,0,0,0,990226,32.862232208252,12017,11899636,0,258,238,20,69160,2384,5444,2337,14.5,NA,NA,NA,8.65999984741211,2232,39964,222.5,3984.39990234375,0.078716017305851,0.980285227298737,26.0546582295355,24.0349172815095,2.01974094802601,5.55295958492162,13.8056884788865,7781,1995,-9,1,0,0,0,0,0,0,0,0,0,0,0
"Idaho","ID",1996,0,1,0,0,1,0,0,0,0,0,0,1,1186239,34.3540840148926,20807,25033122,1,258,242,16,55901,3773,8676,4285,25,NA,NA,NA,5.23000001907349,3177,44532,267.200012207031,3745.30004882812,0.155202955007553,1.1357010602951,21.7494113749421,20.4006106695194,1.34880070542277,5.55295958492162,13.9862983559444,12961,1995,1,0,0,0,0,0,0,1,0,0,0,0,0
"Idaho","ID",1995,0,1,0,0,1,0,0,0,0,0,0,1,1163542,34.2065353393555,19989,23533588,1,262,242,20,56187,3546,8241,4055,21,NA,NA,NA,5.40000009536743,3745,47444,322,4079.39990234375,0.146670937538147,1.14354205131531,22.517451024544,20.7985616333575,1.71888939118657,5.5683445037611,13.9669793590532,12296,1995,0,0,0,0,0,0,1,0,0,0,0,0,0
"Idaho","ID",1987,0,1,0,0,0,0,0,0,0,0,0,1,985004,33.1909637451172,12678,12488204,0,260,241,19,69253,2386,5672,2447,14.5,NA,NA,NA,8.03999996185303,2138,39342,214.199996948242,3942.10009765625,0.0819025859236717,1.02556574344635,26.3958318950989,24.4669057181494,1.92892617694954,5.56068163101553,13.8004009810597,8119,1995,-8,1,0,0,0,0,0,0,0,0,0,0,0
"Idaho","ID",1985,0,0,0,0,0,0,0,0,0,0,0,0,994046,32.6007766723633,11702,11632046,0,255,233,22,66660,2509,5416,2294,14.5,NA,NA,NA,7.94999980926514,2360,36916,234.800003051758,3673.19995117188,0.0812481269240379,0.914308488368988,25.6527363924808,23.4395591350903,2.2131772573905,5.54126354515843,13.8095387622339,7710,1995,-10,1,0,0,0,0,0,0,0,0,0,0,0
"Idaho","ID",2007,0,1,1,0,1,0,0,0,0,0,1,1,1505105,35.3475379943848,33038,49725930,1,252,232,20,42810,5606,9519,6263,25,759000,736000,23000,3,3841,34124,256.200012207031,2275.80004882812,0.222354590892792,1.11719584465027,16.7430179289817,15.4142069822371,1.32881094674458,5.52942908751142,14.2243732211733,15782,1995,12,0,0,0,0,0,0,0,0,0,0,0,1
"Idaho","ID",2008,0,1,1,0,1,0,0,0,0,0,1,1,1534320,35.4584617614746,32796,50319967,1,232,219,13,42128,5660,9119,6132,25,752000,711000,41000,5.40000009536743,3680,31940,241.5,2096.10009765625,0.216459363698959,1.0833922624588,15.1207049376923,14.273424057563,0.847280880129308,5.44673737166631,14.2435978441087,15251,1995,13,0,0,0,0,0,0,0,0,0,0,0,1
"Idaho","ID",2006,0,1,1,0,1,0,0,0,0,0,1,1,1468669,35.268123626709,32019,47024599,1,267,256,11,42349,4754,9124,6074,25,753000,726000,27000,3.5,3666,35135,250,2395.89990234375,0.215447828173637,1.27766096591949,18.1797259968039,17.4307485212802,0.748977475523757,5.58724865840025,14.1998671064177,15198,1995,11,0,0,0,0,0,0,0,0,0,0,0,1
"Idaho","ID",1992,0,1,0,0,0,0,0,0,0,0,0,1,1065842,33.9941329956055,17419,18667989,0,243,231,12,55274,3314,7207,3557,21,NA,NA,NA,6.51000022888184,3003,39636,281.399993896484,3714.69995117188,0.130386799573898,1.07332527637482,22.7988763813023,21.6730059427195,1.12587043858283,5.49306144334055,13.8792756550866,10764,1995,-3,0,0,0,1,0,0,0,0,0,0,0,0
"Idaho","ID",1993,0,1,0,0,0,0,0,0,0,0,0,1,1100328,34.0411148071289,18467,20475761,0,230,216,14,55419,3416,7692,3789,21,NA,NA,NA,6.19999980926514,3097,39161,281.799987792969,3563.30004882812,0.138797163963318,1.10919201374054,20.9028580568703,19.6305101751478,1.27234788172254,5.4380793089232,13.9111188751394,11481,1995,-2,0,0,0,0,1,0,0,0,0,0,0,0
"Idaho","ID",1994,0,1,0,0,1,0,0,0,0,0,0,1,1134269,34.0649604797363,19130,21906670,0,250,237,13,56435,3462,7797,3855,21,NA,NA,NA,5.55000019073486,3238,42954,285.799987792969,3791.19995117188,0.138158947229385,1.11351823806763,22.0406270470232,20.894514440578,1.14611260644521,5.52146091786225,13.9414989485431,11652,1995,-1,0,0,0,0,0,0,0,0,0,0,0,0
"Illinois","IL",1983,0,0,0,0,0,0,0,0,0,0,0,1,11408823,34.360767364502,13433,153249974,0,1526,1239,287,103798,30801,21500,45870,11,NA,NA,NA,11.3999996185303,83629,552857,728.099975585938,4813.2998046875,0.207133084535599,1.4892373085022,13.375612891882,10.8600159718492,2.51559692003286,7.3304052118444,16.2498975613903,67370,NA,NA,0,0,0,0,0,0,0,0,0,0,0,0
"Illinois","IL",1984,0,0,0,0,0,0,0,0,0,0,0,1,11412138,34.4693031311035,14788,168759007,0,1547,1200,347,103701,30781,22206,47704,12,NA,NA,NA,9.10999965667725,83441,527124,724.900024414062,4579.2998046875,0.214134871959686,1.54978716373444,13.5557421405174,10.5151199538597,3.04062218665775,7.34407285057307,16.2501880837766,69910,NA,NA,0,0,0,0,0,0,0,0,0,0,0,0
"Illinois","IL",1985,0,0,0,0,0,0,0,0,0,0,0,1,11399804,34.6009178161621,15576,177568936,0,1534,1197,337,103738,30971,22282,48562,13,NA,NA,NA,9.06999969482422,82448,530205,714.799987792969,4596.5,0.214791104197502,1.5679829120636,13.4563717060399,10.5001805294196,2.95619117662023,7.3356339819272,16.2491067202345,70844,NA,NA,0,0,0,0,0,0,0,0,0,0,0,0
"Illinois","IL",1986,0,1,0,0,1,0,0,0,0,0,0,1,11387258,34.7123565673828,16406,186818289,0,1596,1288,308,103683,31095,23294,50850,13,NA,NA,NA,8.10999965667725,93454,548311,808.900024414062,4746,0.224665567278862,1.63531112670898,14.0156655798964,11.3108880118462,2.70477756805018,7.37525577800975,16.2480055689524,74144,NA,NA,0,0,0,0,0,0,0,0,0,0,0,0
"Illinois","IL",2010,1,0,1,1,1,1,0,1,1,0,1,1,12843166,37.0457878112793,42072,540223349,0,927,786,141,98199,41320,26827,78961,19,6645000,5970000,675000,10.1999998092651,57132,349064,444.899993896484,2718.10009765625,0.273190140724182,1.91096317768097,7.21784644066736,6.11998630244287,1.09786013822448,6.83195356556585,16.3683223990406,105788,NA,NA,0,0,0,0,0,0,0,0,0,0,0,0
"Illinois","IL",2011,1,0,1,1,1,1,0,1,1,0,1,1,12827441,37.3203353881836,44106,567196693,0,918,750,168,98226,41273,26405,76829,19,6559000,5925000,634000,9.69999980926514,54523,344468,424,2678.69995117188,0.268818855285645,1.861483335495,7.15653262408301,5.84684037915279,1.30969224493022,6.82219739062049,16.3670972622944,103234,NA,NA,0,0,0,0,0,0,0,0,0,0,0,0
"Illinois","IL",2012,1,0,1,1,1,1,0,1,1,0,1,1,12839583,37.5384140014648,45832,590093921,0,956,786,170,98442,45895,26391,78187,19,6601000,6025000,576000,8.69999980926514,53403,332013,414.799987792969,2578.69995117188,0.268086791038513,1.70360600948334,7.44572467813012,6.12169413913209,1.32403053899803,6.8627579130514,16.3680433790632,104578,NA,NA,0,0,0,0,0,0,0,0,0,0,0,0
"Illinois","IL",1996,0,1,0,1,1,0,0,0,0,0,0,1,11933597,35.7241096496582,27092,327871691,0,1477,1244,233,101888,35689,28215,68515,19,NA,NA,NA,5.28000020980835,105482,524777,890.400024414062,4429.60009765625,0.276921719312668,1.91977918148041,12.3768215065416,10.4243506798495,1.95247082669207,7.29776828253138,16.2948682574308,96730,NA,NA,0,0,0,0,0,0,0,0,0,0,0,0
"Illinois","IL",1997,0,1,1,1,1,0,0,0,0,0,0,1,11989352,35.7832221984863,28404,346128946,0,1397,1159,238,101985,35803,29575,69744,19,NA,NA,NA,4.69999980926514,102476,509113,861.400024414062,4279.7001953125,0.289993613958359,1.94799315929413,11.6520058798841,9.66691110578787,1.98509477409621,7.24208235925696,16.2995294805057,99319,NA,NA,0,0,0,0,0,0,0,0,0,0,0,0
"Illinois","IL",1998,0,1,1,1,1,0,0,0,0,0,0,1,12069774,35.4603729248047,29868,366539679,0,1393,1163,230,102057,35905,30679,70594,19,6330669,6047046,283623,4.48014259338379,97291,487915,807.700012207031,4050.80004882812,0.300606518983841,1.9661328792572,11.5412268696995,9.63564023651147,1.905586633188,7.23921497377981,16.3062148687891,101273,NA,NA,0,0,0,0,0,0,0,0,0,0,0,0
"Illinois","IL",1999,0,1,1,1,1,0,0,0,0,0,0,1,12128370,35.5876197814941,30850,381280390,0,1456,1240,216,102053,36192,31243,71151,19,6385000,6112000,274000,4.30000019073486,83621,463939,689.5,3825.19995117188,0.306144833564758,1.96593165397644,12.0049108000498,10.2239624945479,1.78094830550189,7.28344822875663,16.3110578943145,102394,NA,NA,0,0,0,0,0,0,0,0,0,0,0,0
"Illinois","IL",2000,0,1,1,1,1,0,0,0,0,0,0,1,12434161,35.4361877441406,32934,409510667,0,1418,1209,209,102025,36346,31302,71564,19,6419000,6140000,279000,4.40000009536743,81196,445278,653.799987792969,3585.39990234375,0.306807160377502,1.96896493434906,11.4040665872028,9.7232133314021,1.68085325580069,7.25700270709207,16.335958162095,102866,NA,NA,0,0,0,0,0,0,0,0,0,0,0,0
"Illinois","IL",2001,0,1,1,1,1,0,0,0,0,0,0,1,12488445,35.5593681335449,33762,421629937,0,1414,1198,216,101611,36746,30763,72275,19,6349000,6006000,343000,5.40000009536743,79270,434648,633.099975585938,3471.60009765625,0.302752643823624,1.96688079833984,11.3224664880215,9.59286764685275,1.72959884116878,7.25417784645652,16.3403143747514,103038,NA,NA,0,0,0,0,0,0,0,0,0,0,0,0
"Illinois","IL",2002,0,1,1,1,1,0,0,0,0,0,0,1,12525556,35.6994094848633,34129,427479160,0,1420,1203,217,101504,36833,31116,74285,19,6378000,5963000,415000,6.5,75759,430479,601.900024414062,3420.19995117188,0.306549489498138,2.01680564880371,11.3368220939653,9.60436406974669,1.73245802421865,7.25841215059531,16.3432815951675,105401,NA,NA,0,0,0,0,0,0,0,0,0,0,0,0
"Illinois","IL",2003,1,0,1,1,1,0,0,0,0,0,0,1,12556006,35.8632698059082,34726,436025978,0,1454,1245,209,101518,37007,31934,74602,19,6330000,5908000,422000,6.69999980926514,70376,415885,556.400024414062,3287.89990234375,0.314564913511276,2.01588892936707,11.580115523997,9.91557347137298,1.66454205262406,7.28207365809346,16.3457096748031,106536,NA,NA,0,0,0,0,0,0,0,0,0,0,0,0
"Illinois","IL",2004,1,0,1,1,1,0,0,0,0,0,0,1,12589773,36.0185737609863,36184,455547195,0,1355,1174,181,101075,37551,31648,77487,19,6386000,5997000,389000,6.09999990463257,69365,403486,545.700012207031,3174.10009765625,0.313114017248154,2.06351351737976,10.7627039820337,9.32502913277309,1.43767484926059,7.2115567333138,16.3483953756753,109135,NA,NA,0,0,0,0,0,0,0,0,0,0,0,0
"Illinois","IL",2005,1,0,1,1,1,0,0,0,0,0,0,1,12609903,36.188060760498,37702,475418860,0,1363,1168,195,100358,38475,30383,77323,19,6460000,6097000,363000,5.59999990463257,70496,394670,552,3092,0.302746176719666,2.00969457626343,10.8089649856942,9.26256133770418,1.54640364799,7.21744343169653,16.3499930156038,107706,NA,NA,0,0,0,0,0,0,0,0,0,0,0,0
"Illinois","IL",2006,1,0,1,1,1,0,0,0,0,0,0,1,12643955,36.3531227111816,40194,508207549,0,1254,1084,170,98594,40402,28260,78609,19,6601000,6306000,295000,4.5,69498,387478,541.599975585938,3019.60009765625,0.286630004644394,1.94567096233368,9.91778284563651,8.57326682988037,1.34451601575615,7.13409372119287,16.352689793311,106869,NA,NA,0,0,0,0,0,0,0,0,0,0,0,0
"Illinois","IL",2007,1,0,1,1,1,0,0,1,0,0,0,1,12695866,36.5168266296387,42271,536662200,0,1248,1052,196,98206,40953,28166,79317,19,6677000,6336000,340000,5.09999990463257,68528,377322,533.200012207031,2935.80004882812,0.286805272102356,1.93678116798401,9.82997142534428,8.28616181046649,1.54380961487779,7.12929754892937,16.3567869866273,107483,NA,NA,0,0,0,0,0,0,0,0,0,0,0,0
"Illinois","IL",2008,1,0,1,1,1,0,0,1,0,0,0,1,12747038,36.6825523376465,43338,552435750,0,1043,877,166,98202,41290,27306,78773,19,6685000,6246000,439000,6.59999990463257,67780,378355,525.400024414062,2932.60009765625,0.278059512376785,1.90779852867126,8.18229301583631,6.88002969787962,1.30226331795669,6.94985645500077,16.3608094888542,106079,NA,NA,0,0,0,0,0,0,0,0,0,0,0,0
"Illinois","IL",2009,1,0,1,1,1,1,0,1,1,0,1,1,12796778,36.8687400817871,41544,531625240,0,911,779,132,98144,41433,27081,78765,19,6606000,5945000,661000,10,64185,353347,497.200012207031,2736.89990234375,0.275931298732758,1.90102088451385,7.11897948061614,6.08746983029635,1.03150965031979,6.81454289725996,16.3647039784534,105846,NA,NA,0,0,0,0,0,0,0,0,0,0,0,0
"Illinois","IL",1987,0,1,0,0,1,0,0,0,0,0,0,1,11391176,34.8764572143555,17351,197651128,0,1654,1309,345,103842,31468,23769,51987,13,NA,NA,NA,7.34999990463257,92216,535126,796.200012207031,4620.2998046875,0.228895828127861,1.65205919742584,14.5200109277567,11.4913508491134,3.02866007864333,7.41095187558364,16.2483495785572,75756,NA,NA,0,0,0,0,0,0,0,0,0,0,0,0
"Illinois","IL",1988,0,1,0,1,1,0,0,0,0,0,0,1,11390176,35.0331192016602,18696,212949388,0,1837,1527,310,103929,31577,24638,53845,13,NA,NA,NA,6.80000019073486,93557,555316,810.400024414062,4810.39990234375,0.237065687775612,1.70519685745239,16.1279334050677,13.406289771115,2.72164363395263,7.51588908521513,16.248261787455,78483,NA,NA,0,0,0,0,0,0,0,0,0,0,0,0
"Illinois","IL",1989,0,1,0,1,1,0,0,0,0,0,0,1,11409785,35.1508026123047,19872,226733168,0,1748,1437,311,103957,31921,25478,55819,16,NA,NA,NA,5.98999977111816,98611,558803,845.900024414062,4793.2998046875,0.245082095265388,1.74866080284119,15.3201835091546,12.5944529191391,2.7257305900155,7.46622755621548,16.2499818785407,81297,NA,NA,0,0,0,0,0,0,0,0,0,0,0,0
"Illinois","IL",1990,0,1,0,1,1,0,0,0,0,0,0,1,11446851,35.4204139709473,21014,240684022,0,1589,1288,301,103941,32003,26139,57195,19,NA,NA,NA,6.23999977111816,110575,567841,967.400024414062,4967.7001953125,0.251479208469391,1.78717625141144,13.8815469861537,11.2520028434021,2.62954414275157,7.37086016653672,16.253225228305,83334,NA,NA,0,0,0,0,0,0,0,0,0,0,0,0
"Illinois","IL",1991,0,1,0,1,1,0,0,0,0,0,0,1,11532612,35.4195442199707,21254,245883654,0,1448,1196,252,104040,32131,26929,58501,19,NA,NA,NA,7.28000020980835,119955,587868,1039.19995117188,5092.89990234375,0.258833140134811,1.82070279121399,12.5556985702805,10.3705908080494,2.18510776223114,7.27793857294566,16.2606894060513,85430,NA,NA,0,0,0,0,0,0,0,0,0,0,0,0
"Illinois","IL",1992,0,1,0,1,1,0,0,0,0,0,0,1,11629713,35.515552520752,22785,266448883,0,1384,1170,214,104136,32266,28254,59388,19,NA,NA,NA,7.61999988555908,113664,556900,977.299987792969,4788.10009765625,0.271318286657333,1.84057521820068,11.9005516301219,10.0604374329788,1.84011419714313,7.23273313617761,16.2690738466323,87642,NA,NA,0,0,0,0,0,0,0,0,0,0,0,0
"Illinois","IL",1993,0,1,0,1,1,0,0,0,0,0,0,1,11718133,35.5936088562012,23344,275687097,0,1392,1150,242,101784,35181,25904,63789,19,NA,NA,NA,7.51000022888184,112260,544869,959.700012207031,4658.2001953125,0.254499733448029,1.81316614151001,11.8790254386087,9.81385003908046,2.06517539952824,7.23849684089437,16.2766480290822,89693,NA,NA,0,0,0,0,0,0,0,0,0,0,0,0
"Illinois","IL",1994,0,1,0,1,1,0,0,0,0,0,0,1,11794121,35.6267280578613,24377,290389571,0,1554,1293,261,101837,35312,26941,65375,19,NA,NA,NA,5.6399998664856,112928,548222,960.900024414062,4664.89990234375,0.26455020904541,1.85135364532471,13.1760561045626,10.963089152638,2.21296695192461,7.34858753092759,16.2831117449439,92316,NA,NA,0,0,0,0,0,0,0,0,0,0,0,0
"Illinois","IL",1995,0,1,0,1,1,0,0,0,0,0,0,1,11865976,35.6713218688965,25670,308254207,0,1586,1344,242,101846,35567,27715,66474,19,NA,NA,NA,5.15999984741211,117836,527572,996.099975585938,4459.60009765625,0.27212655544281,1.86897969245911,13.3659464674461,11.326501924494,2.03944454295205,7.36897040219479,16.2891857032131,94189,NA,NA,0,0,0,0,0,0,0,0,0,0,0,0
"Indiana","IN",1983,0,0,0,1,1,0,0,0,0,0,0,1,5450402,34.0799827575684,11163,60843539,0,1016,900,116,74041,17695,20224,19613,11.1000003814697,NA,NA,NA,11.0600004196167,15547,210725,283.799987792969,3846,0.273145973682404,1.10839223861694,18.6408268601105,16.5125434784443,2.12828338166616,6.92362862813843,15.5111999253871,39837,2005,-22,1,0,0,0,0,0,0,0,0,0,0,0
"Indiana","IN",1996,0,1,0,0,1,0,0,0,0,0,0,1,5827423,36.0628471374512,22954,135564282,0,984,901,83,73326,19644,34140,32080,15,NA,NA,NA,4.11999988555908,31366,231376,537,3961.19995117188,0.46559202671051,1.63306868076324,16.885679999547,15.4613797556827,1.42430024386423,6.89162589705225,15.5780854365915,66220,2005,-9,1,0,0,0,0,0,0,0,0,0,0,0
"Indiana","IN",1984,0,0,0,1,1,0,0,0,0,0,0,1,5458328,34.2933158874512,12378,67562548,0,925,800,125,73898,17669,21020,20054,11.1000003814697,NA,NA,NA,8.61999988555908,16781,199258,305.200012207031,3624.19995117188,0.284446120262146,1.13498222827911,16.946581443988,14.6565028704761,2.29007857351189,6.82979373751242,15.5126530737178,41074,2005,-21,1,0,0,0,0,0,0,0,0,0,0,0
"Indiana","IN",1985,0,0,0,1,1,0,0,0,0,0,0,1,5459216,34.4917640686035,13063,71314913,0,974,860,114,73927,17469,20958,19824,14,NA,NA,NA,7.88000011444092,17014,198220,309.399993896484,3604.69995117188,0.283495873212814,1.13481020927429,17.8413896793972,15.753177745669,2.08821193372821,6.88141130364254,15.5128157476675,40782,2005,-20,1,0,0,0,0,0,0,0,0,0,0,0
"Indiana","IN",1995,0,1,0,0,1,0,0,0,0,0,0,1,5786612,35.9361839294434,21925,128296155,0,960,867,93,73313,19467,33087,31465,15,NA,NA,NA,4.6399998664856,30451,238317,524.700012207031,4106.7998046875,0.451311498880386,1.6163250207901,16.5900184771331,14.9828604371608,1.60715803997227,6.86693328446188,15.5710575314791,64552,2005,-10,1,0,0,0,0,0,0,0,0,0,0,0
"Indiana","IN",1994,0,1,0,0,1,0,0,0,0,0,0,1,5740684,35.8347549438477,21192,122777770,0,971,876,95,73161,19315,31759,30349,15,NA,NA,NA,4.92999982833862,30205,233975,525.099975585938,4067.69995117188,0.434097409248352,1.57126581668854,16.914360727746,15.2595056616947,1.65485506605136,6.87832646829133,15.5630889249594,62108,2005,-11,1,0,0,0,0,0,0,0,0,0,0,0
"Indiana","IN",2008,1,0,1,0,1,0,0,0,0,0,0,1,6424806,36.8239097595215,34966,224651279,1,820,740,80,71299,24314,31587,39386,18,3241000,3047000,194000,6,21525,213639,337.600006103516,3350.30004882812,0.443021655082703,1.61988973617554,12.7630312884156,11.5178575041799,1.24517378423566,6.7093043402583,15.6756769937372,70973,2005,3,0,0,0,0,0,0,0,0,1,0,0,0
"Indiana","IN",2009,1,0,1,0,1,0,0,1,0,0,0,1,6459325,36.9916687011719,33679,217545133,1,693,633,60,68901,26780,28574,48054,18,3199000,2879000,320000,10,21455,199907,334,3112.30004882812,0.414710968732834,1.79439878463745,10.728675209871,9.79978558131074,0.92888962856026,6.5410299991899,15.6810353811353,76628,2005,4,0,0,0,0,0,0,0,0,0,1,0,0
"Indiana","IN",1997,0,1,0,0,1,0,0,0,0,0,0,1,5864847,36.1093406677246,23949,142619965,0,935,849,86,73416,19781,34506,34114,15,NA,NA,NA,3.5,30179,231723,514.599975585938,3951.60009765625,0.47000652551651,1.7245842218399,15.9424448753736,14.4760809617028,1.46636391367072,6.84054652928869,15.5844869527729,68620,2005,-8,1,0,0,0,0,0,0,0,0,0,0,0
"Indiana","IN",2002,1,0,1,0,1,0,0,0,0,0,0,1,6155967,35.994930267334,28925,178058975,0,792,730,62,73893,20395,36702,35821,15,3175000,3012000,163000,5.09999990463257,22001,208965,357.299987792969,3394,0.496691167354584,1.75636184215546,12.8655660434827,11.8584131461393,1.00715289734334,6.67456139181443,15.6329324133028,72523,2005,-3,0,0,0,1,0,0,0,0,0,0,0,0
"Indiana","IN",2003,1,0,1,0,1,0,0,0,0,0,0,1,6196638,36.1350936889648,29542,183058909,0,833,763,70,73998,20599,37034,35477,18,3188000,3024000,163000,5.09999990463257,21842,208039,352.299987792969,3355.69995117188,0.500472962856293,1.72226810455322,13.4427733232117,12.3131285061351,1.12964481707661,6.72503364216684,15.6395174448757,72511,2005,-2,0,0,0,0,1,0,0,0,0,0,0,0
"Indiana","IN",2004,1,0,1,0,1,0,0,0,0,0,0,1,6233007,36.2632141113281,30833,192181365,0,947,858,89,73998,20599,37136,35577,18,3160000,2993000,167000,5.30000019073486,20294,211929,325.899993896484,3403.60009765625,0.501851379871368,1.7271226644516,15.193308783385,13.765426542919,1.42788224046596,6.85329909318608,15.6453694388451,72713,2005,-1,0,0,0,0,0,0,0,0,0,0,0,0
"Indiana","IN",1988,0,1,0,0,1,0,0,0,0,0,0,1,5491734,35.0628700256348,15554,85420078,0,1099,979,120,73848,17740,28512,22612,15,NA,NA,NA,5.30999994277954,21187,210177,380,3770,0.386090338230133,1.27463364601135,20.0118942395972,17.8267920478304,2.18510219176675,7.00215595440362,15.5187546106111,51124,2005,-17,1,0,0,0,0,0,0,0,0,0,0,0
"Indiana","IN",1992,0,1,0,0,1,0,0,0,0,0,0,1,5647606,35.6531867980957,19303,109533617,0,901,806,95,72945,19109,29252,27820,15,NA,NA,NA,6.61999988555908,28791,236584,508.5,4178.5,0.401014477014542,1.4558584690094,15.9536624899117,14.2715338145048,1.68212867540689,6.80350525760834,15.5467422965151,57072,2005,-13,1,0,0,0,0,0,0,0,0,0,0,0
"Indiana","IN",2007,1,0,1,0,1,0,0,0,0,0,0,1,6379599,36.6808586120605,34016,217005485,1,898,822,76,73321,22151,34657,36821,18,3187000,3039000,147000,4.59999990463257,21310,213887,335.799987792969,3370.80004882812,0.472674936056137,1.6622725725174,14.0761198313562,12.8848223846044,1.19129744675175,6.8001700683022,15.6686158006811,71478,2005,2,0,0,0,0,0,0,0,1,0,0,0,0
"Indiana","IN",2006,1,0,1,0,1,0,0,0,0,0,0,1,6332669,36.5367050170898,33087,209530646,1,902,804,98,74471,21778,36636,34579,18,3268000,3104000,164000,5,20303,217783,321.600006103516,3449.5,0.491949886083603,1.58779501914978,14.2435993417625,12.6960685928792,1.54753074888329,6.80461452006262,15.6612323482239,71215,2005,1,0,0,0,0,0,0,1,0,0,0,0,0
"Indiana","IN",1987,0,1,0,1,1,0,0,0,0,0,0,1,5473009,34.8960151672363,14589,79845442,0,1055,940,115,73833,17702,21989,22133,14,NA,NA,NA,6.3600001335144,18169,209695,328.5,3791.30004882812,0.297820746898651,1.25031065940857,19.2764163187015,17.1751955825397,2.10122073616177,6.96129604591017,15.515339114561,44122,2005,-18,1,0,0,0,0,0,0,0,0,0,0,0
"Indiana","IN",2010,1,0,1,0,1,0,0,1,0,0,0,1,6490621,37.1603622436523,34386,223158089,1,754,676,78,70111,26877,28362,47398,18,3153000,2818000,334000,10.6000003814697,20983,199274,323.299987792969,3070.19995117188,0.404529958963394,1.76351523399353,11.6167620941047,10.4150280843697,1.20173400973497,6.62539236800796,15.685868769773,75760,2005,5,0,0,0,0,0,0,0,0,0,0,1,0
"Indiana","IN",1998,0,1,0,0,1,0,0,0,0,0,0,1,5907617,35.7667427062988,25670,153989340,0,982,891,91,73484,19860,34949,33916,15,3124515,3033451,91064,2.91450023651123,25423,220529,431,3738.39990234375,0.475600123405457,1.70775425434113,16.6226077282938,15.0822235090731,1.54038421922071,6.88959130835447,15.5917530931793,68865,2005,-7,1,0,0,0,0,0,0,0,0,0,0,0
"Indiana","IN",1986,0,0,0,1,1,0,0,0,0,0,0,1,5454114,34.6955490112305,13789,75207916,0,1038,917,121,73933,17529,20984,19796,14,NA,NA,NA,6.73999977111816,16937,195233,307.700012207031,3547.10009765625,0.283824533224106,1.12932848930359,19.0315053920765,16.8129965746957,2.21850881738079,6.94505106372583,15.5118807442594,40780,2005,-19,1,0,0,0,0,0,0,0,0,0,0,0
"Indiana","IN",1990,0,1,0,0,1,0,0,0,0,0,0,1,5555070,35.4417037963867,17677,98244577,0,1049,932,117,74040,17868,29391,24306,15,NA,NA,NA,5.32999992370605,26275,233376,473.899993896484,4209.39990234375,0.396961092948914,1.36030888557434,18.8836504310477,16.777466350559,2.10618408048863,6.9555926083963,15.5302215822366,53697,2005,-15,1,0,0,0,0,0,0,0,0,0,0,0
"Indiana","IN",2001,1,0,0,0,1,0,0,0,0,0,0,1,6127760,35.8485107421875,28661,175630054,0,909,837,72,73862,20176,36634,35168,15,3106000,2970000,136000,4.40000009536743,22734,211548,371.100006103516,3452.89990234375,0.495978981256485,1.74306106567383,14.8341318850608,13.6591511416896,1.17498074337115,6.81234509417748,15.6283398251448,71802,2005,-4,0,0,1,0,0,0,0,0,0,0,0,0
"Indiana","IN",1991,0,1,0,0,1,0,0,0,0,0,0,1,5600913,35.4977035522461,17996,101072972,0,1022,914,108,74107,17922,29498,24768,15,NA,NA,NA,6.03000020980835,28349,241930,505.299987792969,4312.5,0.39804607629776,1.38198864459991,18.247025083232,16.3187680294266,1.92825705380533,6.92951677076365,15.5384401781308,54266,2005,-14,1,0,0,0,0,0,0,0,0,0,0,0
"Indiana","IN",1989,0,1,0,0,1,0,0,0,0,0,0,1,5523684,35.1572685241699,16852,93083059,0,971,874,97,73941,17803,32090,24102,15,NA,NA,NA,4.73000001907349,22735,225592,406.5,4033.5,0.433994680643082,1.35381674766541,17.5788477400228,15.8227733519875,1.75607438803523,6.87832646829133,15.5245555869511,56192,2005,-16,1,0,0,0,0,0,0,0,0,0,0,0
"Indiana","IN",1999,1,0,0,0,1,0,0,0,0,0,0,1,5942901,35.861988067627,26546,160469821,0,1020,931,89,73664,19942,35967,34074,15,3078000,2985000,93000,3,22261,201547,374.600006103516,3391.39990234375,0.488257497549057,1.70865511894226,17.1633348763508,15.6657497743947,1.4975851019561,6.92755790627832,15.5977079559566,70041,2005,-6,1,0,0,0,0,0,0,0,0,0,0,0
"Indiana","IN",2005,1,0,1,0,1,0,0,0,0,0,0,1,6278616,36.3959350585938,31481,197656091,1,938,861,77,74345,21230,37058,34741,18,3214000,3032000,182000,5.69999980926514,20302,216778,324,3460,0.498459875583649,1.6364107131958,14.9395981534784,13.7132132304317,1.22638492304674,6.84374994900622,15.6526601319911,71799,2005,0,0,0,0,0,0,1,0,0,0,0,0,0
"Indiana","IN",2012,1,0,1,0,1,1,0,1,0,0,0,1,6534661,37.5568351745605,38119,249197519,1,779,695,84,69442,27847,29434,49489,18,3151000,2890000,261000,8.30000019073486,22602,198032,345.700012207031,3029.19995117188,0.423864513635635,1.77717530727386,11.9210468607323,10.6355937974441,1.28545306328821,6.65801104587075,15.6926310291731,78923,2005,7,0,0,0,0,0,0,0,0,0,0,0,1
"Indiana","IN",1993,0,1,0,0,1,0,0,0,0,0,0,1,5700920,35.7683982849121,20129,115520579,0,901,824,77,73112,19262,30628,29833,15,NA,NA,NA,5.38000011444092,27941,227149,489.100006103516,3976,0.418918907642365,1.5488007068634,15.8044666474885,14.4538074556387,1.35065919184974,6.80350525760834,15.5561381232894,60461,2005,-12,1,0,0,0,0,0,0,0,0,0,0,0
"Indiana","IN",2000,1,0,0,0,1,0,0,0,0,0,0,1,6091866,35.7365837097168,28114,171264554,0,886,816,70,73664,19943,35968,34894,15,3084000,2984000,1e+05,3.20000004768372,21230,206905,349.100006103516,3402.80004882812,0.488271057605743,1.74968659877777,14.5439837317498,13.3949105249525,1.14907320679739,6.78671695060508,15.6224649966949,70862,2005,-5,0,1,0,0,0,0,0,0,0,0,0,0
"Indiana","IN",2011,1,0,1,0,1,1,0,1,0,0,0,1,6512951,37.3647308349609,36342,236815230,1,751,665,86,70171,26895,28790,47696,18,3201000,2913000,288000,9,21619,206016,331.799987792969,3161.5,0.410283446311951,1.77341508865356,11.5308713362038,10.2104253509661,1.32044598523772,6.62140565176413,15.6893032140855,76486,2005,6,0,0,0,0,0,0,0,0,0,0,0,1
"Iowa","IA",1992,1,0,0,1,0,0,0,0,0,0,0,1,2806876,36.8526496887207,19121,53890448,0,437,395,42,103490,9096,15364,8562,20,NA,NA,NA,4.71999979019165,7816,103459,278,3679.19995117188,0.148458793759346,0.941292881965637,15.5689100622899,14.072584610079,1.49632545221093,6.07993319509559,14.8475826790922,23926,1997,-5,0,1,0,0,0,0,0,0,0,0,0,0
"Iowa","IA",1994,1,0,0,1,0,0,0,0,0,0,0,1,2829270,37.0533256530762,20689,58978727,0,478,443,35,103474,9319,16469,9268,20,NA,NA,NA,3.65000009536743,8914,94475,315.100006103516,3339.5,0.159160748124123,0.994527280330658,16.8948173910585,15.6577491720479,1.23706821901056,6.16961073249146,14.8555292858144,25737,1997,-3,0,0,0,1,0,0,0,0,0,0,0,0
"Iowa","IA",1991,1,0,0,1,0,0,0,0,0,0,0,1,2790942,36.6919631958008,17937,50180914,0,488,443,45,103749,8805,15026,7994,20,NA,NA,NA,4.65999984741211,8477,107069,303.299987792969,3830.69995117188,0.144830316305161,0.907893240451813,17.4851358430236,15.8727770050399,1.61235883798373,6.19031540585315,14.8418897312205,23020,1997,-6,1,0,0,0,0,0,0,0,0,0,0,0
"Iowa","IA",2008,1,0,1,1,1,0,0,0,1,0,1,1,3016734,38.094856262207,39440,118980691,1,412,387,25,102919,11307,18534,12179,21,1688000,1620000,68000,4,8651,73273,288.100006103516,2440.39990234375,0.180083364248276,1.07712042331696,13.6571537298284,12.8284429452514,0.828710784576963,6.02102334934953,14.9196853472009,30713,1997,11,0,0,0,0,0,0,0,0,0,0,0,1
"Iowa","IA",1985,0,0,0,0,0,0,0,0,0,0,0,0,2829685,35.8148460388184,13538,38309511,0,474,437,37,103890,8588,12889,7302,15,NA,NA,NA,7.92999982833862,6106,107607,211.699996948242,3731.19995117188,0.124063916504383,0.850256145000458,16.7509811162727,15.4434150797704,1.3075660365023,6.16120732169508,14.8556759560038,20191,1997,-12,1,0,0,0,0,0,0,0,0,0,0,0
"Iowa","IA",1997,1,0,0,1,0,0,0,0,1,0,1,1,2854330,37.3758659362793,24235,70065667,1,468,435,33,103382,9421,17894,10090,20,NA,NA,NA,3.23000001907349,8841,99986,310,3505.80004882812,0.173086225986481,1.07101154327393,16.3961420018008,15.2400037837251,1.1561382180757,6.14846829591765,14.8643476975245,27984,1997,0,0,0,0,0,0,1,0,0,0,0,0,0
"Iowa","IA",1986,1,0,0,0,0,0,0,0,0,0,0,1,2791966,36.0849342346191,14186,39607030,0,441,402,39,103873,8625,12982,7431,16,NA,NA,NA,7.01000022888184,6703,111633,235.100006103516,3915.60009765625,0.124979540705681,0.861565232276917,15.7953212897292,14.3984561416579,1.39686514807129,6.08904487544685,14.8422565651398,20413,1997,-11,1,0,0,0,0,0,0,0,0,0,0,0
"Iowa","IA",1987,1,0,0,1,0,0,0,0,0,0,0,1,2767005,36.3715324401855,14984,41461193,0,491,453,38,103840,8632,13216,7592,16,NA,NA,NA,5.5,6553,110781,231.199996948242,3909,0.127272725105286,0.879518091678619,17.7448179529853,16.371491919964,1.37332603302126,6.19644412779452,14.8332760657786,20808,1997,-10,1,0,0,0,0,0,0,0,0,0,0,0
"Iowa","IA",1993,1,0,0,1,0,0,0,0,0,0,0,1,2820625,36.9394454956055,19075,54114052,0,459,421,38,103490,9218,16033,9085,20,NA,NA,NA,4.01999998092651,9159,99080,325.5,3521,0.154923185706139,0.985571682453156,16.2729891424773,14.9257699977842,1.34721914469311,6.12905021006055,14.8524690495634,25118,1997,-4,0,0,1,0,0,0,0,0,0,0,0,0
"Iowa","IA",1990,1,0,0,1,0,0,0,0,0,0,0,1,2779641,36.6696014404297,17632,49035173,0,465,426,39,103755,8786,14827,8166,20,NA,NA,NA,4.28999996185303,8321,105550,299.700012207031,3801.19995117188,0.142903953790665,0.929433166980743,16.7287790041951,15.3257201199723,1.40305888422282,6.14203740558736,14.8378323406373,22993,1997,-7,1,0,0,0,0,0,0,0,0,0,0,0
"Iowa","IA",2001,1,0,0,1,1,0,0,0,1,0,1,1,2931997,37.332763671875,28371,83182471,1,446,423,23,103509,9926,19132,10884,20,1588000,1535000,53000,3.29999995231628,7865,88634,268.200012207031,3023,0.184834167361259,1.0965142250061,15.2114753186992,14.4270270399322,0.784448278766997,6.10031895202006,14.8911943187958,30016,1997,4,0,0,0,0,0,0,0,0,0,1,0,0
"Iowa","IA",2007,1,0,1,1,1,0,0,0,1,0,1,1,2999212,38.0218544006348,36838,110484405,1,446,415,31,102906,11289,18852,12401,21,1664000,1602000,61000,3.70000004768372,8970,79133,300.200012207031,2648.30004882812,0.183196321129799,1.09850299358368,14.8705726704214,13.8369678435536,1.03360482686786,6.10031895202006,14.9138601454628,31253,1997,10,0,0,0,0,0,0,0,0,0,0,0,1
"Iowa","IA",1988,1,0,0,1,0,0,0,0,0,0,0,1,2768392,36.5685653686523,15435,42731445,0,557,506,51,103780,8708,14000,7907,18,NA,NA,NA,4.48000001907349,7279,108254,256.799987792969,3819.80004882812,0.134900748729706,0.908015608787537,20.1199830081867,18.2777583521409,1.84222465604582,6.32256523992728,14.8337772041899,21907,1997,-9,1,0,0,0,0,0,0,0,0,0,0,0
"Iowa","IA",2004,1,0,1,1,1,0,0,0,1,0,1,1,2953635,37.7102127075195,32255,95269002,1,388,356,32,102875,10961,19195,12343,20.2999992370605,1620000,1545000,75000,4.59999990463257,8499,85775,287.799987792969,2904.80004882812,0.186585664749146,1.12608337402344,13.1363557108444,12.0529449305686,1.08341078027583,5.96100533962327,14.8985471731663,31538,1997,7,0,0,0,0,0,0,0,0,0,0,0,1
"Iowa","IA",2012,1,0,1,1,1,1,0,1,1,0,1,1,3073563,38.5395774841309,43935,135063448,1,365,341,24,103013,11425,19099,12497,21,1644000,1560000,85000,5.09999990463257,8112,69839,263.899993896484,2271.80004882812,0.185403779149055,1.09382927417755,11.8754683082793,11.094615597598,0.780852710681382,5.89989735358249,14.9383480329229,31596,1997,15,0,0,0,0,0,0,0,0,0,0,0,1
"Iowa","IA",2009,1,0,1,1,1,0,0,0,1,0,1,1,3032870,38.1835403442383,38713,117411408,1,371,348,23,102993,11355,18754,12311,21,1688000,1581000,107000,6.30000019073486,8485,70080,282.100006103516,2329.89990234375,0.182090044021606,1.0841920375824,12.2326377325767,11.4742801372957,0.758357595281037,5.91620206260743,14.9250199238992,31065,1997,12,0,0,0,0,0,0,0,0,0,0,0,1
"Iowa","IA",2006,1,0,1,1,1,0,0,0,1,0,1,1,2982644,37.9211196899414,34557,103071512,1,439,407,32,102888,11197,18915,12440,20.7000007629395,1678000,1619000,60000,3.59999990463257,8521,84202,285.700012207031,2823.60009765625,0.183840677142143,1.11101186275482,14.7184846733301,13.6456110752742,1.07287359805595,6.08449941307517,14.9083207134316,31355,1997,9,0,0,0,0,0,0,0,0,0,0,0,1
"Iowa","IA",1984,0,0,0,0,0,0,0,0,0,0,0,0,2858624,35.6049995422363,12942,36995882,0,420,369,51,103856,8543,13181,7316,13,NA,NA,NA,7.03999996185303,5781,104785,198.699996948242,3600.89990234375,0.126916110515594,0.85637366771698,14.69238346841,12.9083083329602,1.78407513544978,6.04025471127741,14.8658509481401,20497,1997,-13,1,0,0,0,0,0,0,0,0,0,0,0
"Iowa","IA",1989,1,0,0,1,0,0,0,0,0,0,0,1,2770585,36.6688194274902,16784,46502714,0,514,467,47,103778,8773,14505,8066,20,NA,NA,NA,4.30000019073486,7563,108349,266.299987792969,3815.10009765625,0.1397695094347,0.919411838054657,18.5520386488774,16.8556460097777,1.69639263909968,6.24222326545517,14.8345690472015,22571,1997,-8,1,0,0,0,0,0,0,0,0,0,0,0
"Iowa","IA",2000,1,0,0,1,1,0,0,0,1,0,1,1,2929067,37.1962928771973,27583,80792442,1,445,417,28,103513,9863,18786,10647,20,1563000,1522000,41000,2.59999990463257,7796,86834,266.399993896484,2967.30004882812,0.181484445929527,1.07948899269104,15.1925510751376,14.2366152771514,0.955935797986185,6.09807428216624,14.8901945002495,29433,1997,3,0,0,0,0,0,0,0,0,1,0,0,0
"Iowa","IA",1998,1,0,0,1,1,0,0,0,1,0,1,1,2861025,37.2075729370117,25323,73510318,1,449,416,33,103346,9465,18592,10320,20,1602870,1556483,46387,2.89399647712708,8916,91272,311.5,3189.10009765625,0.179900527000427,1.09033274650574,15.6936762174396,14.5402434442202,1.15343277321939,6.10702288774225,14.8666905101975,28912,1997,1,0,0,0,0,0,0,1,0,0,0,0,0
"Iowa","IA",1999,1,0,0,1,1,0,0,0,1,0,1,1,2869413,37.317985534668,25870,75479423,1,490,461,29,103385,9519,18739,10399,20,1574000,1534000,40000,2.5,8034,84463,280,2943.60009765625,0.181254535913467,1.09244668483734,17.0766634151306,16.0660037436228,1.01065967150773,6.19440539110467,14.8696180372,29138,1997,2,0,0,0,0,0,0,0,1,0,0,0,0
"Iowa","IA",1996,1,0,0,1,0,0,0,0,1,0,1,1,2848603,37.2995758056641,23250,66959477,0,465,431,34,103359,9349,17101,9779,20,NA,NA,NA,3.76999998092651,7771,96296,272.5,3376.39990234375,0.16545245051384,1.0459942817688,16.3237909950948,15.130223481475,1.19356751361983,6.14203740558736,14.862339256631,26880,1997,-1,0,0,0,0,0,0,0,0,0,0,0,0
"Iowa","IA",1983,0,0,0,0,0,0,0,0,0,0,0,0,2870550,35.4137687683105,11605,33313065,0,514,476,38,103878,8411,12631,7030,13,NA,NA,NA,8.06999969482422,5262,108587,181.100006103516,3737.89990234375,0.121594563126564,0.835810244083405,17.9059762066503,16.5821880824232,1.32378812422706,6.24222326545517,14.8700142070063,19661,1997,-14,1,0,0,0,0,0,0,0,0,0,0,0
"Iowa","IA",2005,1,0,1,1,1,0,0,0,1,0,1,1,2964454,37.8244438171387,33000,97826790,1,450,414,36,102858,11114,18732,12328,20.7000007629395,1667000,1592000,75000,4.5,8697,84370,293,2845,0.182115152478218,1.10923159122467,15.1798611143907,13.9654722252395,1.21438888915126,6.10924758276437,14.9022034250586,31060,1997,8,0,0,0,0,0,0,0,0,0,0,0,1
"Iowa","IA",2003,1,0,0,1,1,0,0,0,1,0,1,1,2941999,37.5854644775391,29828,87755358,1,443,419,24,102812,10706,19194,11914,20.1000003814697,1612000,1540000,72000,4.5,8175,87554,277.899993896484,2976,0.186690270900726,1.11283397674561,15.0577889387454,14.2420170775041,0.815771861241285,6.09356977004514,14.8945998402386,31108,1997,6,0,0,0,0,0,0,0,0,0,0,0,1
"Iowa","IA",2010,1,0,1,1,1,1,0,1,1,0,1,1,3049883,38.2930946350098,39038,119079741,1,390,362,28,102992,11391,19019,12370,21,1673000,1571000,102000,6.09999990463257,8191,68740,268.5,2253.60009765625,0.184664830565453,1.08594501018524,12.7873757780216,11.8693077734457,0.918068004575913,5.96614673912369,14.9306137871921,31389,1997,13,0,0,0,0,0,0,0,0,0,0,0,1
"Iowa","IA",2011,1,0,1,1,1,1,0,1,1,0,1,1,3062775,38.4072418212891,42470,130130712,1,360,329,31,102986,11401,19020,12254,21,1667000,1570000,97000,5.80000019073486,7883,72043,257.299987792969,2351.19995117188,0.184685289859772,1.07481801509857,11.7540465754096,10.7418925647493,1.01215401066027,5.88610403145016,14.9348319257221,31274,1997,14,0,0,0,0,0,0,0,0,0,0,0,1
"Iowa","IA",1995,1,0,0,1,0,0,0,0,1,0,1,1,2840620,37.2043228149414,21425,61433617,0,527,491,36,103365,9337,16548,9439,20,NA,NA,NA,3.5,10071,106504,354.399993896484,3747.5,0.160092875361443,1.01092433929443,18.5522878808148,17.2849589174194,1.26732896339532,6.26720054854136,14.8595328961704,25987,1997,-2,0,0,0,0,1,0,0,0,0,0,0,0
"Iowa","IA",2002,1,0,0,1,1,0,0,0,1,0,1,1,2934234,37.4636459350586,29178,85614700,1,405,382,23,103535,9914,19586,11261,20.1000003814697,1667000,1601000,67000,4,8388,92877,285.700012207031,3163.60009765625,0.189172744750977,1.13586843013763,13.8025801623183,13.018729930878,0.783850231440301,6.00388706710654,14.8919569891061,30847,1997,5,0,0,0,0,0,0,0,0,0,0,1,0
"Kansas","KS",2005,0,1,1,1,1,0,0,0,0,0,0,1,2745299,36.4995460510254,33419,91745336,1,428,399,29,123695,11767,14202,15419,24,1481000,1406000,75000,5.09999990463257,10701,104588,389,3806,0.114814661443233,1.31035947799683,15.5902872510426,14.5339360120701,1.05635123897251,6.0591231955818,14.8254005523126,29621,1995,10,0,0,0,0,0,0,0,0,0,0,0,1
"Kansas","KS",2004,0,1,1,1,1,0,0,0,0,0,0,1,2734373,36.3549957275391,31961,87394284,1,459,435,24,124158,10859,15092,14080,24,1480000,1398000,82000,5.5,10330,109771,377.899993896484,4015.5,0.121554791927338,1.29662036895752,16.7862979922637,15.9085830645636,0.877714927700061,6.12905021006055,14.8214127170993,29172,1995,9,0,0,0,0,0,0,0,0,0,0,0,1
"Kansas","KS",1997,0,1,1,1,1,0,0,0,0,0,0,1,2601437,36.1629333496094,24967,65795047,1,482,446,36,123637,9904,13954,12570,18,NA,NA,NA,3.75999999046326,11151,122553,429.700012207031,4722.7001953125,0.112862654030323,1.26918411254883,18.528221133166,17.1443705920997,1.38385054106634,6.1779441140506,14.7715745426213,26524,1995,2,0,0,0,0,0,0,0,1,0,0,0,0
"Kansas","KS",1983,0,0,0,0,0,0,0,0,0,0,0,0,2415537,34.9704513549805,12654,30565460,0,411,378,33,123945,8320,10207,7946,10,NA,NA,NA,6.07000017166138,7919,101928,326.600006103516,4203.2001953125,0.0823510438203812,0.955048084259033,17.014850114074,15.6486942654987,1.36615584857529,6.01859321449623,14.6974321805989,18153,1995,-12,1,0,0,0,0,0,0,0,0,0,0,0
"Kansas","KS",2003,0,1,1,1,1,0,0,0,0,0,0,1,2723004,36.2098579406738,30783,83821149,1,469,439,30,124418,10594,15209,13463,23,1434000,1357000,77000,5.40000009536743,10831,109276,397.5,4010.39990234375,0.122241154313087,1.27081370353699,17.2236250846492,16.1219006655884,1.10172441906071,6.15060276844628,14.8172462406229,28672,1995,8,0,0,0,0,0,0,0,0,0,0,0,1
"Kansas","KS",1991,0,1,0,1,1,0,0,0,0,0,0,1,2493676,35.6004676818848,18926,47291079,0,409,382,27,124360,9107,12793,10393,17,NA,NA,NA,4.46000003814697,12465,125616,499.600006103516,5034.7001953125,0.10287069529295,1.14121007919312,16.4014892070983,15.3187503107862,1.08273889631211,6.0137151560428,14.7292684849946,23186,1995,-4,0,0,1,0,0,0,0,0,0,0,0,0
"Kansas","KS",2002,0,1,1,1,1,0,0,0,0,0,0,1,2713535,36.0863189697266,29895,81120073,1,507,477,30,124528,10510,15238,13205,21,1414000,1342000,72000,5.09999990463257,10229,100768,377.200012207031,3716,0.122366055846214,1.25642240047455,18.6841150012806,17.5785460662936,1.10556893498702,6.22851100359118,14.813762770873,28443,1995,7,0,0,0,0,0,0,0,0,0,0,0,1
"Kansas","KS",1998,0,1,1,1,1,0,0,0,0,0,0,1,2638667,35.9009590148926,26399,70236904,1,492,448,44,123745,10081,14234,12861,18,1401590,1348798,52792,3.76657938957214,10972,117114,417.299987792969,4454.7001953125,0.115026868879795,1.27576625347137,18.6457783418673,16.9782697096678,1.66750863219952,6.19847871649231,14.7857844233629,27095,1995,3,0,0,0,0,0,0,0,0,1,0,0,0
"Kansas","KS",1999,0,1,1,1,1,0,0,0,0,0,0,1,2654052,35.9694900512695,27235,72945173,1,540,500,40,123791,10171,14578,13121,18,1434000,1392000,43000,3,10159,107644,382.799987792969,4055.80004882812,0.117763005197048,1.2900402545929,20.3462479258131,18.8391184498269,1.50712947598615,6.29156913955832,14.7915980867494,27699,1995,4,0,0,0,0,0,0,0,0,0,1,0,0
"Kansas","KS",2000,0,1,1,1,1,0,0,0,0,0,0,1,2693681,35.8655700683594,28764,77482342,1,461,438,23,124375,10208,14855,13275,20,1411000,1359000,52000,3.70000004768372,10470,108057,389.399993896484,4019.39990234375,0.11943718791008,1.30045068264008,17.1141274709218,16.2602772934137,0.853850177508027,6.13339804299665,14.8064192176569,28130,1995,5,0,0,0,0,0,0,0,0,0,0,1,0
"Kansas","KS",2012,1,0,1,1,1,1,0,1,1,0,1,1,2861897,37.1738548278809,43015,124137357,1,405,369,36,127573,13041,15083,15490,24,1478000,1396000,82000,5.59999990463257,10232,90710,354.600006103516,3143.19995117188,0.11823034286499,1.18779230117798,14.151452690296,12.8935457844919,1.25790690580409,6.00388706710654,14.8669952496319,30573,1995,17,0,0,0,0,0,0,0,0,0,0,0,1
"Kansas","KS",1992,0,1,0,1,1,0,0,0,0,0,0,1,2517896,35.7139205932617,20139,50999243,0,387,364,23,124147,9508,12890,11273,18,NA,NA,NA,4.26999998092651,12888,121334,510.799987792969,4809.10009765625,0.103828527033329,1.18563318252563,15.3699755669019,14.4565144866984,0.913461080203471,5.95842469302978,14.7389341901123,24163,1995,-3,0,0,0,1,0,0,0,0,0,0,0,0
"Kansas","KS",1989,0,1,0,1,1,0,0,0,0,0,0,1,2472847,35.4780807495117,17380,42977311,0,428,392,36,124169,8987,12364,9549,15,NA,NA,NA,4.03999996185303,10073,115146,400.799987792969,4582,0.0995739698410034,1.06253480911255,17.307985492026,15.8521736282107,1.45581186381527,6.0591231955818,14.7208806764133,21913,1995,-6,1,0,0,0,0,0,0,0,0,0,0,0
"Kansas","KS",1990,0,1,0,1,1,0,0,0,0,0,0,1,2480620,35.5970802307129,18401,45658133,0,444,403,41,124473,9105,12565,10284,16,NA,NA,NA,4.48000001907349,11093,117571,447.700012207031,4745.39990234375,0.100945584475994,1.12948930263519,17.8987511186719,16.2459385153712,1.65281260330079,6.09582456243222,14.7240190868964,22849,1995,-5,0,1,0,0,0,0,0,0,0,0,0,0
"Kansas","KS",1996,0,1,1,1,1,0,0,0,0,0,0,1,2584650,36.1358795166016,23686,61927607,1,490,466,24,123629,9757,14039,11903,18,NA,NA,NA,4.51000022888184,10642,109772,413.799987792969,4268,0.113557495176792,1.21994459629059,18.9580794304838,18.0295204379703,0.928558992513493,6.19440539110467,14.7651006602394,25942,1995,1,0,0,0,0,0,0,1,0,0,0,0,0
"Kansas","KS",2007,0,1,1,1,1,0,0,0,0,0,0,1,2783785,36.7014923095703,37959,105670818,1,416,394,22,127612,12658,14297,15751,24,1491000,1431000,61000,4.09999990463257,12730,102961,458.600006103516,3709,0.112034916877747,1.24435138702393,14.9436827915949,14.1533918747317,0.790290916863192,6.03068526026126,14.8393220704428,30048,1995,12,0,0,0,0,0,0,0,0,0,0,0,1
"Kansas","KS",1984,0,0,0,0,0,0,0,0,0,0,0,0,2424076,35.0815353393555,13809,33474600,0,510,460,50,123774,8433,10618,8099,11,NA,NA,NA,5.26999998092651,8147,97646,334.200012207031,4005.19995117188,0.0857853814959526,0.960393667221069,21.0389443235278,18.9763027231819,2.06264160034586,6.23441072571837,14.7009609788152,18717,1995,-11,1,0,0,0,0,0,0,0,0,0,0,0
"Kansas","KS",1985,0,0,0,0,0,0,0,0,0,0,0,1,2427412,35.149772644043,14536,35285747,0,486,445,41,123842,8567,10823,8452,11,NA,NA,NA,5.01000022888184,8716,98474,355.799987792969,4019.30004882812,0.0873936116695404,0.98657637834549,20.0213231210853,18.3322814586069,1.68904166247839,6.18620862390049,14.7023362272032,19275,1995,-10,1,0,0,0,0,0,0,0,0,0,0,0
"Kansas","KS",1986,0,1,0,0,0,0,0,0,0,0,0,1,2432616,35.295280456543,15203,36983397,0,500,456,44,123926,8716,11099,8727,11,NA,NA,NA,5.42000007629395,9076,109607,368.799987792969,4453.7998046875,0.0895615145564079,1.00126206874847,20.5540044133558,18.7452520249805,1.80875238837531,6.21460809842219,14.7044777794695,19826,1995,-9,1,0,0,0,0,0,0,0,0,0,0,0
"Kansas","KS",2001,0,1,1,1,1,0,0,0,0,0,0,1,2702162,35.9861831665039,29782,80476477,1,494,465,29,124299,10426,14766,13389,20,1381000,1322000,59000,4.30000019073486,10909,105537,403.700012207031,3905.69995117188,0.118794195353985,1.2841933965683,18.2816574283851,17.2084427210508,1.07321470733435,6.20253551718792,14.8095627512935,28155,1995,6,0,0,0,0,0,0,0,0,0,0,0,1
"Kansas","KS",2009,0,1,1,1,1,0,0,1,0,0,0,1,2832704,36.8199195861816,38737,109730790,1,386,359,27,127859,12750,14452,15045,24,1529000,1425000,103000,6.80000019073486,11460,90930,406.600006103516,3225.89990234375,0.113030761480331,1.17999994754791,13.6265561103454,12.673403221798,0.95315288854748,5.95583736946483,14.8567422904736,29497,1995,14,0,0,0,0,0,0,0,0,0,0,0,1
"Kansas","KS",1988,0,1,0,1,1,0,0,0,0,0,0,1,2461987,35.4469337463379,16522,40676332,0,483,448,35,124068,8897,11996,9165,11,NA,NA,NA,4.76999998092651,9083,112280,365.200012207031,4514.7001953125,0.096688911318779,1.03012251853943,19.6183001778645,18.1966842229468,1.42161595491771,6.18001665365257,14.7164793054526,21161,1995,-7,1,0,0,0,0,0,0,0,0,0,0,0
"Kansas","KS",2011,1,0,1,1,1,1,0,1,1,0,1,1,2848897,37.0620346069336,42079,120782820,1,386,369,17,127532,12980,14698,15323,24,1500000,1399000,101000,6.69999980926514,10209,88655,355.700012207031,3088.60009765625,0.115249507129192,1.18050849437714,13.5491033898382,12.9523812198195,0.596722170018783,5.95583736946483,14.8624424597904,30021,1995,16,0,0,0,0,0,0,0,0,0,0,0,1
"Kansas","KS",2006,0,1,1,1,1,0,0,0,0,0,0,1,2762931,36.6154479980469,35973,99391548,1,468,439,29,127591,12789,14235,15980,24,1471000,1406000,65000,4.40000009536743,11960,104260,432.700012207031,3772,0.111567430198193,1.24951124191284,16.938533752743,15.888923755244,1.04960999749903,6.14846829591765,14.8318026307381,30215,1995,11,0,0,0,0,0,0,0,0,0,0,0,1
"Kansas","KS",1995,0,1,1,1,1,0,0,0,0,0,0,1,2574567,36.0154647827148,22343,58115523,1,442,397,45,123632,9691,13613,11540,18,NA,NA,NA,4.46999979019165,10792,114558,420.700012207031,4466.2001953125,0.110109031200409,1.19079554080963,17.1679354237043,15.4200686950466,1.74786672865767,6.0913098820777,14.7611919226005,25153,1995,0,0,0,0,0,0,1,0,0,0,0,0,0
"Kansas","KS",1993,0,1,1,1,1,0,0,0,0,0,0,1,2538069,35.7961006164551,20873,53362348,0,428,398,30,123676,9580,12847,11268,18,NA,NA,NA,5.05999994277954,12564,113360,496.399993896484,4478.89990234375,0.103876255452633,1.17620038986206,16.863213726656,15.6812127645072,1.18200096214878,6.0591231955818,14.7469141136481,24115,1995,-2,0,0,0,0,1,0,0,0,0,0,0,0
"Kansas","KS",2008,0,1,1,1,1,0,0,0,0,0,0,1,2808076,36.7479782104492,40598,114003572,1,384,359,25,127859,12750,14484,15243,24,1507000,1440000,67000,4.5,11554,94882,412.299987792969,3386.10009765625,0.113281033933163,1.19552946090698,13.6748435583652,12.7845542642008,0.890289294164403,5.95064255258773,14.8480101092886,29727,1995,13,0,0,0,0,0,0,0,0,0,0,0,1
"Kansas","KS",1987,0,1,0,1,0,0,0,0,0,0,0,1,2445387,35.3615913391113,15811,38664766,0,491,460,31,124073,8858,11496,9065,11,NA,NA,NA,4.96999979019165,8932,112488,360.700012207031,4543.10009765625,0.0926551297307014,1.02336871623993,20.0786215024452,18.8109284951625,1.26769300728269,6.19644412779452,14.7097139505744,20561,1995,-8,1,0,0,0,0,0,0,0,0,0,0,0
"Kansas","KS",2010,1,0,1,1,1,1,0,1,0,0,0,1,2859169,36.897216796875,38787,110884681,1,431,412,19,127675,12978,14568,15331,24,1497000,1385000,111000,7.40000009536743,10602,89109,370.799987792969,3116.60009765625,0.114102214574814,1.18130683898926,15.0743100530259,14.4097813035886,0.664528749437337,6.06610809010375,14.8660415811349,29899,1995,15,0,0,0,0,0,0,0,0,0,0,0,1
"Kansas","KS",1994,0,1,1,1,1,0,0,0,0,0,0,1,2558077,35.8690528869629,21623,55798799,0,442,419,23,123684,9596,13359,11319,18,NA,NA,NA,5.30000019073486,11314,112477,443,4404,0.108009122312069,1.1795539855957,17.2786042015154,16.3794913132013,0.899112888314152,6.0913098820777,14.7547663623098,24678,1995,-1,0,0,0,0,0,0,0,0,0,0,0,0
"Kentucky","KY",1985,0,0,0,1,0,0,0,0,0,0,0,1,3694827,34.398811340332,11550,42675845,0,712,630,82,61966,7494,16699,11821,10,NA,NA,NA,9.48999977111816,11384,98428,305.5,2641.69995117188,0.269486486911774,1.57739520072937,19.2701850451997,17.0508659810053,2.21931906419435,6.56807791141198,15.1224442912413,28520,2007,-22,1,0,0,0,0,0,0,0,0,0,0,0
"Kentucky","KY",2005,0,1,1,1,0,0,0,0,0,0,0,1,4182742,37.0281562805176,29193,122107619,0,985,915,70,65701,12320,27321,20145,18.5,2008000,1885000,124000,6.19999980926514,11134,105608,267,2531,0.415838420391083,1.63514614105225,23.5491455126804,21.8756021767539,1.67354333592653,6.89264164117209,15.2464775703008,47466,2007,-2,0,0,0,0,1,0,0,0,0,0,0,0
"Kentucky","KY",1984,0,0,0,0,0,0,0,0,0,0,0,1,3695451,34.1958541870117,11060,40871805,0,754,663,91,61861,7478,16451,11500,10,NA,NA,NA,9.32999992370605,10342,99803,277.799987792969,2680.69995117188,0.26593491435051,1.53784430027008,20.4034636097191,17.9409766223392,2.46248698737989,6.62539236800796,15.1226131617497,27951,2007,-23,1,0,0,0,0,0,0,0,0,0,0,0
"Kentucky","KY",2011,1,0,1,1,0,1,0,1,0,0,0,1,4343520,38.011402130127,34545,150849692,1,720,663,57,66588,12632,27886,20175,26.3999996185303,2055000,1859000,196000,9.5,10465,119037,239.600006103516,2725.89990234375,0.41878417134285,1.59713423252106,16.5764172836778,15.2641175820533,1.31229970162449,6.5792512120101,15.2841956372531,48061,2007,4,0,0,0,0,0,0,0,0,0,1,0,0
"Kentucky","KY",2006,1,0,1,1,0,0,0,0,0,0,0,1,4219239,37.2186012268066,30666,129388585,0,913,853,60,65907,12326,27367,20375,19.7000007629395,2036000,1922000,114000,5.59999990463257,11361,109428,270.100006103516,2601.69995117188,0.415236622095108,1.65300989151001,21.6389732840448,20.2169158940747,1.42205738997009,6.81673588059497,15.2551653379969,47742,2007,-1,0,0,0,0,0,0,0,0,0,0,0,0
"Kentucky","KY",1983,0,0,0,0,0,0,0,0,0,0,0,1,3694480,34.0168228149414,9912,36618128,0,778,682,96,61696,7454,15636,11083,10,NA,NA,NA,11.6099996566772,11967,115602,322.200012207031,3112.60009765625,0.253436207771301,1.48685264587402,21.0584439488101,18.4599727160521,2.59847123275806,6.65672652417839,15.1223503717438,26719,2007,-24,1,0,0,0,0,0,0,0,0,0,0,0
"Kentucky","KY",1997,0,1,0,1,0,0,0,0,0,0,0,1,3910366,36.3681678771973,21301,84199361,0,857,783,74,62006,11025,25136,19626,16.3999996185303,NA,NA,NA,5.36999988555908,12386,109819,316.899993896484,2810.10009765625,0.405380129814148,1.78013610839844,21.9161070856283,20.0237011062392,1.89240597938914,6.75343791859778,15.1791415337189,44762,2007,-10,1,0,0,0,0,0,0,0,0,0,0,0
"Kentucky","KY",2004,0,1,1,1,0,0,0,0,0,0,0,1,4146101,36.8625793457031,28080,116423510,0,964,908,56,65387,11978,27351,19971,16.3999996185303,1977000,1874000,103000,5.19999980926514,10152,105209,245.100006103516,2540.19995117188,0.418294161558151,1.66730678081512,23.2507601720267,21.9000936060168,1.35066656600985,6.87109129461055,15.2376789325109,47322,2007,-3,0,0,0,1,0,0,0,0,0,0,0,0
"Kentucky","KY",1998,0,1,0,1,0,0,0,0,0,0,0,1,3934310,36.1225395202637,22429,89389076,0,858,783,75,62611,11024,26405,20172,16.3999996185303,1920305,1832782,87523,4.5577654838562,12909,109721,328,2787.60009765625,0.421730995178223,1.82982587814331,21.808144248928,19.9018379334623,1.90630631546574,6.75460409948796,15.1852460750299,46577,2007,-9,1,0,0,0,0,0,0,0,0,0,0,0
"Kentucky","KY",1986,0,0,0,1,0,0,0,0,0,0,0,1,3687813,34.6264381408691,11902,43892933,0,805,708,97,62063,7533,17044,12208,15,NA,NA,NA,9.27999973297119,12467,102810,334.399993896484,2757.80004882812,0.274624168872833,1.62060272693634,21.8286556286883,19.1983704162874,2.63028521240095,6.69084227741856,15.1205441573839,29252,2007,-21,1,0,0,0,0,0,0,0,0,0,0,0
"Kentucky","KY",1996,0,1,0,1,0,0,0,0,0,0,0,1,3882545,36.3198127746582,20232,79298191,0,842,781,61,62875,10283,23674,18912,16.3999996185303,NA,NA,NA,5.6100001335144,12448,110531,320.5,2845.80004882812,0.376524865627289,1.83915197849274,21.6868059481603,20.1156715504907,1.57113439766957,6.73578001424233,15.1720014244079,42586,2007,-11,1,0,0,0,0,0,0,0,0,0,0,0
"Kentucky","KY",2008,1,0,1,1,0,0,0,0,0,0,0,1,4289878,37.4933967590332,32838,140870507,1,825,751,74,66213,12536,27447,20087,22.5,2023000,1896000,127000,6.30000019073486,12690,114492,297.200012207031,2681.80004882812,0.414525836706161,1.60234522819519,19.2313161353307,17.5063253547071,1.7249907806236,6.71538338633468,15.2717688522714,47534,2007,1,0,0,0,0,0,0,1,0,0,0,0,0
"Kentucky","KY",1989,0,0,0,1,0,0,0,0,0,0,0,1,3677312,35.3368377685547,14715,54110047,0,772,698,74,62098,7613,18826,13339,15,NA,NA,NA,6.17999982833862,13302,110328,356.899993896484,2960.19995117188,0.303165972232819,1.7521345615387,20.9935953218003,18.9812558738557,2.01233944794459,6.64898455002478,15.117692608465,32165,2007,-18,1,0,0,0,0,0,0,0,0,0,0,0
"Kentucky","KY",1990,0,0,0,1,0,0,0,0,0,0,0,1,3692550,35.5931396484375,15549,57439392,0,849,770,79,61976,7692,19871,13768,15.3999996185303,NA,NA,NA,5.90999984741211,14386,107208,390.399993896484,2909.10009765625,0.320624113082886,1.78991162776947,22.9922411341756,20.8527982017847,2.1394429323909,6.74405918631135,15.1218278342574,33639,2007,-17,1,0,0,0,0,0,0,0,0,0,0,0
"Kentucky","KY",2007,1,0,1,1,0,0,0,0,0,0,0,1,4256672,37.3423919677734,31691,134898508,1,864,816,48,66109,12480,27673,20390,21,2041000,1932000,110000,5.40000009536743,12329,107987,290.700012207031,2546,0.418596565723419,1.63381409645081,20.2975470038565,19.1699055036423,1.12764150021425,6.76157276880406,15.2639981922764,48063,2007,0,0,0,0,0,0,1,0,0,0,0,0,0
"Kentucky","KY",1987,0,0,0,1,0,0,0,0,0,0,0,1,3683325,34.8777122497559,12576,46321516,0,844,732,112,62078,7551,17604,12716,15,NA,NA,NA,8.77000045776367,12589,109284,337.799987792969,2932.19995117188,0.283578723669052,1.68401539325714,22.9140789911289,19.8733481297469,3.04073086138204,6.73815249459596,15.1193264348139,30320,2007,-20,1,0,0,0,0,0,0,0,0,0,0,0
"Kentucky","KY",2009,1,0,1,1,0,0,0,0,0,0,0,1,4317074,37.6433219909668,32290,139396458,1,791,745,46,66380,12583,27307,20048,24.1000003814697,2064000,1846000,218000,10.6000003814697,11000,108914,255,2524.60009765625,0.411373913288116,1.59326076507568,18.3225953504619,17.2570588319774,1.06553651848451,6.67329796776765,15.2780884159242,47355,2007,2,0,0,0,0,0,0,0,1,0,0,0,0
"Kentucky","KY",2012,1,0,1,1,0,1,0,1,0,0,0,1,4355155,38.2014579772949,35643,156130918,1,746,686,60,66701,12620,27349,19995,28.5,2065000,1900000,165000,8,9752,111826,222.600006103516,2552.89990234375,0.410023838281631,1.58438980579376,17.1291262882722,15.7514485707168,1.3776777175554,6.61472560020376,15.2868707589098,47344,2007,5,0,0,0,0,0,0,0,0,0,0,1,0
"Kentucky","KY",1995,0,1,0,1,0,0,0,0,0,0,0,1,3856107,36.1564483642578,19223,74726628,0,849,788,61,62700,10298,22906,18189,16.3999996185303,NA,NA,NA,5.40000009536743,14079,115298,364.700012207031,2987,0.365326941013336,1.76626527309418,22.0170239051977,20.4351175939879,1.58190631120973,6.74405918631135,15.1651686832902,41095,2007,-12,1,0,0,0,0,0,0,0,0,0,0,0
"Kentucky","KY",1991,0,0,0,1,0,0,0,0,0,0,0,1,3716390,35.6681632995605,16281,60602940,0,826,764,62,62029,7697,20911,14302,15.3999996185303,NA,NA,NA,7.44999980926514,16262,108430,438,2920.30004882812,0.33711650967598,1.85812652111053,22.2258697284192,20.5575841071578,1.66828562126149,6.71659477352098,15.1282633249697,35213,2007,-16,1,0,0,0,0,0,0,0,0,0,0,0
"Kentucky","KY",1988,0,0,0,1,0,0,0,0,0,0,0,1,3680003,35.1282997131348,13686,50364229,0,838,756,82,62251,7597,18571,13043,15,NA,NA,NA,7.84999990463257,12284,104362,330.100006103516,2804.69995117188,0.298324525356293,1.71686196327209,22.7717205665321,20.5434615134825,2.22825905304969,6.73101810048208,15.1184241253622,31614,2007,-19,1,0,0,0,0,0,0,0,0,0,0,0
"Kentucky","KY",2003,0,1,1,1,0,0,0,0,0,0,0,1,4117170,36.7188720703125,26734,110066468,0,928,859,69,65028,11983,26853,19895,16.3999996185303,1956000,1836000,120000,6.19999980926514,10232,103370,248.5,2510.10009765625,0.412945181131363,1.66026866436005,22.5397542486708,20.8638457969916,1.67590845167919,6.8330317327862,15.2306765921026,46748,2007,-4,0,0,1,0,0,0,0,0,0,0,0,0
"Kentucky","KY",2002,0,1,1,1,0,0,0,0,0,0,0,1,4089875,36.5628852844238,26214,107212958,0,915,851,64,66483,11889,27041,19800,16.3999996185303,1966000,1857000,110000,5.59999990463257,11101,108590,271.399993896484,2655.10009765625,0.406735569238663,1.66540503501892,22.3723218924784,20.8074818912558,1.56484000122253,6.81892406527552,15.2240249652048,46841,2007,-5,0,1,0,0,0,0,0,0,0,0,0,0
"Kentucky","KY",1994,0,1,0,1,0,0,0,0,0,0,0,1,3824117,35.9973297119141,18533,71333862,0,778,719,59,62670,10311,22053,17769,16.3999996185303,NA,NA,NA,5.38000011444092,16991,110725,444,2893.30004882812,0.351890861988068,1.72330522537231,20.3445658174162,18.8017259932162,1.54283982419994,6.65672652417839,15.1568381489197,39822,2007,-13,1,0,0,0,0,0,0,0,0,0,0,0
"Kentucky","KY",1992,0,0,0,1,0,0,0,0,0,0,0,1,3758377,35.7918319702148,17350,65331832,0,815,724,91,61757,10008,21393,16669,15.3999996185303,NA,NA,NA,6.92999982833862,20107,104692,535.5,2788.10009765625,0.346406072378159,1.66556751728058,21.6848921755322,19.2636342761783,2.4212578993539,6.70318811324086,15.1394977732427,38062,2007,-15,1,0,0,0,0,0,0,0,0,0,0,0
"Kentucky","KY",1993,0,0,0,1,0,0,0,0,0,0,0,1,3793694,35.9167633056641,17803,67868805,0,871,798,73,62493,10139,22015,17583,15.3999996185303,NA,NA,NA,6.17999982833862,17530,105979,462.700012207031,2797,0.352279454469681,1.73419463634491,22.959152741365,21.0349068744079,1.92424586695711,6.7696419768525,15.1488507725607,39598,2007,-14,1,0,0,0,0,0,0,0,0,0,0,0
"Kentucky","KY",2010,1,0,1,1,0,1,0,1,0,0,0,1,4346266,37.7959251403809,32947,143210961,1,760,692,68,66628,12556,27753,20254,25.6000003814697,2056000,1844000,212000,10.3000001907349,10604,111170,243.899993896484,2557.30004882812,0.416536599397659,1.61309337615967,17.4862744249892,15.9217130290691,1.56456139592008,6.63331843328038,15.2848276436319,48007,2007,3,0,0,0,0,0,0,0,0,1,0,0,0
"Kentucky","KY",1999,0,1,0,1,0,0,0,0,0,0,0,1,3960825,36.3371696472168,23239,93375118,0,814,751,63,63041,11079,27461,20355,16.3999996185303,1970000,1882000,88000,4.5,12212,104768,308.299987792969,2645.10009765625,0.435605406761169,1.83725965023041,20.5512740401305,18.9606963195799,1.59057772055064,6.70196036600254,15.1919628948656,47816,2007,-8,1,0,0,0,0,0,0,0,0,0,0,0
"Kentucky","KY",2000,0,1,0,1,0,0,0,0,0,0,0,1,4049021,36.2857360839844,24938,100975675,0,820,762,58,67440,11826,26760,20043,16.3999996185303,1982000,1900000,82000,4.09999990463257,11903,107723,294.5,2665.19995117188,0.396797150373459,1.69482493400574,20.2518090175378,18.8193639894681,1.43244502806975,6.7093043402583,15.2139856814666,46803,2007,-7,1,0,0,0,0,0,0,0,0,0,0,0
"Kentucky","KY",2001,0,1,1,1,0,0,0,0,0,0,0,1,4068132,36.4158821105957,25703,104564714,0,845,782,63,67105,11808,26639,19619,16.3999996185303,1968000,1860000,108000,5.5,10510,107356,258.299987792969,2638.5,0.396974891424179,1.66150069236755,20.7712040808902,19.2225817648002,1.54862231609004,6.73933662735717,15.2186944840017,46258,2007,-6,1,0,0,0,0,0,0,0,0,0,0,0
"Louisiana","LA",1984,0,0,0,1,1,0,0,0,0,0,0,0,4400474,32.271053314209,11567,50901733,0,961,775,186,45899,12224,17727,13861,16,NA,NA,NA,10.0299997329712,30251,197778,678,4432.5,0.386217564344406,1.1339168548584,21.8385564827789,17.6117390990152,4.22681738376366,6.86797440897029,15.297222820359,31588,1998,-14,1,0,0,0,0,0,0,0,0,0,0,0
"Louisiana","LA",1983,0,0,0,1,0,0,0,0,0,0,0,0,4395316,32.1399612426758,10881,47827103,0,933,754,179,45796,12214,16498,11075,8,NA,NA,NA,11.7600002288818,28444,194636,640.900024414062,4385.7001953125,0.360249817371368,0.906746327877045,21.2271427128334,17.15462551498,4.07251719785335,6.83840520084734,15.296049986403,27573,1998,-15,1,0,0,0,0,0,0,0,0,0,0,0
"Louisiana","LA",1997,1,0,0,0,1,0,0,0,0,0,0,1,4353646,34.9041290283203,21141,93467188,0,931,763,168,46783,13915,21408,17432,20,NA,NA,NA,6.1100001335144,37248,243423,855.900024414062,5593.39990234375,0.457602113485336,1.25274884700775,21.384375302907,17.525540661781,3.85883464112608,6.83625927727707,15.2865242129237,38840,1998,-1,0,0,0,0,0,0,0,0,0,0,0,0
"Louisiana","LA",1985,0,0,0,0,1,0,0,0,0,0,0,0,4408121,32.4050102233887,12020,52984256,0,931,782,149,45870,12371,18419,14946,16,NA,NA,NA,11.5100002288818,31108,218195,694.200012207031,4869.2998046875,0.401547849178314,1.2081481218338,21.120109906239,17.739984905133,3.38012500110591,6.83625927727707,15.2989590795289,33365,1998,-13,1,0,0,0,0,0,0,0,0,0,0,0
"Louisiana","LA",1986,0,0,0,0,1,0,0,0,0,0,0,0,4406918,32.6454620361328,12029,53009238,0,932,759,173,46020,12209,16289,13572,16,NA,NA,NA,13.1000003814697,34128,239444,758.200012207031,5319.7998046875,0.353954792022705,1.11163890361786,21.1485668669124,17.2229208712302,3.92564599568224,6.83733281468559,15.298686136889,29861,1998,-12,1,0,0,0,0,0,0,0,0,0,0,0
"Louisiana","LA",1998,1,0,0,0,1,0,0,0,0,0,0,1,4362758,34.6482772827148,22020,97776628,1,926,788,138,46818,13929,22489,17837,20,2027269,1918911,108358,5.3450231552124,34057,232378,779.5,5318.7998046875,0.480349451303482,1.28056573867798,21.225105770249,18.0619690571881,3.16313671306087,6.83087423464618,15.2886149841452,40326,1998,0,0,0,0,0,0,1,0,0,0,0,0,0
"Louisiana","LA",1996,1,0,0,0,1,0,0,0,0,0,0,1,4339871,34.7126197814941,20192,88820056,0,902,745,157,46702,13965,20710,17385,20,NA,NA,NA,6.73000001907349,40426,257130,929.099975585938,5909.7001953125,0.443449974060059,1.24489796161652,20.7840279123504,17.1664088633049,3.61761904904547,6.80461452006262,15.2833551821325,38095,1998,-2,0,0,0,0,1,0,0,0,0,0,0,0
"Louisiana","LA",2010,1,0,1,0,1,1,0,1,1,0,1,1,4544228,36.6607780456543,37217,169116698,1,721,631,90,44992,16335,19052,26386,20,2092000,1928000,164000,7.80000019073486,25241,165667,555.299987792969,3644.80004882812,0.423453062772751,1.61530458927155,15.8662813573615,13.8857469299516,1.98053442740989,6.58063913728495,15.3293684141807,45438,1998,12,0,0,0,0,0,0,0,0,0,0,0,1
"Louisiana","LA",2011,1,0,1,0,1,1,0,1,1,0,1,1,4556851,36.8728179931641,38623,176689867,1,680,569,111,44466,17169,20073,26439,20,2054000,1893000,161000,7.80000019073486,25373,168529,554.599975585938,3683.89990234375,0.451423555612564,1.53992664813995,14.9225857944445,12.4866931132925,2.43589268115196,6.52209279817015,15.3321423727617,46512,1998,13,0,0,0,0,0,0,0,0,0,0,0,1
"Louisiana","LA",1989,0,1,0,0,1,0,0,0,0,0,0,1,4252906,33.3437271118164,14024,59640964,0,878,720,158,46277,12244,18180,19734,16,NA,NA,NA,7.92999982833862,34257,239235,781.799987792969,5459.5,0.392851740121841,1.61172819137573,20.6447074071235,16.9296006072083,3.71510679991516,6.77764659363512,15.2631130719459,37914,1998,-9,1,0,0,0,0,0,0,0,0,0,0,0
"Louisiana","LA",2003,1,0,0,0,1,0,0,0,0,0,0,1,4521042,35.445499420166,26334,119056211,1,940,834,106,46987,13950,24262,19894,20,2037000,1904000,134000,6.59999990463257,28622,193698,636.900024414062,4310.5,0.516355574131012,1.42609322071075,20.7916670537456,18.4470748115147,2.34459224223088,6.84587987526405,15.3242530562137,44156,1998,5,0,0,0,0,0,0,0,0,0,0,1,0
"Louisiana","LA",2004,1,0,1,0,1,0,0,0,0,0,0,1,4552238,35.5995750427246,27544,125389091,1,927,809,118,46128,14815,21603,23004,20,2058000,1934000,124000,6,28844,199153,640,4419.10009765625,0.468327254056931,1.55275058746338,20.3636101627375,17.7714785562618,2.59213160647576,6.83195356556585,15.3311295381315,44607,1998,6,0,0,0,0,0,0,0,0,0,0,0,1
"Louisiana","LA",2005,1,0,1,0,1,0,0,0,0,0,0,1,4576628,35.781551361084,29371,134419282,1,963,825,138,45434,15519,19463,25516,20,2098000,1973000,125000,6,26889,166611,597,3696,0.428379625082016,1.64417815208435,21.0416927047599,18.0263722548566,3.01532044990329,6.87005341179813,15.3364730403878,44979,1998,7,0,0,0,0,0,0,0,0,0,0,0,1
"Louisiana","LA",2006,1,0,1,0,1,0,0,0,0,0,0,1,4302665,36.3101844787598,33179,142756204,1,987,865,122,44993,15933,19678,25739,20,1996000,1905000,91000,4.59999990463257,30923,174975,721.200012207031,4080.80004882812,0.437356919050217,1.61545217037201,22.939271358565,20.1038193770605,2.83545198150449,6.89467003943348,15.2747451561291,45417,1998,8,0,0,0,0,0,0,0,0,0,0,0,1
"Louisiana","LA",1993,0,1,0,0,1,0,0,0,0,0,0,1,4285622,34.2111358642578,17644,76158622,0,878,715,163,45833,13766,18763,17588,20,NA,NA,NA,7.48999977111816,45600,248461,1061.69995117188,5784.89990234375,0.40937751531601,1.27764058113098,20.4871078223884,16.6836925888471,3.80341523354136,6.77764659363512,15.2707762570059,36351,1998,-5,0,1,0,0,0,0,0,0,0,0,0,0
"Louisiana","LA",2009,1,0,1,0,1,1,0,1,1,0,1,1,4491648,36.5284080505371,36378,163396269,1,824,701,123,44996,16340,19359,25504,20,2076000,1929000,147000,7.09999990463257,28878,172619,642.900024414062,3842.69995117188,0.430238246917725,1.56083226203918,18.3451597275655,15.6067438944459,2.7384158331196,6.71417052990947,15.3177302302384,44863,1998,11,0,0,0,0,0,0,0,0,0,0,0,1
"Louisiana","LA",1995,0,1,0,0,1,0,0,0,0,0,0,1,4328161,34.4989356994629,19436,85105414,0,894,744,150,46200,13919,20942,17705,20,NA,NA,NA,6.90000009536743,43741,246132,1007.40002441406,5668.60009765625,0.453290045261383,1.2720023393631,20.6554238624672,17.189748717758,3.46567514470927,6.79570577517351,15.2806532984469,38647,1998,-3,0,0,0,1,0,0,0,0,0,0,0,0
"Louisiana","LA",2008,1,0,1,0,1,1,0,1,1,0,1,1,4435586,36.4135780334473,37799,167660412,1,916,793,123,44758,16335,19425,25666,20,2086000,1981000,104000,5,29613,171179,671.400024414062,3880.89990234375,0.434000611305237,1.5712274312973,20.6511608612706,17.8781338023882,2.77302705888241,6.82001636467413,15.3051702957752,45091,1998,10,0,0,0,0,0,0,0,0,0,0,0,1
"Louisiana","LA",2012,1,0,1,0,1,1,0,1,1,0,1,1,4581563,37.0467796325684,40057,184340179,1,722,574,148,44356,16970,20244,26645,20,2077000,1930000,146000,7.09999990463257,22868,162936,496.899993896484,3540.60009765625,0.456398218870163,1.57012379169464,15.7588141863377,12.528475544263,3.23033864207477,6.58202513889283,15.3375507642478,46889,1998,14,0,0,0,0,0,0,0,0,0,0,0,1
"Louisiana","LA",1999,1,0,0,0,1,0,0,0,0,0,0,1,4372035,34.8286056518555,22382,99840989,1,938,801,137,46886,13942,22700,18505,20,2052000,1948000,104000,5.09999990463257,32033,219219,732.700012207031,5014.10009765625,0.484153062105179,1.32728445529938,21.4545400482842,18.320987823748,3.13355222453617,6.84374994900622,15.290739133736,41205,1998,1,0,0,0,0,0,0,1,0,0,0,0,0
"Louisiana","LA",1987,0,1,0,0,1,0,0,0,0,0,0,1,4344129,32.8842735290527,12247,53202288,0,826,655,171,46061,12211,16856,13743,16,NA,NA,NA,11.9899997711182,30916,231090,693,5180.2001953125,0.365949511528015,1.12546062469482,19.0141683177456,15.0778211236361,3.93634719410957,6.71659477352098,15.2843358362876,30599,1998,-11,1,0,0,0,0,0,0,0,0,0,0,0
"Louisiana","LA",1988,0,1,0,0,1,0,0,0,0,0,0,1,4288835,33.0914077758789,13089,56135904,0,925,776,149,46155,12267,17186,17496,16,NA,NA,NA,10.8800001144409,31711,222913,717.400024414062,5043.2998046875,0.372354030609131,1.42626559734344,21.5676285051768,18.0934915892078,3.47413691596902,6.82979373751242,15.2715256922531,34682,1998,-10,1,0,0,0,0,0,0,0,0,0,0,0
"Louisiana","LA",2002,1,0,0,0,1,0,0,0,0,0,0,1,4497267,35.2660293579102,25655,115376799,1,907,781,126,46962,13950,23651,19644,20,2006000,1883000,123000,6.09999990463257,29690,198838,663.299987792969,4442.10009765625,0.503619968891144,1.40817201137543,20.167804135267,17.3661025685155,2.80170156675154,6.81014245011514,15.3189804369056,43295,1998,4,0,0,0,0,0,0,0,0,0,1,0,0
"Louisiana","LA",1990,0,1,0,0,1,0,0,0,0,0,0,1,4219290,33.8893203735352,15215,64232645,0,959,795,164,46330,12290,18053,19614,20,NA,NA,NA,6.34999990463257,37914,235822,898.400024414062,5588.2001953125,0.389661133289337,1.59593164920807,22.7289425472058,18.8420326642634,3.88690988294239,6.86589107488344,15.2551774254117,37667,1998,-8,1,0,0,0,0,0,0,0,0,0,0,0
"Louisiana","LA",1991,0,1,0,0,1,0,0,0,0,0,0,1,4241361,33.9144630432129,15910,67668463,0,862,694,168,46264,12272,18584,16126,20,NA,NA,NA,7.19000005722046,40438,232732,951,5473.5,0.401694625616074,1.31404829025269,20.3236649745212,16.3626722648697,3.96099270965145,6.75925527066369,15.2603947662677,34710,1998,-7,1,0,0,0,0,0,0,0,0,0,0,0
"Louisiana","LA",1992,0,1,0,0,1,0,0,0,0,0,0,1,4271580,34.0468063354492,16898,72543605,0,886,717,169,46310,12319,17846,16007,20,NA,NA,NA,8.15999984741211,42209,238438,984.599975585938,5561.89990234375,0.385359525680542,1.29937493801117,20.7417395905028,16.7853581110502,3.95638147945257,6.78671695060508,15.2674943401822,33853,1998,-6,1,0,0,0,0,0,0,0,0,0,0,0
"Louisiana","LA",1994,0,1,0,0,1,0,0,0,0,0,0,1,4306707,34.3313598632812,18669,81164915,0,843,710,133,46072,13949,20055,17375,20,NA,NA,NA,8.0600004196167,42369,245488,981.900024414062,5689.2001953125,0.435296922922134,1.24560904502869,19.574120087575,16.485913715514,3.08820637206107,6.73696695800186,15.2756841329318,37430,1998,-4,0,0,1,0,0,0,0,0,0,0,0,0
"Louisiana","LA",2007,1,0,1,0,1,0,0,0,1,0,1,1,4375581,36.330940246582,35802,156653000,1,993,859,134,44728,16276,19500,25876,20,1995000,1910000,85000,4.30000019073486,31789,180516,740.400024414062,4204.7001953125,0.435968518257141,1.5898255109787,22.6941290768015,19.631678627364,3.06245044943746,6.90073066404517,15.2915498689567,45376,1998,9,0,0,0,0,0,0,0,0,0,0,0,1
"Louisiana","LA",2001,1,0,0,0,1,0,0,0,0,0,0,1,4477875,35.080322265625,25091,112354302,1,952,828,124,46890,13939,23610,19634,20,2050000,1928000,122000,6,30678,207693,686.299987792969,4646,0.503518879413605,1.4085658788681,21.2600843033805,18.4909136588225,2.76917064455797,6.85856503479136,15.3146591615038,43244,1998,3,0,0,0,0,0,0,0,0,1,0,0,0
"Louisiana","LA",2000,1,0,0,0,1,0,0,0,0,0,0,1,4471885,34.8808670043945,23552,105322527,1,938,810,128,46959,13941,22167,18682,20,2030000,1917000,112000,5.5,30440,211904,681.099975585938,4741.7001953125,0.472050100564957,1.34007608890533,20.9754946739462,18.1131670425335,2.8623276314127,6.84374994900622,15.3133205779229,40849,1998,2,0,0,0,0,0,0,0,1,0,0,0,0
"Maine","ME",2005,0,1,1,0,1,0,0,1,0,0,0,1,1318787,39.2782325744629,32255,42537469,0,169,156,13,19836,2971,10750,4175,25.8999996185303,712000,677000,35000,5,1483,31889,112,2419,0.541943967342377,1.40525078773499,12.8148063333958,11.8290520000576,0.985754333338136,5.12989871492307,14.092222932685,14925,NA,NA,0,0,0,0,0,0,0,0,0,0,0,0
"Maine","ME",2006,0,1,1,0,1,0,0,1,0,0,0,1,1323619,39.568058013916,34103,45139882,0,188,173,15,19810,2973,10816,4228,26.7999992370605,708000,676000,32000,4.59999990463257,1533,33658,116,2546.80004882812,0.545986890792847,1.42213249206543,14.20348302646,13.0702264020084,1.1332566244516,5.23644196282995,14.0958802097165,15044,NA,NA,0,0,0,0,0,0,0,0,0,0,0,0
"Maine","ME",2007,1,0,1,0,1,0,0,1,0,0,0,1,1327040,39.8433990478516,35509,47122341,0,183,170,13,19805,2987,10848,4187,27.6000003814697,7e+05,667000,33000,4.69999980926514,1565,32249,118.800003051758,2448.30004882812,0.547740459442139,1.40174090862274,13.7900892211237,12.8104653966723,0.979623824451411,5.20948615284142,14.0984614560402,15035,NA,NA,0,0,0,0,0,0,0,0,0,0,0,0
"Maine","ME",2008,1,0,1,0,1,0,0,1,0,0,0,1,1330509,40.129695892334,36656,48771438,0,155,138,17,19837,2992,10509,4050,28.3999996185303,704000,666000,38000,5.40000009536743,1572,32433,119.400001525879,2463.69995117188,0.529767632484436,1.35360968112946,11.6496769281531,10.3719704263556,1.27770650179743,5.04342511691925,14.1010721337513,14559,NA,NA,0,0,0,0,0,0,0,0,0,0,0,0
"Maine","ME",2009,1,0,1,0,1,0,0,1,0,0,0,1,1329590,40.4240684509277,36808,48938905,0,159,148,11,19843,2995,10442,4049,29.5,695000,638000,57000,8.10000038146973,1580,31706,119.900001525879,2405.10009765625,0.526230931282043,1.35191988945007,11.9585736956505,11.1312509871464,0.827322708504125,5.06890420222023,14.1003811819961,14491,NA,NA,0,0,0,0,0,0,0,0,0,0,0,0
"Maine","ME",2010,1,0,1,0,1,0,0,1,0,0,0,1,1327567,40.7064590454102,37180,49360227,0,161,148,13,19859,3005,10486,4064,29.5,690000,633000,57000,8.19999980926514,1621,32900,122.099998474121,2478.60009765625,0.528022587299347,1.35241270065308,12.127448181523,11.1482132351889,0.979234946334159,5.08140436498446,14.0988585016344,14550,NA,NA,0,0,0,0,0,0,0,0,0,0,0,0
"Maine","ME",2011,1,0,1,0,1,0,0,1,0,0,0,1,1326425,41.0545959472656,38880,51653256,0,136,125,11,19867,3007,10304,3944,29.5,7e+05,643000,56000,8,1638,33829,123.300003051758,2546.30004882812,0.518649041652679,1.31160628795624,10.2531239987184,9.42382720470438,0.829296794013985,4.91265488573605,14.0979979111952,14248,NA,NA,0,0,0,0,0,0,0,0,0,0,0,0
"Maine","ME",2012,1,0,1,0,1,1,0,1,0,0,0,1,1327319,41.3551826477051,40087,53283432,0,164,154,10,19863,3008,10255,3944,30,703000,649000,54000,7.69999980926514,1631,33361,122.699996948242,2509.89990234375,0.516286551952362,1.31117022037506,12.355733625451,11.6023352336552,0.753398391795793,5.0998664278242,14.0986716762862,14199,NA,NA,0,0,0,0,0,0,0,0,0,0,0,0
"Maine","ME",1983,0,0,0,0,0,0,0,0,0,0,0,0,1144769,35.1385459899902,10737,12291207,0,224,197,27,19713,2240,5700,2224,14,NA,NA,NA,8.94999980926514,1829,40357,159.600006103516,3521.60009765625,0.289149284362793,0.992857158184052,19.5672664092057,17.2087119759532,2.35855443325247,5.41164605185504,13.950713427892,7924,NA,NA,0,0,0,0,0,0,0,0,0,0,0,0
"Maine","ME",1984,0,0,0,0,0,0,0,0,0,0,0,0,1155630,35.317626953125,11800,13636166,0,232,202,30,19581,2357,6576,2769,14,NA,NA,NA,6.17000007629395,1832,38944,158.5,3368.89990234375,0.335835754871368,1.17479848861694,20.0756297430839,17.4796431383747,2.59598660470912,5.44673737166631,13.9601562077772,9345,NA,NA,0,0,0,0,0,0,0,0,0,0,0,0
"Maine","ME",1985,0,0,0,0,0,0,0,0,0,0,0,1,1162935,35.455265045166,12645,14705766,0,206,168,38,19598,2357,6726,2551,14,NA,NA,NA,5.42999982833862,1950,40789,167.5,3504.19995117188,0.343198299407959,1.08230805397034,17.7138017172069,14.4462072256833,3.2675944915236,5.32787616878958,13.9664575399991,9277,NA,NA,0,0,0,0,0,0,0,0,0,0,0,0
"Maine","ME",1986,0,0,0,0,0,0,0,0,0,0,0,1,1170121,35.5882263183594,13646,15967428,0,214,196,18,19558,2410,7304,2718,14,NA,NA,NA,5.32999992370605,1726,38909,147,3314.19995117188,0.373453319072723,1.127800822258,18.2887068944152,16.7504044453522,1.53830244906296,5.36597601502185,13.97261772023,10022,NA,NA,0,0,0,0,0,0,0,0,0,0,0,0
"Maine","ME",1987,0,0,0,0,0,0,0,0,0,0,0,1,1184570,35.7355842590332,14673,17380918,0,232,202,30,19550,2414,7845,2921,14,NA,NA,NA,4.44999980926514,1806,40122,152.100006103516,3380.10009765625,0.401278764009476,1.2100248336792,19.585165925188,17.0526013658965,2.53256455929156,5.44673737166631,13.9848903975001,10766,NA,NA,0,0,0,0,0,0,0,0,0,0,0,0
"Maine","ME",1988,0,0,1,0,0,0,0,0,0,0,0,1,1203830,35.8399887084961,15883,19120608,0,256,220,36,19553,2413,8338,3063,16,NA,NA,NA,3.69000005722046,1898,41249,157.399993896484,3420.30004882812,0.426430732011795,1.26937425136566,21.2654610700846,18.275005607104,2.99045546298065,5.54517744447956,14.0010186988685,11401,NA,NA,0,0,0,0,0,0,0,0,0,0,0,0
"Maine","ME",1989,0,0,1,0,0,0,0,0,0,0,0,1,1219944,35.9314346313477,17057,20808575,0,194,166,28,19781,2459,8593,3146,17,NA,NA,NA,4.09000015258789,1676,42116,137.199996948242,3446.5,0.434406757354736,1.27938187122345,15.9023692890821,13.6071819690084,2.29518732007371,5.26785815906333,14.0143155140166,11739,NA,NA,0,0,0,0,0,0,0,0,0,0,0,0
"Maine","ME",1990,0,0,1,0,0,0,0,0,0,0,0,1,1231273,36.070671081543,17573,21645481,0,213,188,25,19895,2494,8730,3141,17,NA,NA,NA,5.19000005722046,1759,43647,143.199996948242,3554.5,0.438803732395172,1.25942265987396,17.299169233793,15.2687503096389,2.03041892415411,5.36129216570943,14.023559151497,11871,NA,NA,0,0,0,0,0,0,0,0,0,0,0,0
"Maine","ME",1995,0,0,1,0,0,0,0,0,0,0,0,1,1233193,37.0721588134766,20793,25855731,0,187,173,14,19957,2620,9258,3331,19,NA,NA,NA,5.73000001907349,1631,39132,131.399993896484,3153.30004882812,0.463897377252579,1.27137398719788,15.1638875666664,14.0286232568625,1.1352643098039,5.23110861685459,14.0251172986887,12589,NA,NA,0,0,0,0,0,0,0,0,0,0,0,0
"Maine","ME",1996,0,1,1,0,0,0,0,0,0,0,0,1,1238003,37.3192939758301,21881,27331040,0,169,151,18,19962,2615,9440,3379,19,NA,NA,NA,5.09000015258789,1553,40636,124.900001525879,3269.19995117188,0.47289851307869,1.29216063022614,13.6510170007666,12.1970625273121,1.45395447345443,5.12989871492307,14.0290101554871,12819,NA,NA,0,0,0,0,0,0,0,0,0,0,0,0
"Maine","ME",1998,0,1,1,0,1,0,0,0,0,0,0,1,1247554,37.4630584716797,24441,30774427,0,192,173,19,20009,2630,9968,3572,19,657418,627922,29496,4.48664331436157,1566,36261,125.900001525879,2914.89990234375,0.498175829648972,1.35817492008209,15.3901153777712,13.8671352101793,1.52298016759194,5.25749537202778,14.0366953922441,13540,NA,NA,0,0,0,0,0,0,0,0,0,0,0,0
"Maine","ME",1999,0,1,1,0,1,0,0,0,0,0,0,1,1253040,37.6745567321777,25473,32268937,0,181,169,12,20033,2632,10454,3689,19,672000,644000,28000,4.09999990463257,1404,34618,112,2762.69995117188,0.521838963031769,1.40159571170807,14.4448700759752,13.4871991317117,0.957670944263551,5.19849703126583,14.0410831567525,14143,NA,NA,0,0,0,0,0,0,0,0,0,0,0,0
"Maine","ME",2000,0,1,1,0,1,0,0,0,0,0,0,1,1277072,38.1565399169922,27108,34618284,0,169,150,19,20036,2633,10477,3713,19,689000,665000,24000,3.5,1397,32003,109.599998474121,2510.19995117188,0.522908747196198,1.41017854213715,13.2333963942519,11.745618101407,1.48777829284488,5.12989871492307,14.0600805155709,14190,NA,NA,0,0,0,0,0,0,0,0,0,0,0,0
"Maine","ME",2001,0,1,1,0,1,0,0,0,0,0,0,1,1285692,38.3893928527832,28275,36352427,0,192,174,18,20040,2631,10643,3780,19,684000,657000,27000,4,1435,33154,111.699996948242,2581.10009765625,0.531087815761566,1.43671607971191,14.9335921822645,13.5335679151772,1.4000242670873,5.25749537202778,14.0668076527616,14423,NA,NA,0,0,0,0,0,0,0,0,0,0,0,0
"Maine","ME",2002,0,1,1,0,1,0,0,1,0,0,0,1,1295960,38.6057815551758,29009,37593869,0,216,202,14,20060,2633,10944,3783,22,686000,656000,30000,4.40000009536743,1396,32985,107.800003051758,2547.30004882812,0.545563280582428,1.4367641210556,16.667181085836,15.5869008302725,1.08028025556344,5.37527840768417,14.0747622912205,14727,NA,NA,0,0,0,0,0,0,0,0,0,0,0,0
"Maine","ME",2003,0,1,1,0,1,0,0,1,0,0,0,1,1306513,38.8031730651855,30253,39525626,0,207,193,14,20060,2632,11070,3842,22,693000,658000,35000,5.09999990463257,1422,32078,108.599998474121,2450.19995117188,0.551844477653503,1.45972645282745,15.8436999861463,14.7721453977113,1.07155458843502,5.33271879326537,14.0828723141421,14912,NA,NA,0,0,0,0,0,0,0,0,0,0,0,0
"Maine","ME",2004,0,1,1,0,1,0,0,1,0,0,0,1,1313688,39.0375518798828,31717,41666105,0,194,183,11,20107,2641,11174,3774,25.2000007629395,696000,664000,32000,4.69999980926514,1364,31740,103.699996948242,2413.69995117188,0.555726885795593,1.4290041923523,14.7675856063236,13.93024827813,0.837337328193605,5.26785815906333,14.0883490069103,14948,NA,NA,0,0,0,0,0,0,0,0,0,0,0,0
"Maine","ME",1991,0,0,1,0,0,0,0,0,0,0,0,1,1234751,36.1796875,17771,21984109,0,205,195,10,19943,2501,8723,3126,19,NA,NA,NA,7.63000011444092,1631,44900,132.100006103516,3635.60009765625,0.437396585941315,1.24989998340607,16.602537677637,15.792657790923,0.809879886714001,5.32300997913841,14.0263798882831,11849,NA,NA,0,0,0,0,0,0,0,0,0,0,0,0
"Maine","ME",1992,0,0,1,0,0,0,0,0,0,0,0,1,1234491,36.4300308227539,18579,23009814,0,214,193,21,20002,2479,8964,3187,19,NA,NA,NA,7.17999982833862,1616,41900,130.899993896484,3392.69995117188,0.44815519452095,1.28559899330139,17.3350798021209,15.6339738402305,1.70110596189037,5.36597601502185,14.0261692973398,12151,NA,NA,0,0,0,0,0,0,0,0,0,0,0,0
"Maine","ME",1993,0,0,1,0,0,0,0,0,0,0,0,1,1236178,36.6206283569336,19122,23754880,0,185,160,25,19927,2583,8991,3191,19,NA,NA,NA,7.92999982833862,1558,37519,125.699996948242,3028.19995117188,0.451196879148483,1.23538517951965,14.9654823172715,12.9431198419645,2.02236247530695,5.22035582507832,14.0275349195759,12182,NA,NA,0,0,0,0,0,0,0,0,0,0,0,0
"Maine","ME",1994,0,0,1,0,0,0,0,0,0,0,0,1,1234904,36.8291702270508,19916,24748554,0,188,163,25,19956,2605,9154,3315,19,NA,NA,NA,7.3600001335144,1611,38971,129.899993896484,3142.80004882812,0.45870915055275,1.27255272865295,15.2238554575902,13.199406593549,2.02444886404125,5.23644196282995,14.0265037922293,12469,NA,NA,0,0,0,0,0,0,0,0,0,0,0,0
"Maine","ME",1997,0,1,1,0,0,0,0,0,0,0,0,1,1241895,37.5904350280762,22975,28828680,0,192,172,20,20015,2628,9800,3445,19,NA,NA,NA,5.38000011444092,1500,37396,120.800003051758,3011,0.489632785320282,1.31088280677795,15.4602442235455,13.8498021169261,1.61044210661932,5.25749537202778,14.032148996839,13245,NA,NA,0,0,0,0,0,0,0,0,0,0,0,0
"Maryland","MD",1988,0,1,0,1,0,0,0,0,0,0,0,1,4657908,34.7593574523926,20771,96747677,0,781,627,154,16214,12019,12765,24733,18.5,NA,NA,NA,4.46000003814697,37466,227457,806.799987792969,4897.89990234375,0.787282586097717,2.05782508850098,16.7671838945724,13.4609786195863,3.30620527498611,6.66057514983969,15.3540769782653,37498,NA,NA,0,0,0,0,0,0,0,0,0,0,0,0
"Maryland","MD",1989,0,1,0,1,1,0,0,0,0,0,0,1,4727298,34.8217239379883,22098,104466067,0,726,582,144,16333,12162,13311,25611,18.5,NA,NA,NA,3.69000005722046,40152,220955,855.400024414062,4707.2001953125,0.814975798130035,2.10582137107849,15.3576102035455,12.3114726425116,3.04613756103381,6.5875500148248,15.3688643498869,38922,NA,NA,0,0,0,0,0,0,0,0,0,0,0,0
"Maryland","MD",1990,0,1,0,1,1,0,0,0,0,0,0,1,4797453,35.0643005371094,23062,110694072,0,707,563,144,16462,12290,13791,26745,18.5,NA,NA,NA,4.69000005722046,43940,234842,919,4911.5,0.837747514247894,2.17615938186646,14.7369864801177,11.7353937599806,3.00159272013712,6.56103066589657,15.3835957100469,40536,NA,NA,0,0,0,0,0,0,0,0,0,0,0,0
"Maryland","MD",1991,0,1,0,1,1,0,0,0,0,0,0,1,4855948,35.1273803710938,23566,114711581,0,694,546,148,16575,12409,14042,27307,18.5,NA,NA,NA,6,46469,255299,956.200012207031,5253.10009765625,0.847179472446442,2.20058012008667,14.2917510648796,11.2439424804384,3.04780858444118,6.5424719605068,15.3957149032622,41349,NA,NA,0,0,0,0,0,0,0,0,0,0,0,0
"Maryland","MD",1992,0,1,0,1,1,0,0,0,0,0,0,1,4902664,35.2924499511719,24480,120522363,0,659,547,112,15598,13574,12802,29094,23.5,NA,NA,NA,6.69000005722046,49085,256418,1000.09997558594,5224.5,0.82074624300003,2.14336228370667,13.4416717115429,11.1571994327982,2.28447227874478,6.49072353450251,15.4052892888134,41896,NA,NA,0,0,0,0,0,0,0,0,0,0,0,0
"Maryland","MD",1993,0,1,0,1,1,0,0,0,0,0,0,1,4943092,35.409797668457,25226,125422233,0,666,528,138,15642,13671,12925,30386,23.5,NA,NA,NA,6.23000001907349,49540,253647,997.799987792969,5108.7001953125,0.826300978660583,2.22266101837158,13.4733482605624,10.6815733957612,2.79177486480122,6.50128967054039,15.4135016042947,43311,NA,NA,0,0,0,0,0,0,0,0,0,0,0,0
"Maryland","MD",1994,0,1,0,1,1,0,0,0,0,0,0,1,4985453,35.5533981323242,26114,131172654,0,651,509,142,15716,13758,13139,31026,23.5,NA,NA,NA,5.09000015258789,47457,259039,948,5174.60009765625,0.836026966571808,2.25512433052063,13.0579909187791,10.2097041131468,2.84828680563231,6.47850964220857,15.4220348298673,44165,NA,NA,0,0,0,0,0,0,0,0,0,0,0,0
"Maryland","MD",1995,0,1,0,1,1,0,0,0,0,0,0,1,5023442,35.6763877868652,26984,136809565,0,671,539,132,15781,13899,13371,31511,23.5,NA,NA,NA,5.09999990463257,49757,267625,986.900024414062,5307.89990234375,0.847284734249115,2.26714158058167,13.3573752817291,10.7296948984382,2.62768038329098,6.50876913697168,15.4296259140828,44882,NA,NA,0,0,0,0,0,0,0,0,0,0,0,0
"Maryland","MD",1996,0,1,0,1,1,0,0,0,0,0,0,1,5057839,35.8920860290527,28005,143162511,0,608,474,134,15781,13899,13711,32476,23.5,NA,NA,NA,4.8899998664856,47230,260231,931.200012207031,5130.7001953125,0.868829607963562,2.33657097816467,12.0209441225788,9.37159130608942,2.64935281648941,6.41017488196617,15.4364498749423,46187,NA,NA,0,0,0,0,0,0,0,0,0,0,0,0
"Maryland","MD",1997,0,1,0,1,1,0,0,0,0,0,0,1,5094924,35.9975242614746,29314,151181587,0,611,491,120,15840,14032,13990,32619,23.5,NA,NA,NA,5.07999992370605,43127,244842,846.599975585938,4806.5,0.883207082748413,2.32461524009705,11.9923280504282,9.63704267227539,2.35528537815284,6.4150969591716,15.4437553079428,46609,NA,NA,0,0,0,0,0,0,0,0,0,0,0,0
"Maryland","MD",1998,1,0,0,1,1,0,0,0,0,0,0,1,5130072,35.5657691955566,31265,162717194,0,606,494,112,15954,14235,15097,33246,23.5,2780010,2661194,118816,4.27394151687622,40903,234624,796.599975585938,4569.10009765625,0.946283042430878,2.33551096916199,11.8126997047995,9.62949447882993,2.18320522596954,6.40687998606931,15.4506302521362,48343,NA,NA,0,0,0,0,0,0,0,0,0,0,0,0
"Maryland","MD",1999,1,0,0,1,1,0,0,0,0,0,0,1,5171634,35.6618118286133,32890,172821234,0,590,469,121,16000,14321,15487,33639,23.5,2766000,2668000,98000,3.5,38447,215973,743.400024414062,4176.10009765625,0.967937529087067,2.34892821311951,11.4083865950297,9.06870053062533,2.3396860644044,6.38012253689976,15.4586992507086,49126,NA,NA,0,0,0,0,0,0,0,0,0,0,0,0
"Maryland","MD",2000,1,0,0,1,1,0,0,0,0,0,0,1,5311034,35.8155288696289,35331,187645959,0,588,488,100,16067,14430,16104,34070,23.5,2805000,2697000,108000,3.90000009536743,41663,213422,786.599975585938,4029.5,1.00230288505554,2.36105346679688,11.0712904492797,9.18841792389203,1.88287252538771,6.37672694789863,15.4852971011916,50174,NA,NA,0,0,0,0,0,0,0,0,0,0,0,0
"Maryland","MD",2001,1,0,0,1,1,0,0,0,0,0,0,1,5374691,35.9695243835449,36835,197974424,0,659,546,113,16115,14507,16806,35190,23.5,2837000,2722000,116000,4.09999990463257,42088,219512,781.400024414062,4075.5,1.04287934303284,2.42572546005249,12.2611699909818,10.1587235433628,2.10244644761904,6.49072353450251,15.4972116419534,51996,NA,NA,0,0,0,0,0,0,0,0,0,0,0,0
"Maryland","MD",1985,0,0,0,1,0,0,0,0,0,0,0,1,4413075,34.5446891784668,17138,75630350,0,729,585,144,15958,11606,10892,22445,13.5,NA,NA,NA,4.59000015258789,36655,199318,834.599975585938,4538.2001953125,0.68254166841507,1.93391346931458,16.5190938291327,13.2560629493041,3.26303087982869,6.59167373200866,15.3000822833486,33337,NA,NA,0,0,0,0,0,0,0,0,0,0,0,0
"Maryland","MD",1986,0,1,0,1,0,0,0,0,0,0,0,1,4486957,34.638355255127,18202,81673420,0,784,643,141,16032,11706,11576,23632,13.5,NA,NA,NA,4.44999980926514,37177,212831,833,4768.7998046875,0.722055912017822,2.01879382133484,17.4728663546363,14.3304248291214,3.14244152551495,6.66440902035041,15.3166853016717,35208,NA,NA,0,0,0,0,0,0,0,0,0,0,0,0
"Maryland","MD",1987,0,1,0,1,0,0,0,0,0,0,0,1,4565578,34.7274780273438,19297,88101114,0,814,653,161,16129,11836,12293,24200,18.5,NA,NA,NA,4.25,34820,213589,767.799987792969,4709.7998046875,0.762167513370514,2.04460954666138,17.8290678639156,14.3026797483254,3.52638811559018,6.70196036600254,15.3340556795493,36493,NA,NA,0,0,0,0,0,0,0,0,0,0,0,0
"Maryland","MD",2002,1,0,1,1,1,0,0,0,0,0,0,1,5440389,36.117862701416,37883,206097617,0,661,551,110,16176,14639,17331,36371,23.5,2898000,2772000,126000,4.40000009536743,42015,217105,770.799987792969,3983.19995117188,1.07140207290649,2.48452758789062,12.1498664893264,10.1279522475323,2.02191424179411,6.49375383985169,15.5093611236285,53702,NA,NA,0,0,0,0,0,0,0,0,0,0,0,0
"Maryland","MD",2003,1,0,1,1,1,0,0,0,0,0,0,1,5496269,36.2714042663574,39296,215981695,0,650,525,125,13907,16780,13536,41165,23.5,2904000,2773000,131000,4.5,38778,209418,703.5,3799.10009765625,0.973322808742523,2.45321822166443,11.8262042851251,9.55193423029331,2.27427005483174,6.47697236288968,15.5195800563736,54701,NA,NA,0,0,0,0,0,0,0,0,0,0,0,0
"Maryland","MD",2004,1,0,1,1,1,0,0,0,0,0,0,1,5546935,36.4261436462402,41837,232067080,0,643,532,111,13915,16895,13803,41481,23.5,2883000,2762000,121000,4.19999980926514,38961,202474,700.599975585938,3640.69995117188,0.991951107978821,2.45522332191467,11.5919872866727,9.59088217186608,2.00110511480665,6.46614472423762,15.5287560809229,55284,NA,NA,0,0,0,0,0,0,0,0,0,0,0,0
"Maryland","MD",2005,1,0,1,1,1,0,0,1,0,0,0,1,5592379,36.5759048461914,43821,245063048,0,614,501,113,13964,16998,14489,41830,23.5,2922000,2800000,123000,4.19999980926514,39369,198483,704,3551,1.03759670257568,2.46087765693665,10.9792272662493,8.95862029379625,2.02060697245305,6.41999492814714,15.5369153359926,56319,NA,NA,0,0,0,0,0,0,0,0,0,0,0,0
"Maryland","MD",2006,1,0,1,1,1,0,0,1,0,0,0,1,5627367,36.739013671875,46392,261066893,0,652,550,102,13999,17099,14474,41828,23.5,3002000,2886000,116000,3.90000009536743,38111,195484,678.599975585938,3481,1.033931016922,2.44622492790222,11.5862356231609,9.77366501953756,1.81257060362333,6.48004456192665,15.5431522175433,56302,NA,NA,0,0,0,0,0,0,0,0,0,0,0,0
"Maryland","MD",1983,0,0,0,1,0,0,0,0,0,0,0,1,4313319,34.2618446350098,14553,62772351,0,656,511,145,17324,10101,12160,18458,13.5,NA,NA,NA,6.90999984741211,34736,195828,807.099975585938,4549.89990234375,0.701916396617889,1.82734382152557,15.2087058712792,11.847025457658,3.36168041362116,6.48616078894409,15.277218235334,30618,NA,NA,0,0,0,0,0,0,0,0,0,0,0,0
"Maryland","MD",1984,0,0,0,1,0,0,0,0,0,0,0,1,4365238,34.4042663574219,15945,69604222,0,643,501,142,17324,10101,10465,21237,13.5,NA,NA,NA,5.40000009536743,34455,192325,792.299987792969,4422.2998046875,0.604075253009796,2.10246515274048,14.7300101391952,11.4770374490463,3.25297269014885,6.46614472423762,15.2891832703971,31702,NA,NA,0,0,0,0,0,0,0,0,0,0,0,0
"Maryland","MD",2007,1,0,1,1,1,0,0,1,0,0,0,1,5653408,36.9232749938965,48272,272901349,0,614,489,125,14024,17275,14589,41914,23.5,2958000,2852000,106000,3.59999990463257,36063,192796,641.900024414062,3431.5,1.04028809070587,2.42628073692322,10.8607056133221,8.6496499102842,2.21105570303788,6.41999492814714,15.5477691071199,56503,NA,NA,0,0,0,0,0,0,0,0,0,0,0,0
"Maryland","MD",2008,1,0,1,1,1,0,0,1,0,0,0,1,5684965,37.124641418457,49790,283052530,0,591,466,125,14051,17334,13944,41079,23.5,3002000,2875000,127000,4.19999980926514,35393,198165,628.200012207031,3517.60009765625,0.992384910583496,2.36985111236572,10.3958423666636,8.19706014021194,2.1987822264517,6.3818160174061,15.5533355285955,55023,NA,NA,0,0,0,0,0,0,0,0,0,0,0,0
"Maryland","MD",2009,1,0,1,1,1,1,0,1,0,0,0,1,5730388,37.3313064575195,49238,282152796,0,549,423,126,14071,17389,14091,41202,23.5,3036000,2821000,215000,7.09999990463257,33625,182295,590,3198.5,1.00142133235931,2.36942887306213,9.58050310031363,7.38169911007771,2.19880399023591,6.30809844150953,15.5612938001855,55293,NA,NA,0,0,0,0,0,0,0,0,0,0,0,0
"Maryland","MD",2010,1,0,1,1,1,1,1,1,0,0,0,1,5785982,37.5015869140625,50044,289653105,0,496,385,111,14089,17437,14287,41839,23.5,3055000,2819000,236000,7.69999980926514,31607,173309,546.299987792969,2995.5,1.01405346393585,2.39943790435791,8.57244284548414,6.6540130957891,1.91842974969504,6.20657592672493,15.5709486535559,56126,NA,NA,0,0,0,0,0,0,0,0,0,0,0,0
"Maryland","MD",2011,1,0,1,1,1,1,1,1,0,0,0,1,5811733,37.7130928039551,52401,306001368,0,485,374,111,14323,17998,14093,42127,23.5,3090000,2873000,217000,7,28817,166846,493.5,2857.19995117188,0.983941912651062,2.34064888954163,8.34518722728659,6.43525777939214,1.90992944789446,6.18414889093748,15.5753893631814,56220,NA,NA,0,0,0,0,0,0,0,0,0,0,0,0
"Maryland","MD",2012,1,0,1,1,1,1,1,1,0,1,1,1,5857350,37.9038238525391,53816,316681620,0,505,403,102,14399,17973,14249,42226,23.5,3120000,2903000,218000,7,28055,162031,476.799987792969,2753.5,0.989582598209381,2.34941291809082,8.62164630763058,6.88024447915866,1.74140182847192,6.22455842927536,15.5832078408416,56475,NA,NA,0,0,0,0,0,0,0,0,0,0,0,0
"Massachusetts","MA",1987,0,0,0,0,0,0,0,0,0,0,0,1,5935209,36.2031478881836,19606,116368285,0,689,535,154,13203,20604,7929,34376,11,NA,NA,NA,3.23000001907349,33060,244105,564.599975585938,4169.2001953125,0.600545346736908,1.66841387748718,11.6086897698127,9.01400439310562,2.59468537670704,6.53524127101366,15.5964128002332,42305,NA,NA,0,0,0,0,0,0,0,0,0,0,0,0
"Massachusetts","MA",1988,0,0,0,0,0,0,0,0,0,0,0,1,5979981,36.2517242431641,21400,127973209,0,725,572,153,13200,20609,7832,35502,11,NA,NA,NA,3.25999999046326,36376,256639,619.599975585938,4371.2998046875,0.593333303928375,1.72264540195465,12.123784339783,9.56524778255984,2.55853655722317,6.58617165485467,15.6039279486642,43334,NA,NA,0,0,0,0,0,0,0,0,0,0,0,0
"Massachusetts","MA",1989,0,0,0,0,0,0,0,0,0,0,0,1,6015479,36.2658500671387,22433,134943490,0,696,540,156,13201,20606,8534,37680,11,NA,NA,NA,4.01000022888184,39912,263780,675,4461,0.646466195583344,1.82859361171722,11.570150938936,8.97684124572623,2.5933096932098,6.54534966033442,15.609846538468,46214,NA,NA,0,0,0,0,0,0,0,0,0,0,0,0
"Massachusetts","MA",1990,0,0,0,0,0,0,0,0,0,0,0,1,6018394,36.462028503418,23074,138967749,0,605,469,136,13230,20846,8509,37621,17,NA,NA,NA,6.03999996185303,44300,274442,736.299987792969,4561.5,0.643159508705139,1.80471074581146,10.0525156711242,7.79277661116903,2.2597390599552,6.40522845803084,15.6103310042849,46130,NA,NA,0,0,0,0,0,0,0,0,0,0,0,0
"Massachusetts","MA",1991,0,0,0,0,0,0,0,0,0,0,0,1,5996961,36.5425033569336,23462,141203772,0,552,432,120,13306,21017,8697,37840,21,NA,NA,NA,9.0600004196167,44138,274990,736.099975585938,4586.2001953125,0.653614938259125,1.80044722557068,9.20466216138474,7.20364864804023,2.00101351334451,6.3135480462771,15.6067633988779,46537,NA,NA,0,0,0,0,0,0,0,0,0,0,0,0
"Massachusetts","MA",1992,0,0,0,0,0,0,0,0,0,0,0,1,5992185,36.7323951721191,24632,148501398,0,485,378,107,13306,21017,8791,38557,21,NA,NA,NA,8.53999996185303,46727,253344,779,4223.7998046875,0.660679399967194,1.83456254005432,8.09387560631055,6.30821645192864,1.78565915438192,6.18414889093748,15.6059666782019,47348,NA,NA,0,0,0,0,0,0,0,0,0,0,0,0
"Massachusetts","MA",1993,0,0,0,0,0,0,0,0,0,0,0,1,6008044,36.8406944274902,25481,154429558,0,475,379,96,10927,19636,7616,39068,21,NA,NA,NA,6.90000009536743,48393,245831,804.900024414062,4089,0.696989119052887,1.98961091041565,7.90606726581896,6.3082094605166,1.59785780530236,6.16331480403464,15.6086097959679,46684,NA,NA,0,0,0,0,0,0,0,0,0,0,0,0
"Massachusetts","MA",1994,0,1,0,0,0,0,0,0,0,0,0,1,6027190,36.9536628723145,26596,162107126,0,440,346,94,10854,19745,7673,39317,21,NA,NA,NA,6.01999998092651,42749,225532,707.599975585938,3733.39990234375,0.706928312778473,1.99123823642731,7.30025102908652,5.74065194559986,1.55959908348667,6.08677472691231,15.6117914567733,46990,NA,NA,0,0,0,0,0,0,0,0,0,0,0,0
"Massachusetts","MA",1995,0,1,0,0,0,0,0,0,0,0,0,1,6057923,37.0994873046875,27922,171479654,0,444,352,92,10904,19847,7866,40187,21,NA,NA,NA,5.3600001335144,41739,221971,687.200012207031,3654.39990234375,0.721386671066284,2.02484011650085,7.32924469327194,5.81057236944081,1.51867232383112,6.09582456243222,15.616877560023,48053,NA,NA,0,0,0,0,0,0,0,0,0,0,0,0
"Massachusetts","MA",1996,0,1,0,0,0,0,0,0,0,0,0,1,6082910,37.2554054260254,29510,182364741,0,416,335,81,12050,22675,8295,41661,21,NA,NA,NA,4.32000017166138,39122,194636,642.200012207031,3194.89990234375,0.688381731510162,1.83730983734131,6.83883207214968,5.5072325581013,1.33159951404837,6.03068526026126,15.6209937578621,49956,NA,NA,0,0,0,0,0,0,0,0,0,0,0,0
"Massachusetts","MA",1997,0,1,0,0,0,0,0,0,0,0,0,1,6114440,37.3825607299805,31137,193862659,0,441,350,91,12118,22906,8310,42158,21,NA,NA,NA,4.01000022888184,39411,185437,644.200012207031,3031,0.685756742954254,1.84047842025757,7.21243482641092,5.72415462413565,1.48828020227527,6.08904487544685,15.6261637448232,50468,NA,NA,0,0,0,0,0,0,0,0,0,0,0,0
"Massachusetts","MA",1998,0,1,0,0,1,0,0,0,0,0,0,1,6144407,36.9554786682129,32870,206153440,0,406,309,97,12191,23060,8676,43153,21,3321659,3208986,112673,3.39207005500793,38192,173011,621.299987792969,2814.60009765625,0.71167254447937,1.8713356256485,6.60763520385287,5.02896373889295,1.57867146495992,6.00635315960173,15.6310527951052,51829,NA,NA,0,0,0,0,0,0,0,0,0,0,0,0
"Massachusetts","MA",1999,0,1,0,0,1,0,0,0,0,0,0,1,6175169,37.0741195678711,34780,219715332,0,414,333,81,12202,23063,8712,43108,21,3278000,3173000,105000,3.20000004768372,34023,167437,551,2711.5,0.713981330394745,1.86914110183716,6.70426995601254,5.39256496461878,1.31170499139376,6.02586597382531,15.6360468085249,51820,NA,NA,0,0,0,0,0,0,0,0,0,0,0,0
"Massachusetts","MA",2000,0,1,0,0,1,0,0,0,0,0,0,1,6361104,37.0242195129395,38430,244457594,0,433,338,95,12211,23101,8823,43973,21,3237000,3151000,86000,2.59999990463257,30230,161901,476.100006103516,2550,0.722545266151428,1.90351068973541,6.80699450912923,5.3135430579346,1.49345145119464,6.07073772800249,15.6657125051578,52796,NA,NA,0,0,0,0,0,0,0,0,0,0,0,0
"Massachusetts","MA",2001,0,1,0,0,1,0,0,0,0,0,0,1,6397634,37.1222915649414,39783,254514886,0,477,388,89,12256,23152,9089,43926,21,3284000,3163000,121000,3.70000004768372,30585,167079,477.799987792969,2610.10009765625,0.741595923900604,1.8972874879837,7.45588134613515,6.06474205933006,1.39113928680509,6.16751649088834,15.6714387924786,53015,NA,NA,0,0,0,0,0,0,0,0,0,0,0,0
"Massachusetts","MA",2002,0,1,0,0,1,0,0,0,0,0,0,1,6417206,37.2665100097656,39675,254600500,0,459,393,66,12280,23178,9069,44197,21,3486000,3301000,185000,5.30000019073486,31137,167753,484.899993896484,2612.19995117188,0.738517940044403,1.90685129165649,7.15264555945376,6.12416057704864,1.02848498240512,6.12905021006055,15.6744933784458,53266,NA,NA,0,0,0,0,0,0,0,0,0,0,0,0
"Massachusetts","MA",2003,0,1,0,0,1,0,0,0,0,0,0,1,6422565,37.4307899475098,40616,260859155,0,462,364,98,7909,27681,4202,49507,21,3416000,3217000,198000,5.80000019073486,30377,164543,473.100006103516,2562.80004882812,0.531293451786041,1.78848302364349,7.19338768856368,5.66751757280775,1.52587011575593,6.13556489108174,15.6753281285845,53709,NA,NA,0,0,0,0,0,0,0,0,0,0,0,0
"Massachusetts","MA",2004,0,1,1,0,1,0,0,0,0,0,0,1,6412281,37.6176986694336,42726,273970377,0,476,382,94,7926,27856,4145,50626,21,3399000,3226000,172000,5.09999990463257,29489,158150,460.200012207031,2468.19995117188,0.522962391376495,1.81741809844971,7.42325546868579,5.95731846436549,1.4659370043203,6.16541785423142,15.6737256158312,54771,NA,NA,0,0,0,0,0,0,0,0,0,0,0,0
"Massachusetts","MA",2005,0,1,1,0,1,0,0,0,0,0,0,1,6403290,37.8048400878906,44646,285878583,0,441,356,85,7952,27945,4239,51219,21,3357000,3193000,164000,4.90000009536743,29644,151727,461,2358,0.533073425292969,1.83285021781921,6.88708460806866,5.55964199653615,1.32744261153251,6.08904487544685,15.672322478745,55458,NA,NA,0,0,0,0,0,0,0,0,0,0,0,0
"Massachusetts","MA",2006,0,1,1,0,1,0,0,0,0,0,1,1,6410084,37.9701118469238,47993,307636259,0,429,361,68,7959,27977,4229,50907,21,3399000,3228000,172000,5.09999990463257,32217,153943,500.5,2391.5,0.531348168849945,1.8196017742157,6.69258000363178,5.63175147158758,1.0608285320442,6.06145691892802,15.6733829333352,55136,NA,NA,0,0,0,0,0,0,0,0,0,0,0,0
"Massachusetts","MA",2007,0,1,1,0,1,0,0,0,0,0,1,1,6431559,38.147403717041,50257,323230563,0,434,354,80,7967,28041,4223,50848,21,3416000,3259000,157000,4.59999990463257,28487,154743,441.700012207031,2399.19995117188,0.530061483383179,1.81334471702576,6.74797510214864,5.50410872387239,1.24386637827625,6.0730445341004,15.6767275240575,55071,NA,NA,0,0,0,0,0,0,0,0,0,0,0,0
"Massachusetts","MA",2008,0,1,1,0,1,0,0,0,0,0,1,1,6468967,38.3058433532715,51515,333246085,0,364,275,89,7978,28126,4132,50373,21,3429000,3246000,183000,5.30000019073486,30137,155919,463.799987792969,2399.5,0.517924308776855,1.79097628593445,5.62686438190209,4.25106512368976,1.37579925821232,5.89715386763674,15.682526993761,54505,NA,NA,0,0,0,0,0,0,0,0,0,0,0,0
"Massachusetts","MA",2009,0,1,1,0,1,0,0,0,0,0,1,1,6517613,38.468864440918,50304,327863467,0,340,288,52,7981,28196,4284,50528,21,3485000,3193000,293000,8.39999961853027,30503,153178,462.600006103516,2323.10009765625,0.536774814128876,1.79202723503113,5.21663375840204,4.41879565417585,0.797838104226194,5.82894561761021,15.6900187625758,54812,NA,NA,0,0,0,0,0,0,0,0,0,0,0,0
"Massachusetts","MA",2010,0,1,1,0,1,1,0,1,0,0,1,1,6557254,38.637451171875,51488,337931599,0,347,268,79,7983,28265,4139,50223,21,3493000,3194000,298000,8.5,30737,154496,468.899993896484,2356.80004882812,0.518476784229279,1.77686178684235,5.29184930155214,4.08707669399416,1.20477260755798,5.84932477994686,15.6960824757229,54362,NA,NA,0,0,0,0,0,0,0,0,0,0,0,0
"Massachusetts","MA",2011,0,1,1,0,1,1,0,1,0,0,1,1,6600102,38.8110466003418,54218,358217598,0,374,297,77,7988,28315,4073,50719,21,3458000,3207000,251000,7.30000019073486,28232,148829,427.299987792969,2252.60009765625,0.509889841079712,1.79124140739441,5.66657909226251,4.49993045562023,1.16664863664228,5.92425579741453,15.7025956614227,54792,NA,NA,0,0,0,0,0,0,0,0,0,0,0,0
"Massachusetts","MA",2012,0,1,1,0,1,1,0,1,0,0,1,1,6639516,38.9907608032227,55976,372025854,0,349,260,89,6164,30166,2534,53406,21,3487000,3255000,232000,6.69999980926514,26953,143089,405.5,2153,0.411096692085266,1.77040374279022,5.2564072441425,3.91594809019212,1.34045915395038,5.85507192220243,15.7085496272296,55940,NA,NA,0,0,0,0,0,0,0,0,0,0,0,0
"Massachusetts","MA",1983,0,0,0,0,0,0,0,0,0,0,0,0,5799403,35.9061126708984,14065,81567273,0,651,491,160,13207,20589,6657,30884,11,NA,NA,NA,6.90000009536743,33264,255707,576.799987792969,4434,0.50405091047287,1.50002431869507,11.2252933620926,8.46638869552607,2.75890466656654,6.47850964220857,15.5732655391844,37541,NA,NA,0,0,0,0,0,0,0,0,0,0,0,0
"Massachusetts","MA",1984,0,0,0,0,0,0,0,0,0,0,0,0,5840772,36.0155792236328,15753,92010149,0,666,536,130,13206,20588,6883,31657,11,NA,NA,NA,4.76000022888184,30362,235675,523.700012207031,4064.80004882812,0.521202504634857,1.5376433134079,11.4026022587425,9.17686908511409,2.22573317362842,6.50128967054039,15.5803735378487,38540,NA,NA,0,0,0,0,0,0,0,0,0,0,0,0
"Massachusetts","MA",1985,0,0,0,0,0,0,0,0,0,0,0,1,5880743,36.0862808227539,16936,99597886,0,742,587,155,13203,20601,7291,32405,11,NA,NA,NA,3.9300000667572,31334,245665,538.200012207031,4219.60009765625,0.552222967147827,1.57298195362091,12.6174532707857,9.98173190020377,2.63572137058191,6.60934924316738,15.5871936724362,39696,NA,NA,0,0,0,0,0,0,0,0,0,0,0,0
"Massachusetts","MA",1986,0,0,0,0,0,0,0,0,0,0,0,1,5902682,36.1364212036133,18195,107401297,0,752,570,182,13204,20599,7524,33221,11,NA,NA,NA,3.88000011444092,32476,242989,556.900024414062,4166.5,0.569827318191528,1.61274814605713,12.7399714231598,9.65662727553339,3.08334414762645,6.62273632394984,15.5909173818586,40745,NA,NA,0,0,0,0,0,0,0,0,0,0,0,0
"Michigan","MI",1990,0,1,0,1,0,0,0,0,0,0,0,1,9310552,34.96533203125,18942,176379260,0,1571,1318,253,90773,26676,32538,48553,15,NA,NA,NA,7.63000011444092,73468,483764,790.400024414062,5204.39990234375,0.358454614877701,1.82010042667389,16.8733282409034,14.1559812994976,2.71734694140584,7.35946763825562,16.0466589385805,81091,1997,-7,1,0,0,0,0,0,0,0,0,0,0,0
"Michigan","MI",1983,0,0,0,1,0,0,0,0,0,0,0,1,9047753,33.7369499206543,12205,110429777,0,1314,1034,280,92274,25193,23379,37476,13,NA,NA,NA,14.1800003051758,64993,522450,716.700012207031,5760.7998046875,0.253364980220795,1.48755609989166,14.5229428787457,11.4282518543554,3.09469102439025,7.18083119904456,16.0180269975549,60855,1997,-14,1,0,0,0,0,0,0,0,0,0,0,0
"Michigan","MI",1986,0,1,0,1,0,0,0,0,0,0,0,1,9127776,34.339111328125,15453,141049840,0,1605,1321,284,90729,26935,27529,44452,15,NA,NA,NA,8.77999973297119,73517,520127,803.900024414062,5687.60009765625,0.303420066833496,1.65034341812134,17.5836917996235,14.4723095746434,3.1113822249801,7.38087903556412,16.0268326303456,71981,1997,-11,1,0,0,0,0,0,0,0,0,0,0,0
"Michigan","MI",1987,0,1,0,1,0,0,0,0,0,0,0,1,9187485,34.5149612426758,15967,146692406,0,1602,1334,268,91120,26683,31038,44668,15,NA,NA,NA,8.15999984741211,71772,522254,780.099975585938,5676.7001953125,0.340627729892731,1.67402470111847,17.4367631620623,14.5197515968734,2.91701156518895,7.3790081276283,16.0333527898488,75706,1997,-10,1,0,0,0,0,0,0,0,0,0,0,0
"Michigan","MI",1985,0,0,0,1,0,0,0,0,0,0,0,1,9076297,34.1678466796875,14598,132494428,0,1545,1255,290,91025,26556,26717,40685,15,NA,NA,NA,9.93000030517578,66714,511852,734.099975585938,5632.2001953125,0.293512761592865,1.53204548358917,17.0223605507841,13.8272249134201,3.195135637364,7.34277918933185,16.0211768480133,67402,1997,-12,1,0,0,0,0,0,0,0,0,0,0,0
"Michigan","MI",1989,0,1,0,1,0,0,0,0,0,0,0,1,9253290,34.7706031799316,18217,168563976,0,1639,1416,223,90968,27028,31453,48437,15,NA,NA,NA,7.09999990463257,65760,487682,709.200012207031,5259.2001953125,0.345758944749832,1.79210448265076,17.7126189711984,15.30266532228,2.40995364891839,7.40184157874383,16.0404897219267,79890,1997,-8,1,0,0,0,0,0,0,0,0,0,0,0
"Michigan","MI",2003,1,0,0,1,0,0,0,0,0,0,0,1,10041152,36.3725624084473,31124,312522792,1,1283,1081,202,87134,35087,31080,69676,19,5042000,4674000,368000,7.30000019073486,51550,330565,511.299987792969,3278.60009765625,0.356691986322403,1.9858067035675,12.7774183679323,10.7656970036904,2.01172136424187,7.15695636461564,16.1222024066815,100756,1997,6,0,0,0,0,0,0,0,0,0,0,0,1
"Michigan","MI",2004,1,0,0,1,0,0,0,0,0,0,0,1,10055315,36.5850257873535,32121,322991625,1,1159,997,162,86820,35561,32065,71261,19,5114000,4758000,356000,7,49737,309805,492.200012207031,3066.10009765625,0.369327336549759,2.00390887260437,11.5262425891183,9.91515432385758,1.61108826526071,7.05531284333975,16.1236119083959,103326,1997,7,0,0,0,0,0,0,0,0,0,0,0,1
"Michigan","MI",2005,1,0,0,1,0,0,0,0,0,0,0,1,10051137,36.8126068115234,32953,331214683,1,1129,964,165,86033,35423,31907,72145,19,5112000,4773000,339000,6.59999990463257,55936,312892,554,3098,0.370869308710098,2.03667116165161,11.2325600576333,9.59095473477279,1.64160532286049,7.02908756414966,16.1231963203985,104052,1997,8,0,0,0,0,0,0,0,0,0,0,0,1
"Michigan","MI",2006,1,0,1,1,0,0,0,0,0,0,0,1,10036081,37.0779838562012,33850,339720275,1,1086,921,165,86103,35619,32739,71445,19,5077000,4723000,353000,7,56981,325594,564.400024414062,3225.10009765625,0.380230665206909,2.0058114528656,10.8209569053897,9.17688886727797,1.64406803811169,6.99025650049388,16.1216972573805,104184,1997,9,0,0,0,0,0,0,0,0,0,0,0,1
"Michigan","MI",2007,1,0,1,1,0,0,0,0,0,0,0,1,10001284,37.3666610717773,34854,348580377,1,1087,931,156,85837,35758,32075,72539,19,5007000,4653000,353000,7.09999990463257,53765,308550,533.799987792969,3063.5,0.373673349618912,2.02860903739929,10.8686044711859,9.30880474947017,1.55979972171573,6.99117688712121,16.1182240427157,104614,1997,10,0,0,0,0,0,0,0,0,0,0,0,1
"Michigan","MI",2008,1,0,1,1,0,0,0,0,0,0,0,1,9946889,37.6728172302246,35597,354077147,1,980,836,144,85853,35813,31821,70004,19,4930000,4522000,408000,8.30000019073486,51512,295100,514.900024414062,2950,0.37064516544342,1.95470917224884,9.85232669229545,8.40463787220306,1.44768882009239,6.88755257166462,16.1127703969288,101825,1997,11,0,0,0,0,0,0,0,0,0,0,0,1
"Michigan","MI",1984,0,0,0,1,0,0,0,0,0,0,0,1,9049446,33.9758911132812,13496,122128254,0,1531,1239,292,92313,25230,24480,38990,15,NA,NA,NA,11.1800003051758,68979,525979,760.099975585938,5795.89990234375,0.265184760093689,1.54538249969482,16.9181627250994,13.6914458630948,3.22671686200459,7.33367639565768,16.0182140983328,63470,1997,-13,1,0,0,0,0,0,0,0,0,0,0,0
"Michigan","MI",1998,0,1,0,1,0,0,0,0,0,0,0,1,9820231,35.6847229003906,27225,268114120,1,1366,1161,205,91745,29737,36301,57615,19,5007961,4809506,198455,3.96279048919678,60947,398773,620.799987792969,4062.10009765625,0.395672798156738,1.93748533725739,13.9100597531769,11.8225324842155,2.08752726896139,7.21964204013074,16.0999552034756,93916,1997,1,0,0,0,0,0,0,1,0,0,0,0,0
"Michigan","MI",2010,1,0,1,1,0,1,0,0,0,0,0,1,9877574,38.2344360351562,35111,346818167,1,942,778,164,85985,35983,31923,65645,19,4821000,4232000,589000,12.1999998092651,48693,271501,493,2748.80004882812,0.371262431144714,1.82433366775513,9.53675467275669,7.87642795690521,1.66032671585148,6.84800527457636,16.1057774930139,97568,1997,13,0,0,0,0,0,0,0,0,0,0,0,1
"Michigan","MI",1999,0,1,0,1,0,0,0,0,0,0,0,1,9863775,35.8067321777344,28399,281068271,1,1382,1177,205,91791,29931,37039,58605,19,5136000,4942000,194000,3.79999995231628,56709,369887,574.900024414062,3750,0.403514504432678,1.95800340175629,14.0108629809581,11.9325511784281,2.07831180252996,7.23128700432762,16.1043795133472,95644,1997,2,0,0,0,0,0,0,0,1,0,0,0,0
"Michigan","MI",2000,1,0,0,1,0,0,0,0,0,0,0,1,9952450,35.8102188110352,30015,298721877,1,1382,1180,202,91973,30007,37525,60267,19,5201000,5016000,185000,3.59999990463257,55159,353297,555,3554.89990234375,0.40800017118454,2.00843143463135,13.8860280634417,11.856377072982,2.02965099045964,7.23128700432762,16.1133293099806,97792,1997,3,0,0,0,0,0,0,0,0,1,0,0,0
"Michigan","MI",1988,0,1,0,1,0,0,0,0,0,0,0,1,9218000,34.6572608947754,16978,156500522,0,1708,1422,286,90899,26996,30767,47132,15,NA,NA,NA,7.59999990463257,68980,496867,741.700012207031,5342.7001953125,0.338474571704865,1.74588823318481,18.5289650683445,15.4263397700152,3.10262529832936,7.44307837434852,16.0366686522626,77899,1997,-9,1,0,0,0,0,0,0,0,0,0,0,0
"Michigan","MI",2002,1,0,0,1,0,0,0,0,0,0,0,1,10015710,36.1693115234375,30351,303988766,1,1277,1077,200,92091,29938,38042,62102,19,5001000,4691000,310000,6.19999980926514,54306,335060,540.700012207031,3336.19995117188,0.413091391324997,2.07435369491577,12.7499697974482,10.7531068691086,1.99686292833958,7.15226885603254,16.1196654182287,100144,1997,5,0,0,0,0,0,0,0,0,0,0,1,0
"Michigan","MI",1993,0,1,0,1,0,0,0,0,0,0,0,1,9523247,35.3885040283203,21100,201293962,0,1414,1199,215,89485,28174,30794,54892,15,NA,NA,NA,7.07000017166138,75021,441767,791.5,4661,0.34412470459938,1.94832110404968,14.8478769898544,12.5902436427408,2.25763334711365,7.25417784645652,16.0692464200445,85686,1997,-4,0,0,1,0,0,0,0,0,0,0,0,0
"Michigan","MI",1994,0,1,0,1,0,0,0,0,0,0,0,1,9585995,35.5583381652832,22552,216444791,0,1421,1206,215,89524,28147,31149,54034,15,NA,NA,NA,5.8899998664856,72751,444325,766.099975585938,4679.10009765625,0.34794020652771,1.91970729827881,14.8237089629193,12.5808536307394,2.24285533217991,7.2591161280971,16.0758137371076,85183,1997,-3,0,0,0,1,0,0,0,0,0,0,0,0
"Michigan","MI",1991,0,1,0,1,0,0,0,0,0,0,0,1,9389609,35.0484886169434,19158,180094655,0,1421,1201,220,90780,26765,33118,48817,15,NA,NA,NA,9.28999996185303,75232,499781,803.099975585938,5335,0.364816039800644,1.82391178607941,15.133750510804,12.7907349496662,2.34301556113785,7.2591161280971,16.0551142102749,81935,1997,-6,1,0,0,0,0,0,0,0,0,0,0,0
"Michigan","MI",1992,0,1,0,1,0,0,0,0,0,0,0,1,9464558,35.248104095459,20161,191102725,0,1300,1084,216,89508,28012,31234,52985,15,NA,NA,NA,8.89000034332275,72672,456800,770.099975585938,4840.5,0.348952054977417,1.89151072502136,13.7354538901869,11.4532553976636,2.28219849252337,7.17011954344963,16.0630646431728,84219,1997,-5,0,1,0,0,0,0,0,0,0,0,0,0
"Michigan","MI",2011,1,0,1,1,0,1,0,0,1,0,1,1,9870377,38.5079765319824,37032,365752830,1,889,721,168,86596,35490,29976,64779,19,4658000,4181000,477000,10.1999998092651,43731,251329,442.799987792969,2544.60009765625,0.346159189939499,1.82527470588684,9.00674817182768,7.30468552518308,1.7020626466446,6.7900972355139,16.1050486072354,94755,1997,14,0,0,0,0,0,0,0,0,0,0,0,1
"Michigan","MI",1997,0,1,0,1,0,0,0,0,0,0,0,1,9779984,35.9991340637207,25857,253634069,1,1446,1247,199,89548,29634,35183,56572,15,NA,NA,NA,4.21000003814697,57663,422916,590,4326.89990234375,0.392895430326462,1.9090234041214,14.7853002622499,12.75053210721,2.03476815503993,7.27655640271871,16.0958484060178,91755,1997,0,0,0,0,0,0,1,0,0,0,0,0,0
"Michigan","MI",1996,0,1,0,1,0,0,0,0,0,0,0,1,9733774,35.8750038146973,24681,240855016,0,1505,1274,231,89478,28142,34402,55813,15,NA,NA,NA,4.88000011444092,60951,430020,635.299987792969,4482.2001953125,0.384474396705627,1.98326349258423,15.4616287577665,13.0884485298303,2.37318022793626,7.31654817718298,16.0911122515182,90215,1997,-1,0,0,0,0,0,0,0,0,0,0,0,0
"Michigan","MI",2012,1,0,1,1,0,1,0,0,1,0,1,1,9878404,38.7419242858887,38291,378443022,1,938,784,154,86009,36042,30164,64384,19,4671000,4245000,426000,9.10000038146973,44922,250101,454.5,2530.5,0.350707471370697,1.78636038303375,9.49546100766885,7.9365047228277,1.55895628484115,6.84374994900622,16.1058615182138,94548,1997,15,0,0,0,0,0,0,0,0,0,0,0,1
"Michigan","MI",2001,1,0,0,1,0,0,0,0,0,0,0,1,9991120,35.9759254455566,30233,302064500,1,1328,1135,193,91689,30100,37576,61411,19,5175000,4901000,274000,5.30000019073486,55424,352353,553.900024414062,3521.30004882812,0.409820139408112,2.04023265838623,13.2918031211716,11.360087757929,1.93171536324256,7.19142933003638,16.1172072564528,98987,1997,4,0,0,0,0,0,0,0,0,0,1,0,0
"Michigan","MI",2009,1,0,1,1,0,0,0,0,0,0,0,1,9901591,37.9781723022461,34168,338321544,1,872,728,144,85791,35859,31444,65325,19,4908000,4253000,655000,13.3000001907349,49825,284019,499.799987792969,2848.80004882812,0.366518646478653,1.82171845436096,8.80666551466325,7.35235377829684,1.45431173636641,6.77078942390898,16.1082060092635,96769,1997,12,0,0,0,0,0,0,0,0,0,0,0,1
"Michigan","MI",1995,0,1,0,1,0,0,0,0,0,0,0,1,9662881,35.7099304199219,23651,228855518,0,1530,1311,219,89528,28083,31143,54560,15,NA,NA,NA,5.34999990463257,65680,429223,687.799987792969,4495,0.347857654094696,1.94281232357025,15.8337870454992,13.5673822331042,2.26640481239498,7.33302301438648,16.0838024018896,85703,1997,-2,0,0,0,0,1,0,0,0,0,0,0,0
"Minnesota","MN",1987,0,1,0,1,1,0,0,0,0,0,0,1,4235140,34.7657432556152,16722,70819483,0,530,453,77,118776,14067,16531,18636,17,NA,NA,NA,5.38000011444092,12118,183868,285.399993896484,4330.39990234375,0.139177948236465,1.32480275630951,12.5143442719721,10.6962225569875,1.81812171498463,6.27287700654617,15.2589269433731,35167,1997,-10,1,0,0,0,0,0,0,0,0,0,0,0
"Minnesota","MN",1994,0,1,0,1,1,0,0,0,0,0,0,1,4565781,35.4026527404785,23076,106387546,0,646,577,69,115182,15016,20696,22621,20,NA,NA,NA,4,16397,181856,359,3982,0.179680854082108,1.50645983219147,14.1487294287659,12.6374874309565,1.51124199780936,6.4707995037826,15.3341001417153,43317,1997,-3,0,0,0,1,0,0,0,0,0,0,0,0
"Minnesota","MN",1988,0,1,0,1,1,0,0,0,0,0,0,1,4296162,34.834342956543,17368,74613817,0,612,526,86,115694,13950,17124,19323,20,NA,NA,NA,4.03999996185303,12490,173302,290.100006103516,4024.69995117188,0.14801113307476,1.38516128063202,14.2452728737883,12.2434861627657,2.00178671102254,6.41673228251233,15.2732326239571,36447,1997,-9,1,0,0,0,0,0,0,0,0,0,0,0
"Minnesota","MN",1986,0,1,0,1,1,0,0,0,0,0,0,1,4205208,34.6269416809082,15787,66386943,0,571,489,82,118682,13962,16078,17728,17,NA,NA,NA,5.32999992370605,11991,171832,284.600006103516,4077.60009765625,0.135471254587173,1.26973211765289,13.5784008781492,11.6284378798861,1.94996299826311,6.34738920965601,15.2518343150885,33806,1997,-11,1,0,0,0,0,0,0,0,0,0,0,0
"Minnesota","MN",1985,0,0,0,1,1,0,0,0,0,0,0,0,4184286,34.493106842041,14983,62691735,0,608,530,78,118517,13481,16146,16542,17,NA,NA,NA,5.98000001907349,10751,162597,256.399993896484,3877.80004882812,0.136233627796173,1.22706031799316,14.5305555117408,12.6664381928004,1.86411731894044,6.41017488196617,15.2468466380313,32688,1997,-12,1,0,0,0,0,0,0,0,0,0,0,0
"Minnesota","MN",1990,0,1,0,1,1,0,0,0,0,0,0,1,4387199,35.0012969970703,19786,86858665,0,566,493,73,115189,14208,18730,20216,20,NA,NA,NA,4.90000009536743,13392,185185,306.100006103516,4232.7001953125,0.162602335214615,1.42286038398743,12.9011699720026,11.2372381558256,1.66393181617702,6.33859407820318,15.2942015404143,38946,1997,-7,1,0,0,0,0,0,0,0,0,0,0,0
"Minnesota","MN",1991,0,1,0,1,1,0,0,0,0,0,0,1,4427703,35.072998046875,20158,89518675,0,531,463,68,114641,14797,18528,20726,20,NA,NA,NA,5.13000011444092,14006,185268,316,4180.2001953125,0.161617577075958,1.40068936347961,11.9926743053904,10.4568892719317,1.53578503345866,6.27476202124194,15.3033914973904,39254,1997,-6,1,0,0,0,0,0,0,0,0,0,0,0
"Minnesota","MN",1999,0,1,0,1,1,0,0,0,0,0,0,1,4775508,35.6203193664551,30180,147083764,1,626,565,61,116044,15955,25061,26349,20,2699000,2623000,75000,2.79999995231628,13085,158717,274,3323.60009765625,0.215961188077927,1.65145719051361,13.1085530586484,11.8312020417514,1.27735101689705,6.4393503711001,15.3790109136728,51410,1997,2,0,0,0,0,0,0,0,1,0,0,0,0
"Minnesota","MN",1989,0,1,0,1,1,0,0,0,0,0,0,1,4338045,34.8928756713867,18816,81626963,0,604,527,77,115458,14095,17965,19428,20,NA,NA,NA,4.34000015258789,12549,178252,288.299987792969,4094.89990234375,0.155597701668739,1.37836110591888,13.9233226026931,12.1483294894359,1.77499311325724,6.40357419793482,15.2829343437591,37393,1997,-8,1,0,0,0,0,0,0,0,0,0,0,0
"Minnesota","MN",1993,0,1,0,1,1,0,0,0,0,0,0,1,4523560,35.2843208312988,21770,99182021,0,538,482,56,115073,14886,20309,21905,20,NA,NA,NA,5.13000011444092,15986,183347,353.899993896484,4059,0.176487967371941,1.47151684761047,11.8932875876522,10.6553245673761,1.23796302027607,6.28785856016178,15.3248098524254,42214,1997,-4,0,0,1,0,0,0,0,0,0,0,0,0
"Minnesota","MN",2010,1,0,1,1,1,1,0,1,0,0,0,1,5310584,37.4343070983887,42616,226319865,1,411,366,45,117532,20632,24586,32045,27.5,2935000,2721000,214000,7.30000019073486,12515,136431,235.699996948242,2569,0.209185585379601,1.55316984653473,7.73926182129875,6.89189738830984,0.847364432988914,6.01859321449623,15.4852123683382,56631,1997,13,0,0,0,0,0,0,0,0,0,0,0,1
"Minnesota","MN",1992,0,1,0,1,1,0,0,0,0,0,0,1,4471738,35.1726379394531,21418,96287636,0,581,524,57,115099,14523,19970,21192,20,NA,NA,NA,5.19000005722046,15144,190520,338,4252.7001953125,0.173502817749977,1.45920264720917,12.9927111114292,11.718038936986,1.27467217444314,6.36475075685191,15.3132877053387,41162,1997,-5,0,1,0,0,0,0,0,0,0,0,0,0
"Minnesota","MN",1996,0,1,0,1,1,0,0,0,0,0,0,1,4648081,35.689208984375,25764,121418986,0,576,523,53,115232,15381,21150,23315,20,NA,NA,NA,3.98000001907349,15782,192109,338.799987792969,4124.2998046875,0.183542773127556,1.51583123207092,12.3922108930546,11.2519553768534,1.1402555162012,6.35610766069589,15.3519650042123,44465,1997,-1,0,0,0,0,0,0,0,0,0,0,0,0
"Minnesota","MN",1983,0,0,0,1,1,0,0,0,0,0,0,0,4141438,34.2122497558594,12575,52078024,0,555,480,75,118521,12954,16183,14880,16,NA,NA,NA,8.18000030517578,7909,159268,190.899993896484,3843.30004882812,0.136541202664375,1.14867997169495,13.4011423085411,11.5901771317113,1.81096517682988,6.31896811374643,15.2365536284871,31063,1997,-14,1,0,0,0,0,0,0,0,0,0,0,0
"Minnesota","MN",1984,0,0,0,1,1,0,0,0,0,0,0,0,4157698,34.375186920166,14209,59077179,0,582,512,70,118430,13125,16281,15545,17,NA,NA,NA,6.32999992370605,8802,151082,211.5,3630,0.137473613023758,1.18438100814819,13.9981306963613,12.314506729445,1.68362396691631,6.36647044773144,15.2404721136897,31826,1997,-13,1,0,0,0,0,0,0,0,0,0,0,0
"Minnesota","MN",1998,0,1,0,1,1,0,0,0,0,0,0,1,4726411,35.5144233703613,29024,139702289,1,650,584,66,115440,15747,24289,25339,20,2731724,2656676,75048,2.74727606773376,14656,176541,310.200012207031,3736.30004882812,0.21040366590023,1.60913193225861,13.7525069233294,12.3560985280374,1.3964083952919,6.47697236288968,15.3686766986692,49628,1997,1,0,0,0,0,0,0,1,0,0,0,0,0
"Minnesota","MN",2002,0,1,0,1,1,0,0,0,0,0,0,1,5018935,35.9978523254395,33876,170021134,1,657,600,57,116016,16105,26564,27998,20,2918000,2790000,128000,4.40000009536743,13428,164026,267.200012207031,3264.30004882812,0.228968411684036,1.73846626281738,13.0904265546376,11.9547274471576,1.13569910747997,6.48768401848461,15.4287283177662,54562,1997,5,0,0,0,0,0,0,0,0,0,0,1,0
"Minnesota","MN",2003,0,1,1,1,1,0,0,0,0,0,0,1,5053572,36.1803703308105,35218,177976712,1,655,596,59,115684,16208,26750,28546,20,2923000,2778000,145000,5,13316,157663,262.899993896484,3113.30004882812,0.231233358383179,1.76122903823853,12.9611292764801,11.7936382424155,1.16749103406462,6.48463523563525,15.4356058779466,55296,1997,6,0,0,0,0,0,0,0,0,0,0,0,1
"Minnesota","MN",2000,0,1,0,1,1,0,0,0,0,0,0,1,4933692,35.6724662780762,32326,159485064,1,625,570,55,116233,16018,25402,27199,20,2739000,2649000,90000,3.29999995231628,13813,157798,280.799987792969,3207.60009765625,0.218543782830238,1.69802725315094,12.6679979212322,11.5532141041638,1.11478381706843,6.4377516497364,15.4115981501262,52601,1997,3,0,0,0,0,0,0,0,0,1,0,0,0
"Minnesota","MN",2001,0,1,0,1,1,0,0,0,0,0,0,1,4982796,35.8209991455078,33321,166030255,1,568,515,53,116064,16216,25845,27496,20,2814000,2710000,104000,3.70000004768372,13145,165046,263.700012207031,3311.19995117188,0.222678869962692,1.69560933113098,11.3992224445873,10.3355626038072,1.06365984078016,6.34212141872115,15.4215017372323,53341,1997,4,0,0,0,0,0,0,0,0,0,1,0,0
"Minnesota","MN",1995,0,1,0,1,1,0,0,0,0,0,0,1,4604947,35.5466499328613,24156,112569821,0,597,543,54,115225,15166,21016,23056,20,NA,NA,NA,3.71000003814697,16416,190911,356.100006103516,4141.2001953125,0.182390972971916,1.52024269104004,12.9643185904203,11.7916666576184,1.17265193280183,6.3919171133926,15.3426417183762,44072,1997,-2,0,0,0,0,1,0,0,0,0,0,0,0
"Minnesota","MN",2008,0,1,1,1,1,1,0,1,0,0,0,1,5247018,37.0389251708984,43068,225978400,1,455,411,44,117613,20626,25487,32508,22.5,2892000,2731000,160000,5.5,13853,149517,265.399993896484,2864.10009765625,0.216702237725258,1.57606899738312,8.67159213099707,7.83302058426329,0.838571546733783,6.12029741895095,15.4731704731947,57995,1997,11,0,0,0,0,0,0,0,0,0,0,0,1
"Minnesota","MN",2009,1,0,1,1,1,1,0,1,0,0,0,1,5281203,37.2400245666504,41202,217595216,1,421,368,53,117613,20626,24579,32299,27.1000003814697,2933000,2703000,230000,7.80000019073486,12874,139286,244.5,2644.89990234375,0.20898200571537,1.5659362077713,7.97166857626946,6.96810934932817,1.00355922694129,6.04263283368238,15.4796644706397,56878,1997,12,0,0,0,0,0,0,0,0,0,0,0,1
"Minnesota","MN",2007,0,1,1,1,1,0,0,1,0,0,0,1,5207203,36.8569221496582,41588,216557329,1,510,473,37,119311,18382,27154,30079,20,2893000,2760000,133000,4.59999990463257,15054,158257,289.600006103516,3044.80004882812,0.227590084075928,1.63632905483246,9.7941255603056,9.08357135298931,0.710554207316289,6.23441072571837,15.4655534173655,57233,1997,10,0,0,0,0,0,0,0,0,0,0,0,1
"Minnesota","MN",2005,0,1,1,1,1,0,0,1,0,0,0,1,5119598,36.5176544189453,37742,193224628,1,559,508,51,115641,16407,27867,29037,20,2929000,2815000,114000,3.90000009536743,15243,158301,297,3088,0.240978538990021,1.76979339122772,10.9188260484515,9.92265408338702,0.996171965064444,6.3261494731551,15.4485864783082,56904,1997,8,0,0,0,0,0,0,0,0,0,0,0,1
"Minnesota","MN",2011,1,0,1,1,1,1,0,1,0,0,0,1,5342372,37.6661033630371,45135,241351998,1,368,323,45,117885,20817,24584,32101,28,2954000,2764000,191000,6.5,12323,136183,230.5,2546.80004882812,0.208542227745056,1.54205691814423,6.88832600949541,6.0460035355082,0.84232247398721,5.90808293816893,15.4911803070676,56685,1997,14,0,0,0,0,0,0,0,0,0,0,0,1
"Minnesota","MN",1997,0,1,0,1,1,0,0,0,0,0,0,1,4687408,35.7766227722168,26922,128238767,1,600,534,66,115282,15532,23782,24568,20,NA,NA,NA,3.26999998092651,15827,191006,337.799987792969,4076.10009765625,0.206294134259224,1.58176672458649,12.8002512262641,11.392223591375,1.40802763488905,6.39692965521615,15.3603903224015,48350,1997,0,0,0,0,0,0,1,0,0,0,0,0,0
"Minnesota","MN",2012,1,0,1,1,1,1,0,1,0,0,0,1,5377145,37.8746490478516,46925,252413486,1,395,348,47,117931,20902,24487,32502,28.5,2945000,2776000,169000,5.80000019073486,12419,138152,230.899993896484,2568.30004882812,0.207638368010521,1.55497086048126,7.34590568043079,6.47183589060738,0.87406978982341,5.97888576490112,15.4976681221383,56989,1997,15,0,0,0,0,0,0,0,0,0,0,0,1
"Minnesota","MN",2006,0,1,1,1,1,0,0,1,0,0,0,1,5163555,36.6926078796387,39582,204381386,1,494,446,48,115554,16755,27224,29294,20,2911000,2794000,117000,4,16042,159276,310.5,3082.5,0.235595479607582,1.74837362766266,9.56705215689578,8.63746004448486,0.929592112410926,6.20253551718792,15.4571358537266,56518,1997,9,0,0,0,0,0,0,0,0,0,0,0,1
"Minnesota","MN",2004,0,1,1,1,1,0,0,0,0,0,0,1,5087713,36.3493347167969,36878,187625123,1,567,520,47,115645,16292,27712,28858,20,2941000,2800000,140000,4.80000019073486,13751,155019,269.799987792969,3041.60009765625,0.23962989449501,1.77129876613617,11.1444965547388,10.220702307697,0.923794247041844,6.34035930372775,15.4423389751784,56570,1997,7,0,0,0,0,0,0,0,0,0,0,0,1
"Mississippi","MS",2000,0,1,0,1,1,0,0,0,0,0,0,1,2848353,35.0098876953125,21564,61420821,1,949,878,71,65444,8056,24416,11120,18.3999996185303,1326000,1251000,75000,5.69999980926514,10267,103644,360.899993896484,3643.5,0.373082339763641,1.38033759593964,33.3174996217112,30.8248310514883,2.49266857022286,6.85540879860993,14.8622514904625,35536,1995,5,0,0,0,0,0,0,0,0,0,0,1,0
"Mississippi","MS",2005,0,1,1,1,1,0,0,0,0,0,0,1,2905943,35.8661270141602,26819,77934486,1,931,854,77,63550,10631,24594,17592,18.3999996185303,1333000,1241000,92000,6.90000009536743,8131,95231,280,3274,0.387002348899841,1.65478312969208,32.037792895456,29.388050625907,2.64974226954899,6.83625927727707,14.8822685083295,42186,1995,10,0,0,0,0,0,0,0,0,0,0,0,1
"Mississippi","MS",1999,0,1,0,1,1,0,0,0,0,0,0,1,2768619,34.9325981140137,20578,58203765,1,927,861,66,65386,7933,24102,10778,18.3999996185303,1270000,1205000,65000,5.09999990463257,9671,108560,349.299987792969,3921.10009765625,0.368611007928848,1.35862851142883,33.4823968194974,31.0985368517662,2.3838599677312,6.83195356556585,14.8338591978865,34880,1995,4,0,0,0,0,0,0,0,0,0,1,0,0
"Mississippi","MS",1984,0,0,0,1,0,0,0,0,0,0,0,0,2578058,33.1140899658203,9460,24389144,0,679,599,80,64327,6953,11856,6586,9,NA,NA,NA,10.8000001907349,7326,72169,282,2777.89990234375,0.184308305382729,0.947217047214508,26.3376541567335,23.234543210432,3.10311094630144,6.5206211275587,14.7625469602887,18442,1995,-11,1,0,0,0,0,0,0,0,0,0,0,0
"Mississippi","MS",1985,0,0,0,1,0,0,0,0,0,0,0,0,2588097,33.2218208312988,9935,25713693,0,662,579,83,64702,6992,12326,6804,9,NA,NA,NA,10.289999961853,7079,78254,270.899993896484,2994.80004882812,0.190504163503647,0.973112106323242,25.5786394404847,22.3716499033846,3.20698953710004,6.49526555593701,14.7664334145806,19130,1995,-10,1,0,0,0,0,0,0,0,0,0,0,0
"Mississippi","MS",2001,0,1,0,1,1,0,0,0,0,0,0,1,2852994,35.170036315918,22777,64981888,1,784,717,67,65597,8104,24798,11190,18.3999996185303,1296000,1225000,72000,5.5,10006,109609,349.899993896484,3832.80004882812,0.378035575151443,1.38079965114594,27.479903567971,25.1314934416266,2.34841012634446,6.66440902035041,14.863879527144,35988,1995,6,0,0,0,0,0,0,0,0,0,0,0,1
"Mississippi","MS",1998,0,1,0,1,1,0,0,0,0,0,0,1,2751335,34.7762756347656,20048,56230826,1,948,880,68,65371,7924,23728,10482,18.3999996185303,1281368,1211542,69826,5.44933223724365,11302,109345,410.700012207031,3973.30004882812,0.362974405288696,1.32281672954559,34.4560004506903,31.984472992202,2.47152745848833,6.85435450225502,14.8275968063933,34210,1995,3,0,0,0,0,0,0,0,0,1,0,0,0
"Mississippi","MS",2003,0,1,1,1,1,0,0,0,0,0,0,1,2868312,35.5310211181641,24008,68862602,1,872,823,49,63443,10662,22999,14468,18.3999996185303,1312000,1229000,83000,6.30000019073486,9336,106867,323.899993896484,3707.30004882812,0.36251437664032,1.35696864128113,30.4011558017398,28.6928339734311,1.70832182830878,6.77078942390898,14.8692342613957,37467,1995,8,0,0,0,0,0,0,0,0,0,0,0,1
"Mississippi","MS",2004,0,1,1,1,1,0,0,0,0,0,0,1,2889010,35.6806297302246,25265,72992070,1,900,852,48,63507,10620,24114,15317,18.3999996185303,1335000,1252000,83000,6.19999980926514,8568,100980,295.399993896484,3481.10009765625,0.379706174135208,1.44227874279022,31.1525401435094,29.4910713358555,1.66146880765383,6.80239476332431,14.8764244408477,39431,1995,9,0,0,0,0,0,0,0,0,0,0,0,1
"Mississippi","MS",2006,1,0,1,1,1,0,0,0,0,0,0,1,2904978,36.0615081787109,28012,81373556,1,911,851,60,63727,10682,25413,16085,18.3999996185303,1297000,1214000,83000,6.40000009536743,9076,92853,311.799987792969,3190.19995117188,0.398779153823853,1.50580418109894,31.3599621064256,29.2945419896467,2.06542011677885,6.81454289725996,14.8819363750897,41498,1995,11,0,0,0,0,0,0,0,0,0,0,0,1
"Mississippi","MS",2002,0,1,0,1,1,0,0,0,0,0,0,1,2858681,35.3560981750488,23186,66281150,1,885,825,60,65697,8205,25092,11337,18.3999996185303,1298000,1210000,88000,6.80000019073486,9858,109584,343.899993896484,3822.60009765625,0.381935238838196,1.38171851634979,30.9583335811166,28.8594635078206,2.09887007329604,6.78558764500793,14.8658708876046,36429,1995,7,0,0,0,0,0,0,0,0,0,0,0,1
"Mississippi","MS",1983,0,0,0,1,0,0,0,0,0,0,0,0,2567730,32.9981155395508,8694,22324201,0,715,613,102,64169,6906,11421,6381,9,NA,NA,NA,12.6099996566772,7255,75740,280.399993896484,2927.69995117188,0.17798313498497,0.923979163169861,27.8456068200317,23.8732265464048,3.9723802736269,6.57228254269401,14.7585327980775,17802,1995,-12,1,0,0,0,0,0,0,0,0,0,0,0
"Mississippi","MS",1993,0,1,0,1,0,0,0,0,0,0,0,1,2635647,34.5916023254395,15596,41408097,0,813,740,73,64930,7904,18032,8832,18.3999996185303,NA,NA,NA,6.42999982833862,11467,105308,433.899993896484,3984.39990234375,0.277714461088181,1.1174088716507,30.8463159140811,28.0765975109717,2.76971840310937,6.70073110954781,14.7846392506144,26864,1995,-2,0,0,0,0,1,0,0,0,0,0,0,0
"Mississippi","MS",2008,1,0,1,1,1,0,0,0,0,0,0,1,2947806,36.3130416870117,30659,90376905,1,783,728,55,63929,10957,26668,17043,18.3999996185303,1316000,1230000,86000,6.5,8942,85488,304.299987792969,2909.10009765625,0.417150288820267,1.55544400215149,26.5621279012255,24.6963334764907,1.86579442473487,6.6631326959908,14.896571722799,43711,1995,13,0,0,0,0,0,0,0,0,0,0,0,1
"Mississippi","MS",1986,0,0,0,1,0,0,0,0,0,0,0,1,2593596,33.3931884765625,10281,26664670,0,771,684,87,64798,7020,12754,6472,9,NA,NA,NA,11.6800003051758,7196,80612,274.100006103516,3070.89990234375,0.196827068924904,0.921937346458435,29.7270662046055,26.3726501737356,3.35441603086988,6.64768837356333,14.7685558877045,19226,1995,-9,1,0,0,0,0,0,0,0,0,0,0,0
"Mississippi","MS",1987,0,0,0,1,0,0,0,0,0,0,0,1,2588539,33.6420822143555,10891,28191446,0,756,677,79,64940,7125,13522,6651,15,NA,NA,NA,10.1499996185303,7081,83182,269.799987792969,3168.80004882812,0.208222970366478,0.933473706245422,29.2056638899395,26.1537492771019,3.05191461283759,6.62804137617953,14.7666041818515,20173,1995,-8,1,0,0,0,0,0,0,0,0,0,0,0
"Mississippi","MS",1997,0,1,0,1,0,0,0,0,0,0,0,1,2731644,35.0728797912598,19091,53016637,1,861,801,60,65238,7912,21366,10153,18.3999996185303,NA,NA,NA,5.75,12808,113644,469,4161.2998046875,0.327508509159088,1.28324067592621,31.5194805765319,29.3230010938468,2.19647948268515,6.75809450442773,14.820414183715,31519,1995,2,0,0,0,0,0,0,0,1,0,0,0,0
"Mississippi","MS",1989,0,0,0,1,0,0,0,0,0,0,0,1,2574273,34.1062202453613,12684,32652330,0,727,650,77,64988,7324,15429,7466,17,NA,NA,NA,7.78999996185303,8156,83980,311.200012207031,3204.10009765625,0.237413063645363,1.01938831806183,28.2409829882068,25.2498472384242,2.99113574978256,6.58892647753352,14.7610777221202,22895,1995,-6,1,0,0,0,0,0,0,0,0,0,0,0
"Mississippi","MS",1990,0,1,0,1,0,0,0,0,0,0,0,1,2577256,34.4566879272461,13286,34263756,0,750,670,80,65164,7356,16702,7696,18.2000007629395,NA,NA,NA,7.6100001335144,8758,90803,340.399993896484,3528.80004882812,0.256307154893875,1.04622077941895,29.1007179729138,25.9966413891364,3.10407658377747,6.62007320653036,14.7622358250188,24398,1995,-5,0,1,0,0,0,0,0,0,0,0,0,0
"Mississippi","MS",1991,0,1,0,1,0,0,0,0,0,0,0,1,2591028,34.4762916564941,13866,36033621,0,714,655,59,65170,7360,16962,7935,18.2000007629395,NA,NA,NA,8.76000022888184,10085,99317,389.100006103516,3831.69995117188,0.26027312874794,1.078125,27.5566300325585,25.2795415564787,2.27708847607976,6.57088296233958,14.7675652661242,24897,1995,-4,0,0,1,0,0,0,0,0,0,0,0,0
"Mississippi","MS",1988,0,0,0,1,0,0,0,0,0,0,0,1,2580353,33.888240814209,11685,30152109,0,722,632,90,64912,7257,14837,7206,17,NA,NA,NA,8.39999961853027,8544,85840,325.200012207031,3267.60009765625,0.228570982813835,0.992972314357758,27.9806677613489,24.4927728880506,3.48789487329834,6.58202513889283,14.763436769244,22043,1995,-7,1,0,0,0,0,0,0,0,0,0,0,0
"Mississippi","MS",1992,0,1,0,1,0,0,0,0,0,0,0,1,2610096,34.5176048278809,14814,38868169,0,766,700,66,64907,7888,17521,8718,18.2000007629395,NA,NA,NA,8.21000003814697,10763,101181,411.700012207031,3870.69995117188,0.269940078258514,1.10522317886353,29.3475795526295,26.8189369279904,2.52864262463909,6.64118216974059,14.7748975602316,26239,1995,-3,0,0,0,1,0,0,0,0,0,0,0,0
"Mississippi","MS",1994,0,1,0,1,0,0,0,0,0,0,0,1,2663145,34.6653938293457,16663,44806636,0,791,726,65,64997,7913,19274,9274,18.3999996185303,NA,NA,NA,6.6100001335144,13177,115924,493.700012207031,4343.2998046875,0.296536773443222,1.17199540138245,29.7017248403673,27.2610015601854,2.44072328018189,6.67329796776765,14.7950183131823,28548,1995,-1,0,0,0,0,0,0,0,0,0,0,0,0
"Mississippi","MS",1995,0,1,0,1,0,0,0,0,0,0,0,1,2690452,34.8050842285156,17375,47305231,1,868,805,63,65183,7919,19993,9566,18.3999996185303,NA,NA,NA,6.11999988555908,13560,108195,502.799987792969,4011.69995117188,0.306721091270447,1.20798075199127,32.2622369772811,29.9206230031236,2.3416139741575,6.76619171466035,14.8052197672024,29559,1995,0,0,0,0,0,0,1,0,0,0,0,0,0
"Mississippi","MS",1996,0,1,0,1,0,0,0,0,0,0,0,1,2710022,34.9622955322266,18263,50189168,1,811,758,53,65281,7921,20657,9905,18.3999996185303,NA,NA,NA,6.13000011444092,13261,109581,488.299987792969,4034.60009765625,0.316432029008865,1.25047338008881,29.9259563206498,27.9702526400155,1.95570368063433,6.69826805411541,14.8124673109041,30562,1995,1,0,0,0,0,0,0,1,0,0,0,0,0
"Mississippi","MS",2007,1,0,1,1,1,0,0,0,0,0,0,1,2928350,36.1680526733398,29491,86358970,1,884,818,66,63844,10780,26702,16635,18.3999996185303,1304000,1224000,80000,6.09999990463257,8502,90887,291.299987792969,3113.89990234375,0.418238192796707,1.54313540458679,30.1876483343863,27.9338193863438,2.25382894804241,6.78445706263764,14.8899496824387,43337,1995,12,0,0,0,0,0,0,0,0,0,0,0,1
"Mississippi","MS",2009,1,0,1,1,1,0,0,0,0,0,0,1,2958774,36.4728889465332,30249,89501173,1,700,632,68,63958,11025,24169,16258,18.3999996185303,1266000,1149000,117000,9.19999980926514,8451,87327,286.299987792969,2958.19995117188,0.37788861989975,1.47464847564697,23.6584477219281,21.3601985146551,2.29824920727301,6.5510803350434,14.900285551311,40427,1995,14,0,0,0,0,0,0,0,0,0,0,0,1
"Mississippi","MS",2010,1,0,1,1,1,0,0,0,0,0,0,1,2970036,36.6552352905273,30847,91588326,1,641,587,54,64050,11031,23444,16397,18.3999996185303,1296000,1155000,141000,10.8999996185303,7999,88596,269.299987792969,2983,0.366026550531387,1.48644733428955,21.582229979704,19.7640701998225,1.81815977988146,6.46302945692067,14.9040846319175,39841,1995,15,0,0,0,0,0,0,0,0,0,0,0,1
"Mississippi","MS",2011,1,0,1,1,1,0,0,0,0,0,0,1,2961405,36.921630859375,32193,95854424,1,630,576,54,64107,11011,23063,15788,18.3999996185303,1348000,1206000,142000,10.5,8009,89809,269,3016.30004882812,0.359757900238037,1.43383884429932,21.2736859700041,19.4502271725752,1.82345879742892,6.44571981938558,14.901174375846,38851,1995,16,0,0,0,0,0,0,0,0,0,0,0,1
"Mississippi","MS",2012,1,0,1,1,1,0,0,0,0,0,0,1,2969452,37.1220436096191,33657,100465005,1,582,527,55,64400,10781,23245,15422,18.3999996185303,1328000,1210000,118000,8.89999961853027,7786,83906,260.799987792969,2811,0.36094719171524,1.43047952651978,19.5995759486936,17.7473823452947,1.85219360339888,6.36647044773144,14.90388798197,38667,1995,17,0,0,0,0,0,0,0,0,0,0,0,1
"Missouri","MO",2007,0,1,1,1,1,0,0,0,0,0,0,1,5887612,37.4346618652344,35823,210909602,1,992,900,92,106414,22709,28002,41149,17,3048000,2896000,152000,5,32962,225113,560.700012207031,3829.5,0.263142079114914,1.8120129108429,16.8489363769216,15.2863334064813,1.56260297044031,6.89972310728487,15.5883610404804,69151,1995,12,0,0,0,0,0,0,0,0,0,0,0,1
"Missouri","MO",2008,0,1,1,1,1,0,0,0,0,0,0,1,5923916,37.5837936401367,37383,221451253,1,960,892,68,106765,22952,28511,39762,17,3018000,2835000,183000,6.09999990463257,29701,216522,502.399993896484,3662.69995117188,0.267044454813004,1.73239803314209,16.2054964992751,15.0576071639098,1.14788933536532,6.86693328446188,15.5945082746609,68273,1995,13,0,0,0,0,0,0,0,0,0,0,0,1
"Missouri","MO",2009,0,1,1,1,1,0,0,0,0,0,0,1,5961088,37.746753692627,36323,216525729,1,878,806,72,106767,23592,29014,39989,17,3067000,2779000,288000,9.39999961853027,29513,201783,492.899993896484,3370,0.271750628948212,1.69502377510071,14.7288548667626,13.5210216658436,1.20783320091903,6.77764659363512,15.6007635727168,69003,1995,14,0,0,0,0,0,0,0,0,0,0,0,1
"Missouri","MO",2010,0,1,1,1,1,0,0,0,0,0,0,1,5996231,37.9172096252441,36605,219483955,1,821,755,66,106767,23592,30731,40133,17,3032000,2745000,287000,9.5,27440,200858,457.700012207031,3350,0.287832379341125,1.70112752914429,13.6919341499685,12.5912427323097,1.10069141765886,6.71052310945243,15.6066416631463,70864,1995,15,0,0,0,0,0,0,0,0,0,0,0,1
"Missouri","MO",1985,0,0,0,0,0,0,0,0,0,0,0,1,5000254,35.6274452209473,13924,69625777,0,931,828,103,104120,15035,18767,20517,7,NA,NA,NA,6.40999984741211,25321,194247,503.5,3862.5,0.180243954062462,1.36461591720581,18.6190541520491,16.5591587947332,2.05989535731585,6.83625927727707,15.4249992691081,39284,1995,-10,1,0,0,0,0,0,0,0,0,0,0,0
"Missouri","MO",1998,0,1,0,1,1,0,0,0,0,0,0,1,5437562,36.3472213745117,25516,140893759,1,1169,1053,116,106480,16367,28171,35363,17,2910879,2794877,116002,3.98511934280396,30222,232284,555.700012207031,4270.7001953125,0.264566123485565,2.16062808036804,21.4986054411885,19.3652964324821,2.13330900870648,7.06390396147207,15.5088413566129,63534,1995,3,0,0,0,0,0,0,0,0,1,0,0,0
"Missouri","MO",1986,0,1,0,0,0,0,0,0,0,0,0,1,5023068,35.7284355163574,14605,73363467,0,1129,1006,123,104357,15041,20097,21474,7,NA,NA,NA,6.09000015258789,29310,206463,578.599975585938,4075.5,0.192579314112663,1.42769765853882,22.4763033269707,20.0276006615877,2.44870266538299,7.02908756414966,15.429551460367,41571,1995,-9,1,0,0,0,0,0,0,0,0,0,0,0
"Missouri","MO",1987,0,1,0,0,1,0,0,0,0,0,0,1,5056695,35.8514595031738,15288,77307238,0,1045,934,111,104385,15297,20922,22457,11.0299997329712,NA,NA,NA,6.32999992370605,27792,212430,544.599975585938,4162.7998046875,0.20043109357357,1.46806561946869,20.6656719458065,18.4705622941467,2.19510965165983,6.95177216439891,15.436223665805,43379,1995,-8,1,0,0,0,0,0,0,0,0,0,0,0
"Missouri","MO",2006,0,1,1,1,1,0,0,0,0,0,0,1,5842704,37.3040618896484,34409,201040578,1,1096,1009,87,107960,19244,31006,37828,17,3045000,2899000,147000,4.80000019073486,31897,224007,545.900024414062,3834,0.287198960781097,1.96570360660553,18.7584378739707,17.2694012909091,1.48903658306154,6.99942246750796,15.5807042613453,68834,1995,11,0,0,0,0,0,0,0,0,0,0,0,1
"Missouri","MO",2005,0,1,1,1,1,0,0,0,0,0,0,1,5790300,37.1624717712402,32702,189352857,1,1257,1152,105,106473,19349,30540,38214,17,3020000,2855000,165000,5.5,30477,227809,526,3929,0.2868332862854,1.9749858379364,21.7087197554531,19.8953422102482,1.81337754520491,7.13648320859025,15.5716946616784,68754,1995,10,0,0,0,0,0,0,0,0,0,0,0,1
"Missouri","MO",2004,0,1,1,1,1,0,0,0,0,0,0,1,5747741,37.0287437438965,31713,182278284,1,1130,1045,85,107593,18330,31512,37482,17,3017000,2844000,173000,5.69999980926514,28226,224629,490.100006103516,3900.10009765625,0.292881518602371,2.04484462738037,19.6598976885006,18.1810558269762,1.47884186152438,7.02997291170639,15.5643174660148,68994,1995,9,0,0,0,0,0,0,0,0,0,0,0,1
"Missouri","MO",1991,0,1,0,0,1,0,0,0,0,0,0,1,5157655,36.2176055908203,18551,95923743,0,1011,933,78,106022,15033,24976,16006,11.0299997329712,NA,NA,NA,6.67000007629395,39358,239982,763,4652.60009765625,0.235573753714561,1.06472432613373,19.6019314979385,18.0896163081866,1.51231518975193,6.91869521902047,15.4559925767964,40982,1995,-4,0,0,1,0,0,0,0,0,0,0,0,0
"Missouri","MO",1992,0,1,0,0,1,0,0,0,0,0,0,1,5193515,36.3017539978027,19619,102356123,0,985,891,94,106026,15398,24968,28286,13.0299997329712,NA,NA,NA,5.73000001907349,38448,226246,740.400024414062,4356.7001953125,0.235489413142204,1.83699178695679,18.9659604333481,17.1560109097596,1.80994952358855,6.89264164117209,15.4629212898715,53254,1995,-3,0,0,0,1,0,0,0,0,0,0,0,0
"Missouri","MO",2011,0,1,1,1,1,0,0,0,0,0,0,1,5990610,38.1407585144043,37988,228269622,1,786,709,77,107827,23839,29007,39782,17,3070000,2812000,258000,8.39999961853027,26888,199085,447.5,3313.10009765625,0.269014269113541,1.66877806186676,13.120533635139,11.8351887370401,1.28534489809886,6.66695679242921,15.6057038013006,68789,1995,16,0,0,0,0,0,0,0,0,0,0,0,1
"Missouri","MO",2012,0,1,1,1,1,0,0,0,0,0,0,1,6006211,38.3412132263184,39133,235661090,1,826,733,93,107926,24052,28640,39863,17,3012000,2804000,207000,6.90000009536743,27155,199590,450.899993896484,3314.39990234375,0.26536700129509,1.65736734867096,13.7524306089147,12.204033458032,1.54839715088264,6.71659477352098,15.6083046584434,68503,1995,17,0,0,0,0,0,0,0,0,0,0,0,1
"Missouri","MO",1995,0,1,0,1,1,0,0,0,0,0,0,1,5337355,36.4996948242188,22166,119215124,1,1109,1004,105,106306,16310,26504,32843,15,NA,NA,NA,4.78000020980835,35339,237278,663.799987792969,4456.7998046875,0.24931800365448,2.01367259025574,20.7780820275211,18.8108154694601,1.96726655806106,7.01121398735037,15.4902407698737,59347,1995,0,0,0,0,0,0,1,0,0,0,0,0,0
"Missouri","MO",1996,0,1,0,1,1,0,0,0,0,0,0,1,5368911,36.5399322509766,23249,126279769,1,1147,1046,101,106333,16415,27547,33615,17,NA,NA,NA,4.57000017166138,31669,240781,590.900024414062,4493,0.259063512086868,2.04782199859619,21.3637365193798,19.4825356576036,1.88120086177625,7.04490511712937,15.4961356526236,61162,1995,1,0,0,0,0,0,0,1,0,0,0,0,0
"Missouri","MO",1984,0,0,0,0,0,0,0,0,0,0,0,1,4975283,35.5453453063965,13073,65039836,0,967,850,117,104060,14827,18746,19789,7,NA,NA,NA,7.19999980926514,23071,192123,460.700012207031,3836.30004882812,0.180146068334579,1.33465969562531,19.4360803194512,17.0844552963118,2.35162502313939,6.87419849545329,15.4199928113791,38535,1995,-11,1,0,0,0,0,0,0,0,0,0,0,0
"Missouri","MO",1997,0,1,0,1,1,0,0,0,0,0,0,1,5408455,36.5948028564453,24473,134142655,1,1192,1084,108,106378,16389,28247,34733,17,NA,NA,NA,4.25,31192,228889,577.400024414062,4237.10009765625,0.265534222126007,2.11928725242615,22.039565827949,20.0426924140073,1.99687341394169,7.0833878476253,15.5034740277812,62980,1995,2,0,0,0,0,0,0,0,1,0,0,0,0
"Missouri","MO",1999,0,1,0,1,1,0,0,0,0,0,0,1,5468338,36.4616775512695,26390,146778022,1,1094,1022,72,106460,16369,30167,36568,17,2847000,2751000,96000,3.40000009536743,27353,223010,500.200012207031,4078.19995117188,0.283364653587341,2.23397874832153,20.0060786293751,18.6894080066009,1.31667062277423,6.99759598298193,15.5144852891072,66735,1995,4,0,0,0,0,0,0,0,0,0,1,0,0
"Missouri","MO",2000,0,1,0,1,1,0,0,0,0,0,0,1,5607285,36.5126304626465,28006,157035085,1,1157,1057,100,106668,16369,31483,35600,17,2930000,2828000,101000,3.5,27419,225919,490,4037.69995117188,0.295149445533752,2.17484259605408,20.6338718292364,18.8504775484035,1.78339428083288,7.05358572719368,15.5395772031345,67083,1995,5,0,0,0,0,0,0,0,0,0,0,1,0
"Missouri","MO",1988,0,1,0,0,1,0,0,0,0,0,0,1,5081730,35.9501991271973,16133,81982831,0,1103,996,107,104502,15386,21885,23688,11.0299997329712,NA,NA,NA,5.71000003814697,28393,220578,552.5,4292.2001953125,0.209421828389168,1.53958141803741,21.705206691422,19.5996245373131,2.10558215410894,7.0057890192535,15.4411623127614,45573,1995,-7,1,0,0,0,0,0,0,0,0,0,0,0
"Missouri","MO",1989,0,1,0,0,1,0,0,0,0,0,0,1,5095819,36.059513092041,17221,87755919,0,1052,957,95,104230,15847,23279,24808,11.0299997329712,NA,NA,NA,5.46999979019165,32634,231874,632.599975585938,4494.60009765625,0.22334261238575,1.56546986103058,20.644375320238,18.7801018835245,1.86427343671351,6.95844839329766,15.44393095755,48087,1995,-6,1,0,0,0,0,0,0,0,0,0,0,0
"Missouri","MO",1990,0,1,0,0,1,0,0,0,0,0,0,1,5126281,36.2020149230957,17884,91725554,0,1097,981,116,105488,15039,25189,25694,11.0299997329712,NA,NA,NA,5.82000017166138,36602,225422,715.299987792969,4405.2998046875,0.238785460591316,1.70849120616913,21.3995292103574,19.1366801780862,2.26284903227115,7.00033446027523,15.4498910029757,50883,1995,-5,0,1,0,0,0,0,0,0,0,0,0,0
"Missouri","MO",2003,0,1,1,1,1,0,0,0,0,0,0,1,5709403,36.9090423583984,30346,173255485,1,1232,1141,91,107110,17576,31469,36694,17,3021000,2850000,170000,5.59999990463257,28067,233564,490.799987792969,4083.89990234375,0.29380077123642,2.08773326873779,21.5784382360117,19.9845763208518,1.59386191515996,7.11639414409346,15.557625022751,68163,1995,8,0,0,0,0,0,0,0,0,0,0,0,1
"Missouri","MO",1993,0,1,0,0,1,0,0,0,0,0,0,1,5237813,36.355167388916,20317,107094465,0,947,837,110,105637,16150,25348,29473,13.0299997329712,NA,NA,NA,6.46000003814697,38963,227731,744.400024414062,4351,0.239953801035881,1.82495355606079,18.0800650958711,15.9799519379558,2.10011315791534,6.85329909318608,15.4714146027634,54821,1995,-2,0,0,0,0,1,0,0,0,0,0,0,0
"Missouri","MO",1994,0,1,0,1,1,0,0,0,0,0,0,1,5291215,36.4361724853516,21307,113448919,0,1089,996,93,105812,16499,25658,31630,15,NA,NA,NA,4.88000011444092,39240,240898,743.5,4564.2001953125,0.242486670613289,1.91708588600159,20.5812842607983,18.8236539244767,1.75763033632162,6.99301512293296,15.4815584561013,57288,1995,-1,0,0,0,0,0,0,0,0,0,0,0,0
"Missouri","MO",1983,0,0,0,0,0,0,0,0,0,0,0,1,4943727,35.4711723327637,11866,58663182,0,911,782,129,104170,14543,17697,18846,7,NA,NA,NA,9.88000011444092,23718,201418,477.200012207031,4052.69995117188,0.169885769486427,1.29588115215302,18.4273929365436,15.8180255503591,2.60936738618455,6.81454289725996,15.4136300581485,36543,1995,-12,1,0,0,0,0,0,0,0,0,0,0,0
"Missouri","MO",2002,0,1,1,1,1,0,0,0,0,0,0,1,5674825,36.7693367004395,29327,166424317,1,1208,1103,105,107110,17576,31469,36694,17,2990000,2825000,165000,5.5,30557,230520,539,4065.89990234375,0.29380077123642,2.08773326873779,21.2870000396488,19.4367227183217,1.85027732132709,7.09672137849476,15.5515502838519,68163,1995,7,0,0,0,0,0,0,0,0,0,0,0,1
"Missouri","MO",2001,0,1,0,1,1,0,0,0,0,0,0,1,5641142,36.6424179077148,28773,162314241,1,1098,1009,89,106710,17614,31588,36044,17,2970000,2830000,140000,4.69999980926514,30472,238411,540.5,4229.2001953125,0.296017229557037,2.04632687568665,19.4641439623395,17.8864492331517,1.57769472918781,7.00124562206948,15.545597085247,67632,1995,6,0,0,0,0,0,0,0,0,0,0,0,1
"Montana","MT",1991,0,1,0,0,0,0,0,0,0,0,0,1,807871,35.6018600463867,16362,13247777,0,200,184,16,68492,2275,6221,2093,20,NA,NA,NA,7.09999990463257,1130,28347,139.899993896484,3508.30004882812,0.0908281281590462,0.9200000166893,24.7564276969962,22.7759134812365,1.98051421575969,5.29831736654804,13.6021576712919,8314,1996,-5,0,1,0,0,0,0,0,0,0,0,0,0
"Montana","MT",1990,0,1,0,0,0,0,0,0,0,0,0,1,799830,35.4671401977539,15521,12420347,0,212,197,15,69116,2271,6360,1972,20,NA,NA,NA,5.94999980926514,1273,34702,159.300003051758,4342.7998046875,0.0920192152261734,0.868339955806732,26.505632446895,24.630233924709,1.87539852218596,5.35658627467201,13.5921544840687,8332,1996,-6,1,0,0,0,0,0,0,0,0,0,0,0
"Montana","MT",1984,0,0,0,0,0,0,0,0,0,0,0,0,820893,33.849193572998,11709,9611573,0,238,227,11,69213,2273,5296,2090,15,NA,NA,NA,7.40999984741211,1958,36380,237.600006103516,4415,0.0765174180269241,0.919489681720734,28.9928163597448,27.6528122422776,1.3400041174672,5.47227067367148,13.6181480510738,7386,1996,-12,1,0,0,0,0,0,0,0,0,0,0,0
"Montana","MT",1983,0,0,0,0,0,0,0,0,0,0,0,0,814028,33.7004623413086,11165,9088398,0,286,255,31,69241,2312,5115,2066,15,NA,NA,NA,8.88000011444092,1737,36208,212.600006103516,4431.7998046875,0.0738724172115326,0.8935986161232,35.1339265971195,31.325703784145,3.80822281297449,5.65599181081985,13.6097500424275,7181,1996,-13,1,0,0,0,0,0,0,0,0,0,0,0
"Montana","MT",1987,0,0,0,0,0,0,0,0,0,0,0,1,805064,34.6598777770996,12957,10431506,0,234,212,22,69395,2416,5949,2125,20,NA,NA,NA,7.42000007629395,1223,35986,151.199996948242,4448.2001953125,0.0857266336679459,0.879552960395813,29.066012143134,26.3333101467709,2.73270199636302,5.4553211153577,13.5986770563461,8074,1996,-9,1,0,0,0,0,0,0,0,0,0,0,0
"Montana","MT",1985,0,0,0,0,0,0,0,0,0,0,0,0,822305,34.0117797851562,11869,9759822,0,223,206,17,69199,2344,5413,2159,15,NA,NA,NA,7.6399998664856,1722,35855,208.5,4340.7998046875,0.0782236754894257,0.921075105667114,27.1188914089055,25.0515319741458,2.06735943475961,5.40717177146012,13.6198666514464,7572,1996,-11,1,0,0,0,0,0,0,0,0,0,0,0
"Montana","MT",1986,0,0,0,0,0,0,0,0,0,0,0,0,813748,34.3266944885254,12474,10150496,0,222,208,14,69409,2297,5747,1990,17,NA,NA,NA,8.10999965667725,1289,35393,157.399993896484,4321.5,0.0827990621328354,0.866347432136536,27.2811730412855,25.5607387053486,1.72043433593692,5.40267738187228,13.6094060147446,7737,1996,-10,1,0,0,0,0,0,0,0,0,0,0,0
"Montana","MT",2003,0,1,0,1,0,0,0,0,0,0,0,1,919630,37.7137336730957,26641,24499511,1,262,248,14,66698,2752,8304,2570,27.75,475000,452000,22000,4.69999980926514,3351,28428,365,3096.19995117188,0.12450148165226,0.933866262435913,28.4897186912128,26.9673673107663,1.52235138044648,5.5683445037611,13.7317266942186,10874,1996,7,0,0,0,0,0,0,0,0,0,0,0,1
"Montana","MT",2004,0,1,1,1,0,0,0,0,0,0,0,1,930009,37.9266967773438,28119,26150699,1,229,217,12,66697,2753,8627,2580,27.75,486000,462000,24000,4.90000009536743,2723,27215,293.799987792969,2936.10009765625,0.129346147179604,0.937159478664398,24.6234176228402,23.3331075290669,1.29031009377329,5.43372200355424,13.742949542502,11207,1996,8,0,0,0,0,0,0,0,0,0,0,0,1
"Montana","MT",2005,0,1,1,1,0,0,0,0,0,0,0,1,940102,38.1271629333496,29491,27724844,1,251,233,18,66585,2753,8562,2564,27.75,499000,476000,22000,4.40000009536743,2634,29407,282,3146,0.128587514162064,0.931347608566284,26.6992305090299,24.7845446557927,1.9146858532372,5.52545293913178,13.7537436589976,11126,1996,9,0,0,0,0,0,0,0,0,0,0,0,1
"Montana","MT",2006,0,1,1,1,0,0,0,0,0,0,0,1,952692,38.3468551635742,31463,29974644,1,264,250,14,70175,2974,8637,2628,27.75,497000,479000,18000,3.59999990463257,3564,26986,377.299987792969,2856.80004882812,0.123078018426895,0.883658349514008,27.7109496038594,26.2414295491093,1.46952005475012,5.57594910314632,13.7670469404727,11265,1996,10,0,0,0,0,0,0,0,0,0,0,0,1
"Montana","MT",2007,0,1,1,1,0,0,0,0,0,0,0,1,964706,38.5374946594238,33360,32182412,1,277,257,20,70220,2982,8634,2673,27.75,511000,493000,18000,3.59999990463257,3638,27837,379.799987792969,2906.19995117188,0.122956424951553,0.8963782787323,28.7134111325108,26.6402406536292,2.07317047888165,5.62401750618734,13.7795786706894,11307,1996,11,0,0,0,0,0,0,0,0,0,0,0,1
"Montana","MT",2008,0,1,1,1,0,0,0,0,0,0,0,1,976415,38.6983909606934,34699,33881017,1,229,215,14,71115,3056,8205,2607,27.75,507000,481000,26000,5.19999980926514,3013,26300,311.399993896484,2718.5,0.115376502275467,0.853075921535492,23.4531423626225,22.0193257989687,1.43381656365377,5.43372200355424,13.7916429799393,10812,1996,12,0,0,0,0,0,0,0,0,0,0,0,1
"Montana","MT",2009,0,1,1,1,0,0,0,0,0,0,1,1,983982,38.906681060791,33651,33112097,1,221,205,16,70552,3075,8334,2677,27.75,497000,462000,35000,7.09999990463257,2798,24826,287,2546.30004882812,0.118125639855862,0.870569109916687,22.4597604427723,20.8337144378657,1.62604600490659,5.39816270151775,13.7993628831842,11011,1996,13,0,0,0,0,0,0,0,0,0,0,0,1
"Montana","MT",1998,0,1,0,1,0,0,0,0,0,0,0,1,879533,36.8449440002441,21676,19344734,1,237,223,14,67405,2485,7408,2181,27.75,460839,435157,25682,5.57287883758545,1797,36564,204.199996948242,4155,0.109902828931808,0.877665996551514,26.9461179967096,25.3543641909968,1.5917538057128,5.46806014113513,13.6871463637748,9589,1996,2,0,0,0,0,0,0,0,1,0,0,0,0
"Montana","MT",2011,0,1,1,1,0,0,0,0,0,0,1,1,993810,39.3050155639648,36716,36630466,1,209,193,16,71698,3182,8719,2941,27.75,503000,466000,37000,7.30000019073486,2755,23885,276.100006103516,2394.10009765625,0.121607296168804,0.924261450767517,21.0301767943571,19.4202111067508,1.60996568760628,5.34233425196481,13.8093013204865,11660,1996,15,0,0,0,0,0,0,0,0,0,0,0,1
"Montana","MT",1999,0,1,0,1,0,0,0,0,0,0,0,1,882779,37.0978202819824,22223,19945424,1,220,210,10,67078,2585,7602,2233,27.75,474000,449000,25000,5.19999980926514,2090,29103,236.800003051758,3296.69995117188,0.113330751657486,0.863829791545868,24.9212996684334,23.7885133198683,1.13278634856516,5.39362754635236,13.6908301651343,9835,1996,3,0,0,0,0,0,0,0,0,1,0,0,0
"Montana","MT",2000,0,1,0,1,0,0,0,0,0,0,0,1,903773,37.0262680053711,23593,21322624,1,237,217,20,67077,2490,7590,2292,27.75,479000,456000,24000,4.90000009536743,2807,32198,311.100006103516,3568.89990234375,0.113153539597988,0.92048192024231,26.2233990172311,24.0104539524859,2.21294506474524,5.46806014113513,13.7143335016472,9882,1996,4,0,0,0,0,0,0,0,0,0,1,0,0
"Montana","MT",1988,0,1,0,0,0,0,0,0,0,0,0,1,800194,35.0044174194336,13381,10707613,0,198,178,20,69211,2260,6095,2043,20,NA,NA,NA,6.71999979019165,989,33318,123,4144,0.0880640372633934,0.903982281684875,24.7439995801018,22.2446056831218,2.49939389697998,5.28826703069454,13.5926094772517,8138,1996,-8,1,0,0,0,0,0,0,0,0,0,0,0
"Montana","MT",1989,0,1,0,0,0,0,0,0,0,0,0,1,799642,35.2857322692871,14765,11806431,0,181,159,22,69092,2268,6256,1994,20,NA,NA,NA,5.92999982833862,935,31285,116,3881.5,0.0905459374189377,0.879188716411591,22.6351292203261,19.8838980443749,2.75123117595124,5.19849703126583,13.5919194064921,8250,1996,-7,1,0,0,0,0,0,0,0,0,0,0,0
"Montana","MT",1993,0,1,0,0,0,0,0,0,0,0,0,1,840052,35.7807350158691,18050,15247837,0,195,181,14,67388,2380,6560,2147,24,NA,NA,NA,6.13000011444092,1489,38699,177.5,4612.5,0.0973467081785202,0.90210086107254,23.2128487284121,21.546285229962,1.6665634984501,5.27299955856375,13.6412190736654,8707,1996,-3,0,0,0,1,0,0,0,0,0,0,0,0
"Montana","MT",1994,0,1,0,0,0,0,0,0,0,0,0,1,854914,35.9621887207031,18183,15661269,0,202,189,13,66961,2385,6867,2249,27,NA,NA,NA,5.05999994277954,1516,41445,177.100006103516,4841.7001953125,0.102552235126495,0.942976951599121,23.6281076225211,22.1074868349331,1.52062078758799,5.3082676974012,13.6587561580646,9116,1996,-2,0,0,0,0,1,0,0,0,0,0,0,0
"Montana","MT",1995,0,1,0,0,0,0,0,0,0,0,0,1,868478,36.2486877441406,18842,16515871,0,215,204,11,67138,2399,7175,2224,27,NA,NA,NA,5.90999984741211,1491,40246,171.399993896484,4626,0.10686943680048,0.927052915096283,24.7559523672448,23.4893687577578,1.26658360948694,5.37063802812766,13.6744975333119,9399,1996,-1,0,0,0,0,0,0,0,0,0,0,0,0
"Montana","MT",1992,0,1,0,0,0,0,0,0,0,0,0,1,822498,35.6778221130371,17071,14097055,0,192,173,19,68009,2348,6502,2023,21.3999996185303,NA,NA,NA,6.86999988555908,1400,36472,169.899993896484,4426.2001953125,0.0956049934029579,0.861584305763245,23.3435218079558,21.0334857957101,2.31003601224562,5.25749537202778,13.6201013300078,8525,1996,-4,0,0,1,0,0,0,0,0,0,0,0,0
"Montana","MT",2002,0,1,0,1,0,0,0,0,0,0,0,1,911667,37.5166397094727,25290,23055747,1,269,254,15,66899,2603,8094,2301,27.75,464000,442000,21000,4.59999990463257,3197,28751,351.200012207031,3158.19995117188,0.120988354086876,0.88398003578186,29.5063877490356,27.861050142212,1.64533760682354,5.59471137960184,13.7230300708008,10395,1996,6,0,0,0,0,0,0,0,0,0,0,0,1
"Montana","MT",2012,0,1,1,1,0,0,0,0,0,0,1,1,1001685,39.4794692993164,38555,38752840,1,205,196,9,71722,3183,8904,2982,27.75,506000,475000,31000,6.09999990463257,2736,25970,272.200012207031,2583.69995117188,0.1241460070014,0.936852037906647,20.4655156062035,19.5670295551995,0.898486051004058,5.32300997913841,13.8171941399445,11886,1996,16,0,0,0,0,0,0,0,0,0,0,0,1
"Montana","MT",2010,0,1,1,1,0,0,0,0,0,0,1,1,990898,39.087532043457,34589,34268808,1,189,180,9,71619,3174,8401,2789,27.75,490000,452000,38000,7.69999980926514,2733,25409,275.799987792969,2564.10009765625,0.117301277816296,0.87870192527771,19.0736079798324,18.1653409331737,0.908267046658687,5.24174701505964,13.8063668816778,11190,1996,14,0,0,0,0,0,0,0,0,0,0,0,1
"Montana","MT",1997,0,1,0,1,0,0,0,0,0,0,0,1,878730,36.8297691345215,20253,18022253,1,265,255,10,67216,2455,7294,2098,27,NA,NA,NA,5.36999988555908,1161,37592,132.100006103516,4276.7001953125,0.108515828847885,0.854582488536835,30.1571586266544,29.0191526407429,1.13800598591149,5.57972982598622,13.6862329622463,9392,1996,1,0,0,0,0,0,0,1,0,0,0,0,0
"Montana","MT",1996,0,1,0,1,0,0,0,0,0,0,0,1,876734,36.5378036499023,19507,17288218,1,200,185,15,67389,2420,7106,2340,27,NA,NA,NA,5.26999998092651,1415,38084,161,4332.7001953125,0.105447478592396,0.966942131519318,22.8119361174541,21.101040908645,1.71089520880906,5.29831736654804,13.6839589186201,9446,1996,0,0,0,0,0,0,1,0,0,0,0,0,0
"Montana","MT",2001,0,1,0,1,0,0,0,0,0,0,0,1,906961,37.2791595458984,24752,22449222,1,230,220,10,66902,2602,7737,2274,27.75,465000,444000,21000,4.59999990463257,3187,30175,352,3332.80004882812,0.11564676463604,0.873943150043488,25.3594145724017,24.2568313301233,1.10258324227833,5.4380793089232,13.7178547292753,10011,1996,5,0,0,0,0,0,0,0,0,0,0,1,0
"Nebraska","NE",1989,0,0,0,1,0,0,0,0,0,0,0,1,1574881,35.6209182739258,17304,27251906,0,296,266,30,87509,4950,8713,5068,22.2999992370605,NA,NA,NA,3.07999992370605,4503,61413,279.5,3812.10009765625,0.0995668992400169,1.02383840084076,18.7950708656718,16.8901650346915,1.90490583098025,5.69035945432406,14.2696902718319,13781,1995,-6,1,0,0,0,0,0,0,0,0,0,0,0
"Nebraska","NE",1990,0,0,0,1,0,0,0,0,0,0,0,1,1580622,35.6822738647461,18459,29196537,0,262,233,29,87451,4952,8779,5179,21.7000007629395,NA,NA,NA,2.23000001907349,5209,61290,330,3883.10009765625,0.100387647747993,1.04584002494812,16.5757530896065,14.7410323277798,1.83472076182667,5.5683445037611,14.2733289984212,13958,1995,-5,0,1,0,0,0,0,0,0,0,0,0,0
"Nebraska","NE",1988,0,0,0,1,0,0,0,0,0,0,0,1,1571464,35.5483627319336,16362,25712355,0,261,234,27,87552,4943,8483,4924,18.2999992370605,NA,NA,NA,3.52999997138977,4374,61908,273.200012207031,3866.80004882812,0.0968909934163094,0.99615615606308,16.6087164580289,14.8905733761639,1.71814308186506,5.56452040732269,14.2675182269077,13407,1995,-7,1,0,0,0,0,0,0,0,0,0,0,0
"Nebraska","NE",1987,0,0,0,1,0,0,0,0,0,0,0,1,1566558,35.4146499633789,15366,24070862,0,297,279,18,87445,4956,8279,4812,17.8999996185303,NA,NA,NA,4.90999984741211,4004,61853,251.199996948242,3880.39990234375,0.0946766510605812,0.970944285392761,18.9587618205007,17.8097459525916,1.14901586790914,5.6937321388027,14.2643914139044,13091,1995,-8,1,0,0,0,0,0,0,0,0,0,0,0
"Nebraska","NE",1997,0,1,0,1,1,0,0,0,0,0,0,1,1657009,36.2244834899902,24848,41903395,1,302,278,24,87679,5132,10636,6441,25.2999992370605,NA,NA,NA,2.59999990463257,7265,63717,438.399993896484,3845.30004882812,0.121306128799915,1.25506627559662,18.2256101204037,16.7772172631531,1.44839285725062,5.71042701737487,14.3205247278967,17077,1995,2,0,0,0,0,0,0,0,1,0,0,0,0
"Nebraska","NE",2001,0,1,0,1,1,0,0,0,0,0,0,1,1719836,36.214786529541,30173,51893168,1,246,227,19,87567,5199,11162,6940,24.5,928000,899000,29000,3.09999990463257,5214,68963,303.100006103516,4009.39990234375,0.127468109130859,1.33487212657928,14.3036894215495,13.1989329215111,1.10475650003838,5.50533153593236,14.3577394954064,18102,1995,6,0,0,0,0,0,0,0,0,0,0,0,1
"Nebraska","NE",1995,0,1,0,1,1,0,0,0,0,0,0,1,1635414,36.0869827270508,22567,37392951,1,254,233,21,87650,5105,9676,6131,25.3999996185303,NA,NA,NA,2.64000010490417,6253,68140,382,4162.5,0.110393613576889,1.20097947120667,15.5312355159,14.2471569889948,1.28407852690511,5.53733426701854,14.3074065412702,15807,1995,0,0,0,0,0,0,1,0,0,0,0,0,0
"Nebraska","NE",1992,0,0,0,1,0,0,0,0,0,0,0,1,1602444,35.8256530761719,20004,32240015,0,269,248,21,87656,5030,8960,5661,24.6000003814697,NA,NA,NA,3.02999997138977,5598,63846,348.600006103516,3975.5,0.102217763662338,1.12544727325439,16.7868580742915,15.4763598603134,1.31049821397815,5.59471137960184,14.2870405217685,14621,1995,-3,0,0,0,1,0,0,0,0,0,0,0,0
"Nebraska","NE",2000,0,1,0,1,1,0,0,0,0,0,0,1,1713820,36.0877876281738,28967,49644698,1,276,253,23,87606,5186,11227,6854,23.8999996185303,924000,897000,28000,3,5606,64479,327.600006103516,3767.89990234375,0.128153324127197,1.32163512706757,16.1043750218809,14.7623437700575,1.34203125182341,5.62040086571715,14.3542353551222,18081,1995,5,0,0,0,0,0,0,0,0,0,0,1,0
"Nebraska","NE",1994,0,1,0,1,1,0,0,0,0,0,0,1,1621808,35.9754638671875,21587,35382737,0,271,252,19,87647,5083,9454,6012,25.3999996185303,NA,NA,NA,2.88000011444092,6322,65746,389.5,4050.89990234375,0.107864499092102,1.18276607990265,16.7097461598414,15.5382141412547,1.17153201858666,5.6021188208797,14.2990521342712,15466,1995,-1,0,0,0,0,0,0,0,0,0,0,0,0
"Nebraska","NE",1991,0,0,0,1,0,0,0,0,0,0,0,1,1590734,35.6953544616699,18994,30313399,0,275,253,22,87707,4961,8932,5163,23.7000007629395,NA,NA,NA,2.77999997138977,5330,64031,334.600006103516,4019.5,0.101839080452919,1.04071760177612,17.2876169114384,15.9046075585233,1.38300935291507,5.61677109766657,14.2797061028958,14095,1995,-4,0,0,1,0,0,0,0,0,0,0,0,0
"Nebraska","NE",2011,0,1,1,1,1,1,0,1,1,0,1,1,1835036,37.2278671264648,43654,80419976,1,181,172,9,87170,6430,11076,8017,26.2999992370605,1009000,963000,46000,4.5,4672,50894,253.600006103516,2762.60009765625,0.127062067389488,1.24681186676025,9.86356670931796,9.37311311603696,0.490453593281004,5.19849703126583,14.422574657807,19093,1995,16,0,0,0,0,0,0,0,0,0,0,0,1
"Nebraska","NE",1993,0,1,0,1,1,0,0,0,0,0,0,1,1612336,35.9014320373535,20482,33295609,0,254,223,31,87648,5054,9058,5719,24.3999996185303,NA,NA,NA,2.66000008583069,6071,62725,377.799987792969,3903.19995117188,0.103345200419426,1.13157892227173,15.7535402050193,13.830864038265,1.92267616675432,5.53733426701854,14.2931946170534,14777,1995,-2,0,0,0,0,1,0,0,0,0,0,0,0
"Nebraska","NE",1983,0,0,0,1,0,0,0,0,0,0,0,0,1584301,34.8577575683594,12062,19109809,0,255,228,27,87425,4536,7459,4075,15.5,NA,NA,NA,5.67999982833862,3477,57012,217.699996948242,3569.89990234375,0.0853188410401344,0.89836859703064,16.0954263110356,14.3912047016318,1.70422160940377,5.54126354515843,14.2756538585565,11534,1995,-12,1,0,0,0,0,0,0,0,0,0,0,0
"Nebraska","NE",1984,0,0,0,1,0,0,0,0,0,0,0,0,1588629,34.9607315063477,13358,21221110,0,285,249,36,87092,4872,7684,4284,14.6999998092651,NA,NA,NA,4.3899998664856,3627,52526,225.800003051758,3270.60009765625,0.0882285386323929,0.879310369491577,17.9399973184425,15.6738923940077,2.26610492443484,5.65248918026865,14.2783819380819,11968,1995,-11,1,0,0,0,0,0,0,0,0,0,0,0
"Nebraska","NE",1985,0,0,0,1,0,0,0,0,0,0,0,1,1584662,35.074836730957,14112,22363411,0,237,219,18,87235,4884,7737,4317,17.3999996185303,NA,NA,NA,5.44999980926514,3821,55514,237.899993896484,3456.69995117188,0.0886914655566216,0.883906662464142,14.9558707156479,13.8199818005354,1.1358889151125,5.46806014113513,14.2758816933413,12054,1995,-10,1,0,0,0,0,0,0,0,0,0,0,0
"Nebraska","NE",1986,0,0,0,1,0,0,0,0,0,0,0,1,1574336,35.2340087890625,14627,23027282,0,290,263,27,87261,4938,7958,4672,17.1000003814697,NA,NA,NA,5.03999996185303,4196,57418,262.600006103516,3593.10009765625,0.091197669506073,0.946132063865662,18.4204642465141,16.7054555063214,1.71500874019269,5.66988092298052,14.2693441540474,12630,1995,-9,1,0,0,0,0,0,0,0,0,0,0,0
"Nebraska","NE",2003,0,1,1,1,1,0,0,0,0,0,0,1,1738643,36.3903656005859,32528,56554544,1,293,279,14,87430,5766,11501,7515,24.6000003814697,976000,937000,39000,4,5105,65189,293.799987792969,3751.89990234375,0.131545230746269,1.30332982540131,16.8522232568733,16.0469975722446,0.805225684628759,5.68017260901707,14.3686154818647,19016,1995,8,0,0,0,0,0,0,0,0,0,0,0,1
"Nebraska","NE",2004,0,1,1,1,1,0,0,0,0,0,0,1,1749370,36.4792251586914,33678,58915393,1,254,244,10,87325,5921,11486,7685,24.7999992370605,990000,953000,37000,3.79999995231628,5393,61512,308.600006103516,3519.60009765625,0.13153164088726,1.29792261123657,14.5195127388717,13.9478783790736,0.571634359798099,5.53733426701854,14.3747662810841,19171,1995,9,0,0,0,0,0,0,0,0,0,0,0,1
"Nebraska","NE",2005,0,1,1,1,1,0,0,0,0,0,0,1,1761497,36.6036834716797,34680,61089348,1,276,264,12,87250,6060,11457,7834,25.2999992370605,987000,948000,40000,4,5052,60348,287,3432,0.131312325596809,1.29273927211761,15.6684910618639,14.9872523200437,0.681238741820168,5.62040086571715,14.381674573668,19291,1995,10,0,0,0,0,0,0,0,0,0,0,0,1
"Nebraska","NE",2002,0,1,1,1,1,0,0,0,0,0,0,1,1728292,36.3118286132812,30642,52958053,1,307,293,14,87578,5593,11579,7140,24.5,959000,925000,34000,3.59999990463257,5428,68178,314.200012207031,3946.5,0.132213562726974,1.27659571170807,17.7632020515052,16.9531537494821,0.810048302023038,5.7268477475872,14.3626441955519,18719,1995,7,0,0,0,0,0,0,0,0,0,0,0,1
"Nebraska","NE",1996,0,1,0,1,1,0,0,0,0,0,0,1,1648041,36.1739807128906,24330,40722773,1,293,271,22,87684,5121,9888,6350,25.8999996185303,NA,NA,NA,2.95000004768372,7182,66110,434.700012207031,4001.80004882812,0.112768575549126,1.23999214172363,17.7786839041019,16.4437656587427,1.33491824535919,5.68017260901707,14.3150978677829,16238,1995,1,0,0,0,0,0,0,1,0,0,0,0,0
"Nebraska","NE",2008,0,1,1,1,1,0,0,1,0,0,0,1,1796378,36.9257583618164,40519,72787080,1,208,202,6,87297,6318,10900,8270,26,999000,967000,33000,3.29999995231628,5570,51350,312.299987792969,2879.30004882812,0.124861106276512,1.30895853042603,11.5788547844607,11.2448493579859,0.334005426474829,5.33753807970132,14.4012829734051,19170,1995,13,0,0,0,0,0,0,0,0,0,0,0,1
"Nebraska","NE",2012,0,1,1,1,1,1,0,1,1,0,1,1,1848818,37.3280639648438,45012,83520654,1,212,197,15,87279,6518,11181,8095,26.2000007629395,1024000,983000,41000,4,4814,51118,259.399993896484,2754.89990234375,0.128106415271759,1.24194538593292,11.46678580585,10.6554566214738,0.81132918437618,5.35658627467201,14.4300570739399,19276,1995,17,0,0,0,0,0,0,0,0,0,0,0,1
"Nebraska","NE",2009,0,1,1,1,1,0,0,1,1,0,1,1,1812683,37.0217704772949,39428,71469599,1,223,211,12,87218,6414,10998,8361,26.3999996185303,982000,937000,45000,4.59999990463257,5199,49731,289.399993896484,2768,0.126097828149796,1.30355477333069,12.3022061772522,11.640204051122,0.662002126130162,5.40717177146012,14.4103186261315,19359,1995,14,0,0,0,0,0,0,0,0,0,0,0,1
"Nebraska","NE",1999,0,1,0,1,1,0,0,0,0,0,0,1,1666028,36.1105537414551,27515,46905954,1,295,277,18,87622,5175,11225,6786,24.1000003814697,911000,885000,26000,2.90000009536743,7167,61277,430.200012207031,3678,0.128107100725174,1.31130433082581,17.706785240104,16.6263712254536,1.08041401465041,5.68697535633982,14.3259529082904,18011,1995,4,0,0,0,0,0,0,0,0,0,1,0,0
"Nebraska","NE",2010,0,1,1,1,1,1,0,1,1,0,1,1,1830429,37.1134986877441,39935,73069102,1,190,179,11,87225,6428,11110,8328,27.1000003814697,976000,929000,47000,4.80000019073486,5093,48827,278.299987792969,2667.89990234375,0.127371743321419,1.29558181762695,10.3800802981159,9.77912828085656,0.600952017259342,5.24702407216049,14.4200609235736,19438,1995,15,0,0,0,0,0,0,0,0,0,0,0,1
"Nebraska","NE",2007,0,1,1,1,1,0,0,1,0,0,0,1,1783440,36.8495445251465,38443,68560802,1,256,247,9,87177,6222,11265,8174,27,984000,954000,30000,3.09999990463257,5524,55765,311.299987792969,3142.39990234375,0.129219859838486,1.31372547149658,14.3542816130624,13.8496389001032,0.504642712959225,5.54517744447956,14.3940546414995,19439,1995,12,0,0,0,0,0,0,0,0,0,0,0,1
"Nebraska","NE",1998,0,1,0,1,1,0,0,0,0,0,0,1,1660772,36.018123626709,26424,44810542,1,315,286,29,87612,5132,10929,6629,23.5,938112,914647,23465,2.501300573349,7507,65752,451.399993896484,3953.80004882812,0.124743185937405,1.29169917106628,18.9670827783705,17.2209069035364,1.74617587483411,5.75257263882563,14.3227931124667,17558,1995,3,0,0,0,0,0,0,0,0,1,0,0,0
"Nebraska","NE",2006,0,1,1,1,1,0,0,0,0,0,0,1,1772693,36.7312927246094,35989,63797275,1,269,258,11,87187,6192,11149,8266,27.1000003814697,974000,943000,31000,3.09999990463257,5197,59411,293.899993896484,3359.69995117188,0.127874568104744,1.33494830131531,15.1746523509711,14.5541275336451,0.620524817325956,5.59471137960184,14.3880104172154,19415,1995,11,0,0,0,0,0,0,0,0,0,0,0,1
"Nevada","NV",2001,0,1,0,1,1,0,0,0,0,0,0,1,2098399,35.4865798950195,31771,66667580,1,314,264,50,32990,5666,5992,12317,24,1023000,969000,55000,5.30000019073486,12359,77486,589.200012207031,3693.80004882812,0.181630790233612,2.1738440990448,14.9637890601358,12.5810201015155,2.38276895862036,5.74939298590825,14.5566852309811,18309,1995,6,0,0,0,0,0,0,0,0,0,0,0,1
"Nevada","NV",2002,0,1,0,1,1,0,0,0,0,0,0,1,2173791,35.6654777526855,31878,69295581,1,381,319,62,29187,5666,5141,12825,24,1122000,1060000,62000,5.5,13856,83896,639.299987792969,3870.69995117188,0.176140055060387,2.26350164413452,17.5269839648798,14.6748238446106,2.85216012026915,5.9427993751267,14.5919832058874,17966,1995,7,0,0,0,0,0,0,0,0,0,0,0,1
"Nevada","NV",1987,0,1,0,1,1,0,0,0,0,0,0,1,1023418,34.5504379272461,17004,17401864,0,262,212,50,41509,3245,3673,4723,16,NA,NA,NA,6.28999996185303,7006,57154,695.700012207031,5675.7001953125,0.088486835360527,1.45546996593475,25.6004877772328,20.7148985067685,4.88558927046427,5.5683445037611,13.8386585636292,8396,1995,-8,1,0,0,0,0,0,0,0,0,0,0,0
"Nevada","NV",2000,0,1,0,1,1,0,0,0,0,0,0,1,2018741,35.3167419433594,31208,63000846,1,323,272,51,32322,5533,5862,11777,24,986000,946000,40000,4.09999990463257,10474,74823,524.200012207031,3744.39990234375,0.1813625395298,2.12850165367126,16.0000713315874,13.4737442792315,2.5263270523559,5.77765232322266,14.5179846077388,17639,1995,5,0,0,0,0,0,0,0,0,0,0,1,0
"Nevada","NV",1999,0,1,0,1,1,0,0,0,0,0,0,1,1809253,35.161376953125,29706,57473376,1,350,271,79,30082,5788,6148,11243,24,942000,9e+05,42000,4.40000009536743,10311,73874,569.900024414062,4083.10009765625,0.204374715685844,1.942467212677,19.3450003951907,14.9785574488477,4.36644294634305,5.85793315448346,14.4084246108726,17391,1995,4,0,0,0,0,0,0,0,0,0,1,0,0
"Nevada","NV",1986,0,0,0,1,1,0,0,0,0,0,0,1,980653,34.3875007629395,16225,15910838,0,233,202,31,41197,3241,3563,4423,13,NA,NA,NA,6.01999998092651,6923,53647,718.900024414062,5570.7998046875,0.0864868834614754,1.36470222473145,23.7596784999383,20.5985195578864,3.16115894205188,5.4510384535657,13.7959739552804,7986,1995,-9,1,0,0,0,0,0,0,0,0,0,0,0
"Nevada","NV",2006,0,1,1,1,1,0,0,0,0,0,0,1,2522658,35.9349212646484,39864,100563797,1,431,368,63,26558,7142,5324,16500,24,1295000,1242000,54000,4.09999990463257,18687,102338,748.799987792969,4100.89990234375,0.200466901063919,2.31027722358704,17.0851538337737,14.5877879601595,2.49736587361426,6.06610809010375,14.7408236655219,21824,1995,11,0,0,0,0,0,0,0,0,0,0,0,1
"Nevada","NV",2003,0,1,0,1,1,0,0,0,0,0,0,1,2248850,35.8429641723633,33323,74937491,1,368,291,77,28250,5726,5978,13323,24,1141000,1082000,59000,5.19999980926514,13813,96128,616,4287.2001953125,0.211610615253448,2.32675504684448,16.3639193365498,12.9399470840652,3.4239722524846,5.90808293816893,14.6259295324077,19301,1995,8,0,0,0,0,0,0,0,0,0,0,0,1
"Nevada","NV",2004,0,1,1,1,1,0,0,0,0,0,0,1,2346222,35.9372215270996,35695,83747610,1,395,319,76,28250,5726,5994,13360,24,1175000,1125000,50000,4.19999980926514,14379,98215,616.400024414062,4210,0.212176993489265,2.33321690559387,16.8355765140724,13.5963263493395,3.23925016473292,5.97888576490112,14.6683169328745,19354,1995,9,0,0,0,0,0,0,0,0,0,0,0,1
"Nevada","NV",2005,0,1,1,1,1,0,0,0,0,0,0,1,2432143,35.9505920410156,38603,93889217,1,427,353,74,27696,6928,5635,15141,24,1220000,1167000,53000,4.30000019073486,14654,102424,608,4246,0.203458979725838,2.18547916412354,17.5565334768556,14.5139492209134,3.04258425594219,6.05678401322862,14.7042833196817,20776,1995,10,0,0,0,0,0,0,0,0,0,0,0,1
"Nevada","NV",2008,0,1,1,1,1,0,0,0,0,0,0,1,2653630,36.1056251525879,39936,105975074,1,324,258,66,26741,7166,4868,15912,24,1372000,1288000,84000,6.09999990463257,18973,90006,729.700012207031,3461.5,0.182042554020882,2.22048568725586,12.2096901225868,9.72253102354134,2.48715909904546,5.78074351579233,14.7914390719475,20780,1995,13,0,0,0,0,0,0,0,0,0,0,0,1
"Nevada","NV",1983,0,0,0,0,1,0,0,0,0,0,0,1,901974,33.6105117797852,13709,12365238,0,253,205,48,40803,3003,3151,3721,12,NA,NA,NA,9.86999988555908,5838,53871,655.200012207031,6046.10009765625,0.0772247165441513,1.23909425735474,28.0495890125436,22.7279278560136,5.32166115653001,5.53338948872752,13.7123409737956,6872,1995,-12,1,0,0,0,0,0,0,0,0,0,0,0
"Nevada","NV",1984,0,0,0,1,1,0,0,0,0,0,0,1,924905,33.9355850219727,14587,13491854,0,249,210,39,40811,3014,3303,4029,12,NA,NA,NA,7.78000020980835,5726,54045,628.5,5932.5,0.0809340626001358,1.33676183223724,26.9216838486115,22.7050345711181,4.21664927749336,5.51745289646471,13.7374463085176,7332,1995,-11,1,0,0,0,0,0,0,0,0,0,0,0
"Nevada","NV",2007,0,1,1,1,1,0,0,0,0,0,0,1,2601072,35.977165222168,40859,106276176,1,373,308,65,26793,7078,5527,16619,24,1336000,1274000,62000,4.59999990463257,19365,97118,754.900024414062,3785.69995117188,0.20628522336483,2.34797954559326,14.3402412543751,11.841271598787,2.49896965558816,5.92157841964382,14.7714342257086,22146,1995,12,0,0,0,0,0,0,0,0,0,0,0,1
"Nevada","NV",2010,0,1,1,1,1,0,0,0,0,0,0,1,2704642,36.5820007324219,36692,99206199,1,257,210,47,27028,8033,4994,17208,24,1322000,1131000,191000,14.3999996185303,17929,75004,663,2773.5,0.184771344065666,2.14216351509094,9.50218180446802,7.76442871182212,1.7377530926459,5.54907608489522,14.8104801139994,22202,1995,15,0,0,0,0,0,0,0,0,0,0,0,1
"Nevada","NV",2011,0,1,1,1,1,1,1,0,0,0,0,1,2706097,36.9695739746094,37396,101716888,1,246,186,60,28622,8217,4884,19306,24,1376000,1197000,180000,13.1000003814697,15452,70075,568.099975585938,2576.30004882812,0.170637965202332,2.3495192527771,9.0905832274305,6.87336780610599,2.21721542132451,5.50533153593236,14.811017933338,24190,1995,16,0,0,0,0,0,0,0,0,0,0,0,1
"Nevada","NV",1988,0,1,0,1,1,0,0,0,0,0,0,1,1075027,34.6484909057617,18405,19785681,0,286,234,52,41780,3053,3888,5101,18,NA,NA,NA,5.15000009536743,8275,60128,780.700012207031,5672.5,0.0930588766932487,1.67081558704376,26.6039829697301,21.7668951570519,4.83708781267819,5.65599181081985,13.8878563355076,8989,1995,-7,1,0,0,0,0,0,0,0,0,0,0,0
"Nevada","NV",1985,0,0,0,1,1,0,0,0,0,0,0,1,951024,34.1625022888184,15465,14707649,0,259,212,47,40812,3018,3370,4196,13,NA,NA,NA,7.92999982833862,6244,55294,667.099975585938,5907.5,0.0825737491250038,1.39032471179962,27.2338027221185,22.2917613015024,4.94204142061609,5.55682806169954,13.7652945778022,7566,1995,-10,1,0,0,0,0,0,0,0,0,0,0,0
"Nevada","NV",1990,0,1,0,1,1,0,0,0,0,0,0,1,1218679,34.8213310241699,20475,24993631,0,343,277,66,42440,3084,4372,5843,18,NA,NA,NA,4.92999982833862,7222,65652,600.900024414062,5462.7001953125,0.103016026318073,1.89461743831635,28.1452293836195,22.7295292689872,5.41570011463232,5.83773044716594,14.013278043187,10215,1995,-5,0,1,0,0,0,0,0,0,0,0,0,0
"Nevada","NV",1991,0,1,0,1,1,0,0,0,0,0,0,1,1285070,35.121265411377,21198,27475605,0,298,255,43,42422,3156,4372,6138,21.5,NA,NA,NA,5.57000017166138,8693,72183,677,5621.7001953125,0.103059731423855,1.94486689567566,23.1893982428973,19.8432770199289,3.3461212229684,5.6970934865054,14.0663237495359,10510,1995,-4,0,0,1,0,0,0,0,0,0,0,0,0
"Nevada","NV",1992,0,1,0,1,1,0,0,0,0,0,0,1,1332533,35.3917655944824,22563,30491407,0,254,216,38,41144,4513,4479,6418,24,NA,NA,NA,6.67000007629395,9247,73077,696.799987792969,5506.89990234375,0.108861558139324,1.42211389541626,19.0614416303386,16.2097298903667,2.85171173997192,5.53733426701854,14.1025922001939,10897,1995,-3,0,0,0,1,0,0,0,0,0,0,0,0
"Nevada","NV",1989,0,1,0,1,1,0,0,0,0,0,0,1,1137369,34.8247871398926,19588,22278992,0,308,268,40,41780,3076,4198,5210,18,NA,NA,NA,4.98000001907349,6947,62732,625.299987792969,5646.39990234375,0.100478701293468,1.69375813007355,27.080041745467,23.5631532070946,3.51688853837233,5.73009978297357,13.9442282583401,9408,1995,-6,1,0,0,0,0,0,0,0,0,0,0,0
"Nevada","NV",1994,0,1,0,1,1,0,0,0,0,0,0,1,1457997,35.5473709106445,24348,36504353,0,294,229,65,41562,4590,5120,7899,24,NA,NA,NA,6.15000009536743,14597,82693,1001.90002441406,5675.60009765625,0.123189449310303,1.72091507911682,20.1646505445484,15.7064795057877,4.45817103876071,5.68357976733868,14.1925741339355,13019,1995,-1,0,0,0,0,0,0,0,0,0,0,0,0
"Nevada","NV",1995,0,1,0,1,1,0,0,0,0,0,0,1,1528363,35.6546440124512,25330,40060880,1,313,249,64,40483,4453,5431,8543,24,NA,NA,NA,5.40000009536743,14461,86203,945.200012207031,5634.2001953125,0.134155079722404,1.91848194599152,20.4794279892931,16.291941116083,4.18748687321009,5.74620319054015,14.2397077859394,13974,1995,0,0,0,0,0,0,1,0,0,0,0,0,0
"Nevada","NV",1996,0,1,0,1,1,0,0,0,0,0,0,1,1600345,35.7111892700195,26591,44309130,1,348,274,74,39741,5298,5310,8848,24,NA,NA,NA,5.42999982833862,13005,83047,811.299987792969,5180.7001953125,0.133615151047707,1.67006421089172,21.7453111672796,17.1213082179155,4.62400294936404,5.85220247977447,14.2857297889663,14158,1995,1,0,0,0,0,0,0,1,0,0,0,0,0
"Nevada","NV",1997,0,1,0,1,1,0,0,0,0,0,0,1,1678691,35.7254180908203,27479,48476633,1,347,279,68,39913,5306,5621,10688,24.75,NA,NA,NA,4.09999990463257,13395,88307,798.700012207031,5265.7998046875,0.140831306576729,2.01432347297668,20.6708679560443,16.6200926793555,4.0507752766888,5.84932477994686,14.3335248810047,16309,1995,2,0,0,0,0,0,0,0,1,0,0,0,0
"Nevada","NV",1998,0,1,0,1,1,0,0,0,0,0,0,1,1743772,35.1216735839844,28564,52934664,1,361,310,51,29719,5692,5945,11350,24,982070,938664,43406,4.41984796524048,11244,81006,643.599975585938,4636.89990234375,0.200040385127068,1.99402666091919,20.7022477709242,17.7775534874972,2.92469428342696,5.88887795833288,14.3715611409597,17295,1995,3,0,0,0,0,0,0,0,0,1,0,0,0
"Nevada","NV",2012,0,1,1,1,1,1,1,0,0,0,0,1,2742364,37.2664527893066,38221,105449888,1,258,197,61,30314,8253,4838,19310,24,1378000,1227000,151000,11,16763,77510,607.599975585938,2809.39990234375,0.159596219658852,2.33975529670715,9.4079414694767,7.18358321506554,2.22435825441116,5.55295958492162,14.8243308801116,24148,1995,17,0,0,0,0,0,0,0,0,0,0,0,1
"Nevada","NV",1993,0,1,0,1,1,0,0,0,0,0,0,1,1382223,35.4687385559082,23349,32949979,0,263,209,54,41181,4597,4654,6970,24,NA,NA,NA,7.26999998092651,12157,73685,875.200012207031,5304.89990234375,0.113013282418251,1.51620626449585,19.027320483019,15.1205702697756,3.90675021324345,5.57215403217776,14.1392036306399,11624,1995,-2,0,0,0,0,1,0,0,0,0,0,0,0
"Nevada","NV",2009,0,1,1,1,1,0,0,0,0,0,0,1,2684665,36.3345680236816,36839,98901267,1,243,201,42,27561,7283,5092,15362,24,1352000,1199000,153000,11.3000001907349,18639,80976,705.200012207031,3063.69995117188,0.184753820300102,2.10929560661316,9.05140864875133,7.48696764773258,1.56444100101875,5.49306144334055,14.8030665109157,20454,1995,14,0,0,0,0,0,0,0,0,0,0,0,1
"New Hampshire","NH",1983,0,0,0,0,0,0,0,0,0,0,0,0,958125,34.5031433105469,13268,12712732,0,191,160,31,12141,2404,4358,2823,14,NA,NA,NA,5.42000007629395,1200,30987,125.099998474121,3231.19995117188,0.35894900560379,1.17429280281067,19.9347684279191,16.6992824527071,3.235485975212,5.25227342804663,13.7727335286082,7181,NA,NA,0,0,0,0,0,0,0,0,0,0,0,0
"New Hampshire","NH",1984,0,0,0,1,0,0,0,0,0,0,0,0,976864,34.6343460083008,14722,14381628,0,192,168,24,12109,2408,4420,2874,14,NA,NA,NA,4.23000001907349,1308,29347,133.899993896484,3003.80004882812,0.365017741918564,1.19352161884308,19.6547318766993,17.1978903921119,2.45684148458741,5.25749537202778,13.7921027196978,7294,NA,NA,0,0,0,0,0,0,0,0,0,0,0,0
"New Hampshire","NH",1985,0,0,0,1,0,0,0,0,0,0,0,1,996757,34.7415580749512,15943,15891004,0,191,165,26,12120,2407,4591,2947,14,NA,NA,NA,3.90000009536743,1405,31049,140.800003051758,3111.10009765625,0.378795385360718,1.22434568405151,19.1621428291951,16.5536835959015,2.60845923329357,5.25227342804663,13.8122622880431,7538,NA,NA,0,0,0,0,0,0,0,0,0,0,0,0
"New Hampshire","NH",1986,0,0,0,1,0,0,0,0,0,0,0,1,1025055,34.7473373413086,17158,17587423,0,172,145,27,12136,2355,4859,3054,14,NA,NA,NA,2.85999989509583,1433,32767,139.5,3190.60009765625,0.400379031896591,1.29681527614594,16.7795874367717,14.1455824321622,2.63400500460951,5.14749447681345,13.8402568276517,7913,NA,NA,0,0,0,0,0,0,0,0,0,0,0,0
"New Hampshire","NH",1987,0,0,0,1,0,0,0,0,0,0,0,1,1054283,34.7973136901855,18461,19462932,0,179,161,18,12220,2391,5622,3545,14,NA,NA,NA,2.55999994277954,1581,34058,149.600006103516,3222.10009765625,0.460065454244614,1.4826432466507,16.9783634944318,15.271042025718,1.70732146871381,5.18738580584075,13.8683714729923,9167,NA,NA,0,0,0,0,0,0,0,0,0,0,0,0
"New Hampshire","NH",1988,0,0,0,1,0,0,0,0,0,0,0,1,1082576,34.7461547851562,19786,21419960,0,166,152,14,12309,2402,5860,3647,14,NA,NA,NA,2.50999999046326,1622,34951,147.899993896484,3186.10009765625,0.476074427366257,1.51831805706024,15.3337964263017,14.0405846795052,1.29321174679653,5.11198778835654,13.8948539442465,9507,NA,NA,0,0,0,0,0,0,0,0,0,0,0,0
"New Hampshire","NH",1989,0,0,0,1,0,0,0,0,0,0,0,1,1104523,34.7348289489746,20754,22923280,0,187,174,13,12387,2416,6101,3718,14,NA,NA,NA,3.44000005722046,1865,37945,168.5,3427.69995117188,0.49253249168396,1.538907289505,16.9303853337595,15.7534066741933,1.17697865956617,5.23110861685459,13.9149241255277,9819,NA,NA,0,0,0,0,0,0,0,0,0,0,0,0
"New Hampshire","NH",1990,0,0,0,1,0,0,0,0,0,0,0,1,1111864,34.9672431945801,20696,23022401,0,158,141,17,12403,2433,6148,3696,16.6000003814697,NA,NA,NA,5.67999982833862,1459,38976,131.5,3513.69995117188,0.495686531066895,1.51911222934723,14.2103710525748,12.6814070785636,1.52896397401121,5.06259503302697,13.9215484441549,9844,NA,NA,0,0,0,0,0,0,0,0,0,0,0,0
"New Hampshire","NH",1991,0,0,0,1,0,0,0,0,0,0,0,1,1106944,35.0724792480469,21425,23780781,0,144,130,14,12435,2433,6263,3672,18.6000003814697,NA,NA,NA,7.23999977111816,1318,36780,119.300003051758,3328.5,0.503659009933472,1.50924789905548,13.0087881591119,11.7440448658649,1.26474329324699,4.969813299576,13.9171136232387,9935,NA,NA,0,0,0,0,0,0,0,0,0,0,0,0
"New Hampshire","NH",1992,0,0,0,1,0,0,0,0,0,0,0,1,1113514,35.2467498779297,22312,24939920,0,122,110,12,12473,2440,6355,3712,18.6000003814697,NA,NA,NA,7.51000022888184,1397,32828,125.699996948242,2954.80004882812,0.509500503540039,1.52131152153015,10.9563058928761,9.8786364607899,1.07766943208617,4.80402104473326,13.9230313385686,10067,NA,NA,0,0,0,0,0,0,0,0,0,0,0,0
"New Hampshire","NH",1993,0,0,0,1,0,0,0,0,0,0,0,1,1122141,35.4104270935059,22824,25778219,0,121,102,19,12069,2869,6016,4326,18.7000007629395,NA,NA,NA,6.57999992370605,1550,31131,137.800003051758,2767.19995117188,0.498467147350311,1.50784242153168,10.7829586477992,9.08976679401252,1.69319185378665,4.79579054559674,13.9307490256184,10342,NA,NA,0,0,0,0,0,0,0,0,0,0,0,0
"New Hampshire","NH",1994,0,0,1,1,1,0,0,0,0,0,0,1,1133380,35.5683631896973,24124,27562984,0,119,107,12,12123,2899,6107,4394,18.7000007629395,NA,NA,NA,4.6100001335144,1328,29837,116.800003051758,2624.19995117188,0.503753185272217,1.51569509506226,10.4995676648609,9.44078773226985,1.05877993259101,4.77912349311153,13.9407148765411,10501,NA,NA,0,0,0,0,0,0,0,0,0,0,0,0
"New Hampshire","NH",1995,0,0,1,1,1,0,0,0,0,0,0,1,1146183,35.7723693847656,25298,29283501,0,118,107,11,12173,2913,6193,4450,18.7000007629395,NA,NA,NA,3.97000002861023,1314,29170,114.5,2540.89990234375,0.508748888969421,1.52763473987579,10.2950401462943,9.3353330140126,0.959707132281669,4.77068462446567,13.9519478493723,10643,NA,NA,0,0,0,0,0,0,0,0,0,0,0,0
"New Hampshire","NH",1996,0,0,1,1,1,0,0,0,0,0,0,1,1159546,35.9753799438477,26400,31012648,0,134,113,21,12190,2916,6391,4596,18.7000007629395,NA,NA,NA,4.1399998664856,1373,31436,118.199996948242,2705.30004882812,0.524282217025757,1.57613170146942,11.5562470139175,9.74519337740805,1.81105363650946,4.89783979995091,13.9635391071633,10987,NA,NA,0,0,0,0,0,0,0,0,0,0,0,0
"New Hampshire","NH",1997,0,0,1,1,1,0,0,0,0,0,0,1,1172140,36.130786895752,28009,33314421,0,125,111,14,12200,2922,6563,4639,18.7000007629395,NA,NA,NA,3.13000011444092,1328,29635,113.199996948242,2526.39990234375,0.537950813770294,1.58761119842529,10.6642551231082,9.46985854932005,1.19439657378811,4.8283137373023,13.97434169591,11202,NA,NA,0,0,0,0,0,0,0,0,0,0,0,0
"New Hampshire","NH",1998,0,0,1,1,1,0,0,0,0,0,0,1,1185823,35.7659721374512,29974,36146245,0,128,115,13,12194,2930,6785,4788,18.7000007629395,670555,651290,19265,2.8729932308197,1270,27405,107.199996948242,2312.69995117188,0.556421220302582,1.63412964344025,10.7941910386289,9.69790601126812,1.09628502736074,4.85203026391962,13.9859476062555,11573,NA,NA,0,0,0,0,0,0,0,0,0,0,0,0
"New Hampshire","NH",1999,0,0,1,1,1,0,0,0,0,0,0,1,1201134,35.8741493225098,31201,38128370,0,140,134,6,12244,2931,7006,4888,19.5,666000,648000,18000,2.70000004768372,1159,26247,96.5,2185.19995117188,0.572198629379272,1.66769015789032,11.6556520754554,11.1561241293644,0.499527946090944,4.9416424226093,13.9987766685268,11894,NA,NA,0,0,0,0,0,0,0,0,0,0,0,0
"New Hampshire","NH",2000,0,0,1,1,1,0,0,0,0,0,0,1,1239882,36.5020980834961,34280,42503727,0,126,118,8,12273,2937,7083,4938,19.5,686000,666000,19000,2.79999995231628,2167,27901,175.399993896484,2257.80004882812,0.5771204829216,1.68130743503571,10.1622573761051,9.51703468555879,0.645222690546359,4.83628190695148,14.0305267717628,12021,NA,NA,0,0,0,0,0,0,0,0,0,0,0,0
"New Hampshire","NH",2001,0,0,1,1,1,0,0,0,0,0,0,1,1255517,36.6626510620117,35140,44118622,0,142,131,11,12513,2996,7255,5060,19.5,689000,664000,24000,3.5,2144,27089,170.199996948242,2151,0.579797029495239,1.68891859054565,11.3100818228666,10.4339487239121,0.876133098954455,4.95582705760126,14.0430579979102,12315,NA,NA,0,0,0,0,0,0,0,0,0,0,0,0
"New Hampshire","NH",2002,0,0,1,1,1,0,0,0,0,0,0,1,1269089,36.8650283813477,35424,44956741,0,127,121,6,12505,2999,7429,5149,19.5,706000,672000,33000,4.69999980926514,2056,26250,161.300003051758,2059.80004882812,0.594082355499268,1.71690559387207,10.0071783775606,9.53439829673096,0.472780080829634,4.84418708645859,14.053809878201,12578,NA,NA,0,0,0,0,0,0,0,0,0,0,0,0
"New Hampshire","NH",2003,0,0,1,1,1,0,0,0,0,0,0,1,1279840,37.1081733703613,36121,46229644,0,127,105,22,12593,3034,7955,5225,19.5,719000,688000,31000,4.30000019073486,1937,26456,150.300003051758,2052.89990234375,0.631700158119202,1.72214901447296,9.92311538942368,8.20415051881485,1.71896487060883,4.84418708645859,14.0622456280826,13180,NA,NA,0,0,0,0,0,0,0,0,0,0,0,0
"New Hampshire","NH",2004,0,0,1,1,1,0,0,0,0,0,0,1,1290121,37.4227027893066,38224,49313313,0,171,155,16,12593,3034,7976,5240,19.5,724000,698000,27000,3.70000004768372,2202,26658,169.5,2051.89990234375,0.633367717266083,1.7270929813385,13.2545706953069,12.0143769460384,1.24019374926848,5.14166355650266,14.0702465703887,13216,NA,NA,0,0,0,0,0,0,0,0,0,0,0,0
"New Hampshire","NH",2005,0,0,1,1,1,0,0,0,0,0,0,1,1298492,37.6683540344238,39282,51007522,0,166,157,9,10845,4721,5948,7481,19.5,736000,708000,27000,3.70000004768372,1761,24031,135,1839,0.548455536365509,1.58462190628052,12.7840602791546,12.0909485772727,0.693111701881875,5.11198778835654,14.076714149111,13429,NA,NA,0,0,0,0,0,0,0,0,0,0,0,0
"New Hampshire","NH",2006,0,0,1,1,1,0,0,0,0,0,0,1,1308389,37.9899139404297,41663,54511648,0,127,119,8,10913,4733,6024,7590,19.6000003814697,738000,714000,25000,3.40000009536743,1785,26060,138.800003051758,1981.90002441406,0.552002191543579,1.60363399982452,9.70659337551752,9.09515442272902,0.611438952788506,4.84418708645859,14.0843071673961,13614,NA,NA,0,0,0,0,0,0,0,0,0,0,0,0
"New Hampshire","NH",2007,0,0,1,1,1,0,0,0,0,0,0,1,1312540,38.3301391601562,43388,56949078,0,129,113,16,11017,4821,5919,7540,19.6000003814697,737000,710000,27000,3.59999990463257,1896,26394,144.100006103516,2005.90002441406,0.537260591983795,1.56399083137512,9.82827190028494,8.60926143203255,1.2190104682524,4.85981240436167,14.087474749174,13459,NA,NA,0,0,0,0,0,0,0,0,0,0,0,0
"New Hampshire","NH",2008,0,0,1,1,1,0,0,0,0,0,0,1,1315906,38.6625862121582,44380,58399850,0,138,127,11,11098,4908,5738,7302,19.6000003814697,740000,712000,28000,3.79999995231628,2054,28387,156.100006103516,2157.39990234375,0.517030119895935,1.48777508735657,10.4870712649688,9.65114529457271,0.835925970396062,4.9272536851572,14.0900359597448,13040,NA,NA,0,0,0,0,0,0,0,0,0,0,0,0
"New Hampshire","NH",2009,0,0,1,1,1,1,0,0,0,0,0,1,1316102,38.9935455322266,43788,57628834,0,110,101,9,11098,4908,5701,7274,19.6000003814697,743000,695000,48000,6.40000009536743,2125,28790,160.399993896484,2173.5,0.513696134090424,1.48207008838654,8.35801480432368,7.67417722942447,0.68383757489921,4.70048036579242,14.0901848954626,12975,NA,NA,0,0,0,0,0,0,0,0,0,0,0,0
"New Hampshire","NH",2010,0,0,1,1,1,1,0,0,0,0,0,1,1316759,39.2708168029785,44952,59194673,0,128,119,9,11150,4935,5742,7324,19.6000003814697,747000,702000,44000,5.90000009536743,2204,29230,167.399993896484,2219.80004882812,0.51497757434845,1.4840931892395,9.72083729824516,9.0373409257123,0.683496372532863,4.85203026391962,14.0906839723327,13066,NA,NA,0,0,0,0,0,0,0,0,0,0,0,0
"New Hampshire","NH",2011,0,0,1,1,1,1,0,0,0,0,0,1,1316598,39.642204284668,47542,62651207,0,90,81,9,11147,4929,5582,7138,19.625,737000,697000,40000,5.40000009536743,2864,32756,217.300003051758,2485.60009765625,0.500762522220612,1.44816398620605,6.83579953789995,6.15221958410996,0.683579953789995,4.49980967033027,14.0905616949505,12720,NA,NA,0,0,0,0,0,0,0,0,0,0,0,0
"New Hampshire","NH",2012,0,0,1,1,1,1,0,0,0,0,0,1,1320238,39.9826240539551,49129,64885144,0,108,99,9,11375,4730,5813,7081,19.625,740000,698000,42000,5.59999990463257,2481,30693,187.899993896484,2324,0.511032938957214,1.49704015254974,8.18034324114289,7.49864797104765,0.68169527009524,4.68213122712422,14.0933225813402,12894,NA,NA,0,0,0,0,0,0,0,0,0,0,0,0
"New Jersey","NJ",1983,0,0,0,0,0,0,0,0,0,0,0,1,7467789,35.970645904541,15190,113436216,0,932,673,259,11520,22351,9813,42404,8,NA,NA,NA,7.86999988555908,41304,344296,553.099975585938,4610.2998046875,0.851822912693024,1.89718580245972,12.4802669170219,9.01203823514564,3.46822868187626,6.83733281468559,15.8261095293614,52217,NA,NA,0,0,0,0,0,0,0,0,0,0,0,0
"New Jersey","NJ",1984,0,0,0,0,0,0,0,0,0,0,0,1,7515478,36.0948905944824,16718,125640359,0,922,644,278,11518,22361,9667,42645,8,NA,NA,NA,6.17000007629395,39659,325231,527.700012207031,4327.7998046875,0.839295029640198,1.90711510181427,12.2680154209752,8.5689825717007,3.69903284927452,6.82654522355659,15.8324751852675,52312,NA,NA,0,0,0,0,0,0,0,0,0,0,0,0
"New Jersey","NJ",1985,0,1,0,0,0,0,0,0,0,0,0,1,7565519,36.2127380371094,17828,134879878,0,964,687,277,11513,22370,10153,42955,8,NA,NA,NA,5.65000009536743,41172,344067,544.5,4549.89990234375,0.881872653961182,1.92020559310913,12.7420207390927,9.08067245617915,3.66134828291357,6.87109129461055,15.839111508271,53108,NA,NA,0,0,0,0,0,0,0,0,0,0,0,0
"New Jersey","NJ",1986,0,1,0,0,0,0,0,0,0,0,0,1,7622150,36.2862434387207,18937,144343401,0,1039,726,313,11634,22406,10591,44759,8,NA,NA,NA,5.03000020980835,43623,355764,572.5,4668.7998046875,0.910348951816559,1.99763453006744,13.6313244950572,9.5248715913489,4.10645290370827,6.94601399109923,15.8465690400963,55350,NA,NA,0,0,0,0,0,0,0,0,0,0,0,0
"New Jersey","NJ",1987,0,1,0,0,0,0,0,0,0,0,0,1,7670743,36.3760681152344,20306,155764130,0,1023,777,246,11628,22413,10597,46474,8,NA,NA,NA,4.03000020980835,41507,362155,541,4720.5,0.911334693431854,2.07352876663208,13.3363873616936,10.1293968524301,3.20699050926357,6.93049476595163,15.8529240395774,57071,NA,NA,0,0,0,0,0,0,0,0,0,0,0,0
"New Jersey","NJ",1988,0,1,0,0,0,0,0,0,0,0,0,1,7712334,36.4330635070801,22182,171076670,0,1051,793,258,11764,22433,10836,47889,10.5,NA,NA,NA,3.80999994277954,44993,363807,582.799987792969,4712.5,0.921115279197693,2.13475680351257,13.6275218370989,10.2822310340813,3.34529080301761,6.95749737087695,15.8583314234633,58725,NA,NA,0,0,0,0,0,0,0,0,0,0,0,0
"New Jersey","NJ",1989,0,1,0,0,0,0,0,0,0,0,0,1,7726086,36.4828796386719,23773,183674052,0,891,656,235,11791,22455,11073,48825,10.5,NA,NA,NA,4.09000015258789,47111,360532,609,4660.39990234375,0.939106106758118,2.17434859275818,11.5323593343382,8.49071573886182,3.04164359547642,6.79234442747081,15.8601129533916,59898,NA,NA,0,0,0,0,0,0,0,0,0,0,0,0
"New Jersey","NJ",1990,0,1,0,0,0,0,0,0,0,0,0,1,7757713,36.6353073120117,24794,192477565,0,886,656,230,11750,22502,10517,48406,10.5,NA,NA,NA,5.05999994277954,50057,371023,647.599975585938,4799.7001953125,0.895063817501068,2.15118646621704,11.4208916983652,8.45610039969254,2.96479129867269,6.78671695060508,15.8641981322271,58923,NA,NA,0,0,0,0,0,0,0,0,0,0,0,0
"New Jersey","NJ",1992,0,1,0,0,0,0,0,0,0,0,0,1,7826254,36.7508659362793,26734,210678347,0,763,583,180,11783,22503,11850,47560,10.5,NA,NA,NA,8.47000026702881,48745,345718,625.799987792969,4438.5,1.00568616390228,2.11349606513977,9.74923635241074,7.44928544358514,2.2999509088256,6.63725803128446,15.872994537142,59410,NA,NA,0,0,0,0,0,0,0,0,0,0,0,0
"New Jersey","NJ",1993,0,1,0,0,0,0,0,0,0,0,0,1,7873468,36.7940292358398,27321,217174501,0,789,578,211,11068,24029,10130,49596,10.5,NA,NA,NA,7.48000001907349,49390,328867,626.900024414062,4174,0.915251195430756,2.06400609016418,10.0209971006423,7.34111067702314,2.67988642361917,6.67076632084587,15.8790091840681,59726,NA,NA,0,0,0,0,0,0,0,0,0,0,0,0
"New Jersey","NJ",1994,0,1,0,0,0,0,0,0,0,0,0,1,7916143,36.8206977844238,28063,224901516,0,761,576,185,11244,24188,10942,49524,10.5,NA,NA,NA,6.80000019073486,48544,319856,614.200012207031,4046.80004882812,0.973141252994537,2.04746150970459,9.61326747129252,7.27627077984822,2.33699669144431,6.63463335786169,15.8844146502206,60466,NA,NA,0,0,0,0,0,0,0,0,0,0,0,0
"New Jersey","NJ",1995,0,1,0,0,0,0,0,0,0,0,0,1,7962255,36.8855895996094,29596,239229244,0,774,590,184,11241,24405,11495,49517,10.5,NA,NA,NA,6.40999984741211,47652,326056,599.799987792969,4103.89990234375,1.02259588241577,2.02896952629089,9.72086425265204,7.40996112282262,2.31090312982943,6.65157187358973,15.8902228091584,61012,NA,NA,0,0,0,0,0,0,0,0,0,0,0,0
"New Jersey","NJ",1996,0,1,0,0,0,0,0,0,0,0,0,1,8007905,36.9950523376465,31056,253096819,0,814,620,194,11683,24241,12100,50234,10.5,NA,NA,NA,6.19000005722046,42459,303657,531.5,3801.39990234375,1.03569293022156,2.07227420806885,10.1649557530965,7.74234959081058,2.42260616228589,6.70196036600254,15.89593973677,62334,NA,NA,0,0,0,0,0,0,0,0,0,0,0,0
"New Jersey","NJ",1997,0,1,0,0,0,0,0,0,0,0,0,1,8058384,37.1077690124512,32812,269675555,0,775,609,166,11685,24235,12439,50869,10.5,NA,NA,NA,5.11999988555908,39673,287038,492.600006103516,3564.39990234375,1.06452715396881,2.09898900985718,9.61731285081475,7.55734648534992,2.05996636546484,6.65286302935335,15.9022235981028,63308,NA,NA,0,0,0,0,0,0,0,0,0,0,0,0
"New Jersey","NJ",1998,0,1,0,0,0,0,0,0,0,0,0,1,8095542,36.8054008483887,34627,286970450,0,741,565,176,11709,24212,12590,51920,10.5,4242366,4047062,195304,4.60365772247314,35720,260810,440.200012207031,3213.89990234375,1.07524120807648,2.14439129829407,9.15318579040168,6.97914975921316,2.17403603118852,6.60800062529609,15.9068240977629,64510,NA,NA,0,0,0,0,0,0,0,0,0,0,0,0
"New Jersey","NJ",1999,0,1,0,0,0,0,0,0,0,0,0,1,8143412,36.9527740478516,35911,300201448,0,726,548,178,11778,24166,12811,52729,10.5,4207000,4013000,193000,4.59999990463257,33540,243333,411.899993896484,2988.10009765625,1.0877058506012,2.18194985389709,8.91518199005527,6.72936602004172,2.18581597001355,6.5875500148248,15.9127198147729,65540,NA,NA,0,0,0,0,0,0,0,0,0,0,0,0
"New Jersey","NJ",2000,1,0,0,0,0,0,0,0,0,0,0,1,8430621,36.8156852722168,39156,330112256,0,731,569,162,11838,24185,13606,53840,10.5,4188000,4030000,157000,3.79999995231628,32298,233637,383.799987792969,2776.60009765625,1.14934957027435,2.22617316246033,8.67077288849777,6.74920625657351,1.92156663192427,6.59441345974978,15.9473809927453,67446,NA,NA,0,0,0,0,0,0,0,0,0,0,0,0
"New Jersey","NJ",2001,1,0,0,0,0,0,0,0,0,0,0,1,8492671,36.9161758422852,40289,342165022,0,745,588,157,11972,24204,14040,54685,10.5,4179000,4004000,176000,4.19999980926514,33094,240551,388.799987792969,2826.30004882812,1.17273640632629,2.25933718681335,8.77226964284852,6.92361684563078,1.84865279721774,6.61338421837956,15.9547141142278,68725,NA,NA,0,0,0,0,0,0,0,0,0,0,0,0
"New Jersey","NJ",2002,1,0,0,0,0,0,0,1,0,0,0,1,8552643,37.0186042785645,40545,346764096,0,771,576,195,12305,24254,14241,55701,10.5,4368000,4113000,255000,5.80000019073486,32252,227715,376.100006103516,2655.5,1.15733444690704,2.29656958580017,9.01475719260116,6.73476023727402,2.27999695532714,6.64768837356333,15.9617509159513,69942,NA,NA,0,0,0,0,0,0,0,0,0,0,0,0
"New Jersey","NJ",2003,1,0,0,0,0,0,0,1,0,0,0,1,8601402,37.1225700378418,41229,354631445,0,733,584,149,7409,31542,6778,63000,10.5,4375000,4118000,257000,5.90000009536743,31488,220350,364.299987792969,2549.60009765625,0.914833307266235,1.99733686447144,8.52186655152265,6.78959081321859,1.73227573830406,6.59714570188665,15.9674357711927,69778,NA,NA,0,0,0,0,0,0,0,0,0,0,0,0
"New Jersey","NJ",2004,1,0,0,0,0,0,1,1,0,0,0,1,8634561,37.2386932373047,43117,372296342,0,723,555,168,6970,31151,7024,65820,10.5,4388000,4178000,210000,4.80000019073486,30943,211313,356.299987792969,2433,1.00774753093719,2.11293387413025,8.37332668099745,6.42765741072418,1.94566927027327,6.58340922215876,15.9712834286643,72844,NA,NA,0,0,0,0,0,0,0,0,0,0,0,0
"New Jersey","NJ",2005,1,0,1,0,0,0,1,1,0,0,0,1,8651974,37.3771438598633,44785,387477347,0,747,577,170,7319,31233,7074,66745,10.5,4440000,4244000,195000,4.40000009536743,30919,203391,355,2337,0.966525495052338,2.13700246810913,8.63386783178036,6.66899831183034,1.96486951995001,6.61606518513282,15.973298060965,73819,NA,NA,0,0,0,0,0,0,0,0,0,0,0,0
"New Jersey","NJ",2006,1,0,1,0,0,0,1,1,0,0,0,1,8661679,37.5616836547852,48098,416610740,0,771,590,181,7309,31251,7258,68113,10.5,4510000,4291000,218000,4.80000019073486,30550,198820,350.200012207031,2278.89990234375,0.993022322654724,2.17954635620117,8.90127653079732,6.81161239062311,2.08966414017421,6.64768837356333,15.974419141654,75371,NA,NA,0,0,0,0,0,0,0,0,0,0,0,0
"New Jersey","NJ",2007,1,0,1,0,0,0,1,1,0,0,0,1,8677885,37.7338562011719,50636,439410314,0,724,560,164,7297,31454,6907,69245,10.5,4473000,4285000,189000,4.19999980926514,28544,192338,328.600006103516,2214.39990234375,0.946553349494934,2.20146870613098,8.34304672163782,6.45318530955411,1.8898614120837,6.58479139238572,15.9762883933513,76152,NA,NA,0,0,0,0,0,0,0,0,0,0,0,0
"New Jersey","NJ",2008,1,0,1,0,0,1,1,1,0,0,0,1,8711090,37.8955345153809,51831,451504388,0,590,431,159,7298,31455,6297,67332,10.5,4504000,4261000,243000,5.40000009536743,28351,199127,326.5,2293.39990234375,0.862839162349701,2.14058184623718,6.77297559777249,4.94771607227109,1.8252595255014,6.38012253689976,15.9801074845121,73629,NA,NA,0,0,0,0,0,0,0,0,0,0,0,0
"New Jersey","NJ",2009,1,0,1,0,0,1,1,1,0,0,0,1,8755602,38.0706939697266,50303,440429417,0,584,411,173,7279,31558,6238,66791,10.5,4554000,4138000,416000,9.10000038146973,27113,180752,311.399993896484,2075.80004882812,0.856985867023468,2.11645221710205,6.67001537986765,4.69413753617398,1.97587784369367,6.36990098282823,15.9852042820463,73029,NA,NA,0,0,0,0,0,0,0,0,0,0,0,0
"New Jersey","NJ",2010,1,0,1,0,0,1,1,1,0,1,1,1,8801624,38.2323455810547,51010,449059903,0,556,404,152,7373,31868,6423,66604,10.5,4520000,4100000,420000,9.30000019073486,27055,183042,307.5,2080.10009765625,0.871151506900787,2.08999633789062,6.31701604158505,4.59006201582799,1.72695402575706,6.32076829425058,15.9904468078766,73027,NA,NA,0,0,0,0,0,0,0,0,0,0,0,0
"New Jersey","NJ",2011,1,0,1,0,0,1,1,1,0,1,1,1,8827543,38.4086112976074,53333,471187870,0,627,467,160,7296,31917,6298,66796,10.5,4590000,4159000,430000,9.39999961853027,27203,189719,307.899993896484,2147.39990234375,0.863212704658508,2.09280323982239,7.10276913972552,5.2902602683442,1.81250887138131,6.44094654063292,15.9933872779141,73094,NA,NA,0,0,0,0,0,0,0,0,0,0,0,0
"New Jersey","NJ",2012,1,0,1,0,0,1,1,1,0,1,1,1,8858518,38.593433380127,54987,487437298,0,589,411,178,5884,33388,4551,69674,10.5,4593000,4158000,435000,9.5,25727,181481,290.200012207031,2047.30004882812,0.773453414440155,2.0867977142334,6.64896769414478,4.63960224498048,2.0093654491643,6.37842618365159,15.9968900399673,74225,NA,NA,0,0,0,0,0,0,0,0,0,0,0,0
"New Jersey","NJ",1991,0,1,0,0,0,0,0,0,0,0,0,1,7783864,36.6651344299316,25074,195941509,0,783,584,199,11767,22501,11747,47542,10.5,NA,NA,NA,6.71000003814697,49257,372212,634.799987792969,4796.5,0.998300313949585,2.11288380622864,10.0592713336204,7.50270045828139,2.55657087533903,6.6631326959908,15.8675634309584,59289,NA,NA,0,0,0,0,0,0,0,0,0,0,0,0
"New Mexico","NM",1990,1,0,0,0,0,0,0,0,0,0,0,1,1519940,33.487133026123,15135,23028647,0,499,411,88,49238,5498,9725,6423,17,NA,NA,NA,6.51000022888184,11821,89448,780.200012207031,5903.89990234375,0.197510048747063,1.16824305057526,32.8302432990776,27.0405410739898,5.78970222508783,6.21260609575152,14.2341814183591,16148,1995,-5,0,1,0,0,0,0,0,0,0,0,0,0
"New Mexico","NM",1991,1,0,0,0,0,0,0,0,0,0,0,1,1547141,33.59814453125,15854,24657151,0,469,374,95,50407,5669,10242,6531,17,NA,NA,NA,7.1399998664856,12922,90474,834.799987792969,5844.60009765625,0.203186064958572,1.15205502510071,30.3139791395871,24.1736208916964,6.14035824789079,6.15060276844628,14.2519192695518,16773,1995,-4,0,0,1,0,0,0,0,0,0,0,0,0
"New Mexico","NM",1992,1,0,0,0,0,0,0,0,0,0,0,1,1580841,33.7402877807617,16617,26510800,0,460,368,92,55367,5828,11648,6804,17,NA,NA,NA,7.03000020980835,14781,86942,934.900024414062,5499.2001953125,0.210378021001816,1.16746735572815,29.0984355795428,23.2787484636342,5.81968711590856,6.13122648948314,14.2734675418742,18452,1995,-3,0,0,0,1,0,0,0,0,0,0,0,0
"New Mexico","NM",1994,1,0,1,0,0,0,0,0,0,0,0,1,1653777,33.9529418945312,18100,30450588,0,447,366,81,55140,6081,12700,7780,21,NA,NA,NA,6.26999998092651,14708,87638,889.200012207031,5298.5,0.230322808027267,1.27939486503601,27.0290371676472,22.1311579493487,4.89787921829848,6.10255859461357,14.3185723208086,20480,1995,-1,0,0,0,0,0,0,0,0,0,0,0,0
"New Mexico","NM",1995,1,0,1,0,0,0,0,0,0,0,0,1,1683773,34.1326599121094,19014,32710778,1,485,391,94,55187,6102,13190,7957,18,NA,NA,NA,6.26999998092651,13804,94508,819.200012207031,5608.7998046875,0.239005565643311,1.30399870872498,28.8043578320831,23.2216575512257,5.58270028085734,6.18414889093748,14.3365476665986,21147,1995,0,0,0,0,0,0,1,0,0,0,0,0,0
"New Mexico","NM",1996,1,0,1,0,0,0,0,0,0,0,0,1,1707902,34.373046875,19610,34362689,1,485,421,64,53322,6133,13346,8164,18.875,NA,NA,NA,8.0600004196167,14399,98698,840.599975585938,5761.7001953125,0.25029069185257,1.33115935325623,28.3974139031396,24.6501262953027,3.74728760783698,6.18414889093748,14.3507762746353,21510,1995,1,0,0,0,0,0,0,1,0,0,0,0,0
"New Mexico","NM",1997,1,0,1,0,0,0,0,0,0,0,0,1,1723965,34.5382614135742,20327,36076836,1,484,413,71,53339,6139,13632,8305,18.875,NA,NA,NA,6.25,14762,104721,853.299987792969,6053.2001953125,0.255572855472565,1.35282623767853,28.0748159040352,23.9564028272036,4.11841307683161,6.18208490671663,14.3601374283756,21937,1995,2,0,0,0,0,0,0,0,1,0,0,0,0
"New Mexico","NM",1998,1,0,1,0,1,0,0,0,0,0,0,1,1733535,34.3932647705078,21267,38141735,1,424,363,61,53769,6144,13844,8349,18.5,835883,783663,52220,6.24728584289551,16700,100011,961.400024414062,5757.7001953125,0.257471770048141,1.35888671875,24.4586927867046,20.9398714188061,3.51882136789854,6.04973345523196,14.3656732342697,22193,1995,3,0,0,0,0,0,0,0,0,1,0,0,0
"New Mexico","NM",1999,1,0,1,0,1,0,0,0,0,0,0,1,1739844,34.6595840454102,21747,39320403,1,460,397,63,53839,6074,14054,8308,18,810000,764000,46000,5.59999990463257,14520,89220,834.599975585938,5128,0.261037528514862,1.36779713630676,26.4391520159279,22.8181377180943,3.6210142978336,6.13122648948314,14.369306011999,22362,1995,4,0,0,0,0,0,0,0,0,0,1,0,0
"New Mexico","NM",1989,1,0,0,0,0,0,0,0,0,0,0,1,1503892,33.181468963623,14326,21545298,0,538,448,90,49367,5440,9503,6336,16,NA,NA,NA,6.6100001335144,10755,89693,703.900024414062,5870,0.19249701499939,1.16470587253571,35.7738454623071,29.7893731730736,5.98447228923354,6.28785856016178,14.2235669724029,15839,1995,-6,1,0,0,0,0,0,0,0,0,0,0,0
"New Mexico","NM",1988,1,0,0,0,0,0,0,0,0,0,0,1,1490329,32.9502334594727,13490,20103906,0,487,396,91,49331,4607,9312,5971,14,NA,NA,NA,7.82999992370605,9938,89817,658.099975585938,5948.10009765625,0.188765689730644,1.29607117176056,32.6773484244083,26.5713141192314,6.10603430517691,6.18826412308259,14.2145074589169,15283,1995,-7,1,0,0,0,0,0,0,0,0,0,0,0
"New Mexico","NM",2001,1,0,1,0,1,0,0,0,0,0,0,1,1831690,35.2918319702148,25215,46186743,1,464,384,80,53919,5964,14883,8349,18.875,838000,798000,40000,4.80000019073486,14288,83095,780.400024414062,4538.39990234375,0.276025146245956,1.39989936351776,25.331797411134,20.9642461333523,4.36755127778172,6.13988455222626,14.4207495959241,23232,1995,6,0,0,0,0,0,0,0,0,0,0,0,1
"New Mexico","NM",2002,1,0,1,0,1,0,0,0,0,0,0,1,1855309,35.4961280822754,25771,47812637,1,449,386,63,54543,6841,14345,8444,18.875,878000,830000,48000,5.40000009536743,13719,80477,740.700012207031,4345.2998046875,0.263003498315811,1.23432242870331,24.2008204563229,20.8051596796005,3.39566077672237,6.10702288774225,14.4335618169707,22789,1995,7,0,0,0,0,0,0,0,0,0,0,0,1
"New Mexico","NM",2003,1,0,1,0,1,0,0,0,0,0,0,1,1877574,35.7227554321289,26307,49392486,1,439,384,55,57139,6814,13379,9465,18.875,897000,840000,57000,6.40000009536743,12535,76816,667.299987792969,4089.10009765625,0.234148308634758,1.38905191421509,23.3812355731385,20.4519235992829,2.92931197385562,6.08449941307517,14.4454910759582,22844,1995,8,0,0,0,0,0,0,0,0,0,0,0,1
"New Mexico","NM",1993,1,0,0,0,0,0,0,0,0,0,0,1,1615385,33.7953758239746,17419,28505742,0,431,359,72,54961,5851,11898,7047,23,NA,NA,NA,7.71000003814697,15024,86236,929.700012207031,5336.39990234375,0.216480776667595,1.20440948009491,26.6809460283462,22.2238042324276,4.45714179591862,6.06610809010375,14.2950838763214,18945,1995,-2,0,0,0,0,1,0,0,0,0,0,0,0
"New Mexico","NM",2005,1,0,1,0,1,0,0,0,1,0,1,1,1932274,36.1478385925293,29095,56218801,1,488,422,66,55785,7973,13177,10789,18.875,947000,897000,50000,5.30000019073486,12448,79575,646,4132,0.236210450530052,1.35319197177887,25.2552174277561,21.8395527756416,3.41566465211455,6.19031540585315,14.474208105645,23966,1995,10,0,0,0,0,0,0,0,0,0,0,0,1
"New Mexico","NM",2006,1,0,1,0,1,0,0,0,1,0,1,1,1962137,36.418140411377,30610,60060375,1,484,409,75,55799,7996,14501,11286,18.875,929000,889000,40000,4.40000009536743,12797,76000,654.700012207031,3888.30004882812,0.25987920165062,1.41145575046539,24.6669829884458,20.8446199220544,3.82236306639139,6.18208490671663,14.4895447433771,25787,1995,11,0,0,0,0,0,0,0,0,0,0,0,1
"New Mexico","NM",2007,1,0,1,0,1,0,0,0,1,0,1,1,1990070,36.6107864379883,31963,63609396,1,413,354,59,60350,7989,15558,11292,18.875,946000,911000,35000,3.70000004768372,13311,75168,675.700012207031,3815.80004882812,0.257796198129654,1.41344344615936,20.7530388378298,17.7883190038541,2.96471983397569,6.02344759296103,14.5036803719614,26850,1995,12,0,0,0,0,0,0,0,0,0,0,0,1
"New Mexico","NM",2012,1,0,1,0,1,1,0,1,1,0,1,1,2070449,37.5737838745117,35682,74416002,1,365,297,68,60494,7890,14590,10971,18.875,949000,881000,68000,7.09999990463257,11660,75094,559.099975585938,3600.69995117188,0.241180941462517,1.39049434661865,17.6290263609488,14.3447146005528,3.28431176039593,5.89989735358249,14.5432760499329,25561,1995,17,0,0,0,0,0,0,0,0,0,0,0,1
"New Mexico","NM",2011,1,0,1,0,1,1,0,1,1,0,1,1,2065097,37.3527221679688,34782,72300258,1,350,304,46,60480,7904,14604,11046,18.875,927000,858000,69000,7.40000009536743,11904,73549,572.700012207031,3538.30004882812,0.241468250751495,1.39752018451691,16.9483564210301,14.7208581485519,2.22749827247824,5.85793315448346,14.5406877566397,25650,1995,16,0,0,0,0,0,0,0,0,0,0,0,1
"New Mexico","NM",1984,0,0,0,0,0,0,0,0,0,0,0,1,1416665,32.1518058776855,11445,16214669,0,497,384,113,49676,4451,7512,4920,11,NA,NA,NA,7.48000001907349,9798,79108,688.099975585938,5555.2998046875,0.15121990442276,1.10536956787109,35.0823942145814,27.105914242252,7.97647997232938,6.20859002609663,14.1638160757612,12432,1995,-11,1,0,0,0,0,0,0,0,0,0,0,0
"New Mexico","NM",1985,0,0,0,0,0,0,0,0,0,0,0,1,1438371,32.3508529663086,12188,17530778,0,535,432,103,48151,5413,7521,5748,11,NA,NA,NA,8.86999988555908,10207,83843,703.900024414062,5782.2998046875,0.156196132302284,1.06188809871674,37.1948544568821,30.0339759352768,7.16087852160534,6.28226674689601,14.1790217812059,13269,1995,-10,1,0,0,0,0,0,0,0,0,0,0,0
"New Mexico","NM",1986,1,0,0,0,0,0,0,0,0,0,0,1,1462727,32.5593185424805,12477,18251092,0,499,385,114,48386,5210,7873,5298,11,NA,NA,NA,9.14000034332275,10731,87266,725.599975585938,5900.2998046875,0.162712350487709,1.01689064502716,34.1143631039832,26.3207009920511,7.79366211193203,6.21260609575152,14.195813059719,13171,1995,-9,1,0,0,0,0,0,0,0,0,0,0,0
"New Mexico","NM",1987,1,0,0,0,0,0,0,0,0,0,0,1,1478519,32.7751045227051,12883,19047646,0,568,468,100,49157,4592,8234,6882,14,NA,NA,NA,8.77999973297119,9427,88775,628.5,5918.2998046875,0.167504116892815,1.49869334697723,38.4168211568468,31.6532963052893,6.76352485155754,6.34212141872115,14.2065514690545,15116,1995,-8,1,0,0,0,0,0,0,0,0,0,0,0
"New Mexico","NM",2004,1,0,1,0,1,0,0,0,0,0,0,1,1903808,35.9185066223145,27470,52298154,1,521,461,60,56048,7957,13314,10628,18.875,911000,860000,51000,5.59999990463257,13081,79895,687.400024414062,4198.39990234375,0.237546384334564,1.33567929267883,27.3662049954617,24.2146266850439,3.15157831041786,6.25575004175337,14.4593666489126,23942,1995,9,0,0,0,0,0,0,0,0,0,0,0,1
"New Mexico","NM",2010,1,0,1,0,1,0,0,0,1,0,1,1,2065932,37.1212959289551,33170,68489125,1,349,308,41,60469,7909,14330,10944,18.875,921000,843000,79000,8.5,12147,70776,588,3425.89990234375,0.236980929970741,1.38374006748199,16.893101999485,14.9085255468234,1.98457645266156,5.85507192220243,14.5410920142769,25274,1995,15,0,0,0,0,0,0,0,0,0,0,0,1
"New Mexico","NM",2008,1,0,1,0,1,0,0,0,1,0,1,1,2010662,36.8035926818848,33399,67154342,1,366,320,46,60386,7998,14919,11360,18.875,962000,919000,43000,4.40000009536743,12967,75718,653.5,3815.69995117188,0.24706058204174,1.42035508155823,18.2029600201327,15.9151563017553,2.28780371837733,5.90263333340137,14.5139745790442,26279,1995,13,0,0,0,0,0,0,0,0,0,0,0,1
"New Mexico","NM",1983,0,0,0,0,0,0,0,0,0,0,0,1,1394352,31.9930572509766,10638,14832861,0,531,413,118,49676,4451,7087,4591,11,NA,NA,NA,10.1800003051758,9608,79175,686.799987792969,5659.39990234375,0.142664462327957,1.03145360946655,38.0822059279149,29.6194934994894,8.46271242842553,6.27476202124194,14.1479403491875,11678,1995,-12,1,0,0,0,0,0,0,0,0,0,0,0
"New Mexico","NM",2009,1,0,1,0,1,0,0,0,1,0,1,1,2036802,36.9637069702148,32491,66178428,1,361,317,44,60392,7992,14763,11250,18.875,938000,866000,72000,7.59999990463257,12709,74639,632.400024414062,3714,0.244452908635139,1.40765762329102,17.7238631933786,15.563613939892,2.16024925348659,5.88887795833288,14.5268914887172,26013,1995,14,0,0,0,0,0,0,0,0,0,0,0,1
"New Mexico","NM",2000,1,0,1,0,1,0,0,0,0,0,0,1,1821204,35.0142059326172,23417,42647413,1,432,376,56,53816,6110,14526,8234,18.5,833000,792000,40000,4.90000009536743,13786,86605,757.900024414062,4761,0.269919723272324,1.34762680530548,23.7205716657771,20.6456827461394,3.07488891963778,6.06842558824411,14.4150083787944,22760,1995,5,0,0,0,0,0,0,0,0,0,0,1,0
"New York","NY",1991,1,0,0,1,1,0,0,0,0,0,0,1,18028272,36.2396659851074,23864,432468235,0,2008,1448,560,73381,38061,31685,75976,20.8150005340576,NA,NA,NA,7.28000020980835,210184,917467,1163.90002441406,5080.7001953125,0.431787520647049,1.99616408348083,11.1380613738244,8.03182911817616,3.10623225564824,7.60489448081162,16.7074517503203,107661,NA,NA,0,0,0,0,0,0,0,0,0,0,0,0
"New York","NY",1992,1,0,0,1,1,0,0,0,0,0,0,1,18078980,36.3025550842285,25060,457252472,0,1815,1290,525,72623,39063,30342,79539,22.8899993896484,NA,NA,NA,8.63000011444092,203311,858178,1122.09997558594,4736.2998046875,0.417801529169083,2.03617238998413,10.039283189649,7.13535830008109,2.90392488956788,7.50384074669895,16.7102604954077,109881,NA,NA,0,0,0,0,0,0,0,0,0,0,0,0
"New York","NY",1993,1,0,0,1,1,0,0,0,0,0,0,1,18139052,36.355712890625,25557,469616177,0,1790,1296,494,72589,39293,30473,81767,22.8899993896484,NA,NA,NA,7.82000017166138,195352,814824,1073.5,4477.7998046875,0.419801890850067,2.08095598220825,9.8682114147972,7.14480558300401,2.72340583179319,7.4899708988348,16.7135777410872,112240,NA,NA,0,0,0,0,0,0,0,0,0,0,0,0
"New York","NY",1994,1,0,0,1,1,0,0,0,0,0,0,1,18151628,36.4160118103027,26254,484639112,0,1678,1220,458,72097,39907,31195,81775,22.5599994659424,NA,NA,NA,6.92999982833862,175433,745845,965.599975585938,4105,0.43268096446991,2.04913926124573,9.24434987319044,6.72116021769507,2.52318965549536,7.42535788702715,16.7142708116223,112970,NA,NA,0,0,0,0,0,0,0,0,0,0,0,0
"New York","NY",1995,1,0,0,1,1,0,0,0,0,0,0,1,18144950,36.5250282287598,27604,511331917,0,1679,1206,473,71873,40320,30951,84140,21.9200000762939,NA,NA,NA,6.32999992370605,152683,674342,841.900024414062,3718.30004882812,0.430634588003159,2.08680558204651,9.25326330466604,6.64647739453677,2.60678591012926,7.42595365707754,16.7139028430455,115091,NA,NA,0,0,0,0,0,0,0,0,0,0,0,0
"New York","NY",1996,1,0,0,1,1,0,0,0,0,0,0,1,18142162,36.6409149169922,28945,538041074,0,1592,1155,437,71701,40646,31723,86918,21.7900009155273,NA,NA,NA,6.23999977111816,132206,619250,727,3405.30004882812,0.442434549331665,2.13841462135315,8.77513936872573,6.36638566009939,2.40875370862635,7.37274636640433,16.7137491796729,118641,NA,NA,0,0,0,0,0,0,0,0,0,0,0,0
"New York","NY",1997,1,0,0,1,1,0,0,0,0,0,0,1,18146200,36.7865180969238,30464,568356973,0,1652,1211,441,71733,40747,32139,88639,22.3999996185303,NA,NA,NA,6.40999984741211,124890,584438,688.599975585938,3222.39990234375,0.448036462068558,2.17535042762756,9.10383441161235,6.67357353054634,2.43026088106601,7.40974195408092,16.7139717303637,120778,NA,NA,0,0,0,0,0,0,0,0,0,0,0,0
"New York","NY",1998,1,0,0,1,1,0,0,0,0,0,0,1,18159175,36.5036811828613,31785,596149740,0,1514,1091,423,71701,40823,34041,89335,22.6499996185303,9058804,8546553,512251,5.65473079681396,115915,536287,637.799987792969,2950.69995117188,0.474763244390488,2.18834972381592,8.33738316856355,6.00798219082089,2.32940097774266,7.32251043399739,16.7146865005901,123376,NA,NA,0,0,0,0,0,0,0,0,0,0,0,0
"New York","NY",1999,1,0,0,1,1,0,0,0,0,0,0,1,18196601,36.7074661254883,33240,627668069,0,1599,1170,429,71746,40915,36549,89942,22.0499992370605,8883000,8424000,459000,5.19999980926514,107147,489596,588.799987792969,2690.60009765625,0.509422123432159,2.19826459884644,8.78735539675789,6.42977224153016,2.35758315522773,7.37713371283395,16.7167453763638,126491,NA,NA,0,0,0,0,0,0,0,0,0,0,0,0
"New York","NY",2000,1,0,0,1,1,0,0,0,0,0,0,1,19001780,36.4282531738281,35307,670894816,0,1460,1086,374,71789,40994,36715,92342,21.4500007629395,8941000,8533000,408000,4.59999990463257,105111,483078,553.900024414062,2545.69995117188,0.511429309844971,2.25257349014282,7.68349070455505,5.71525404462108,1.96823665993396,7.28619171470238,16.7600432169532,129057,NA,NA,0,0,0,0,0,0,0,0,0,0,0,0
"New York","NY",2001,1,0,0,1,1,0,1,0,0,0,0,1,19082838,36.5867576599121,36264,692016630,0,1564,1163,401,71840,41121,37453,93269,22.0499992370605,8832000,8402000,429000,4.90000009536743,98022,458003,513.599975585938,2399.89990234375,0.521339058876038,2.26815986633301,8.19584592186969,6.09448133448494,2.10136458738475,7.35500192110526,16.7642999550618,130722,NA,NA,0,0,0,0,0,0,0,0,0,0,0,0
"New York","NY",2002,1,0,0,1,1,0,1,0,0,0,0,1,19137800,36.7612228393555,36091,690693943,0,1530,1150,380,72560,41462,38157,94900,22.6499996185303,9362000,8790000,573000,6.09999990463257,95030,442091,496.600006103516,2310.5,0.525868237018585,2.28884267807007,7.99464933273417,6.0090501520551,1.98559918067908,7.33302301438648,16.7671759948539,133057,NA,NA,0,0,0,0,0,0,0,0,0,0,0,0
"New York","NY",2003,1,0,0,1,1,0,1,0,0,0,0,1,19175939,36.9302864074707,36984,709209554,0,1493,1115,378,71980,41146,38600,96447,22.0499992370605,9315000,8726000,589000,6.30000019073486,89486,432079,465.799987792969,2249,0.536260068416595,2.34401893615723,7.78579865111169,5.81457836302045,1.97122028809124,7.30854279753919,16.7691668740316,135047,NA,NA,0,0,0,0,0,0,0,0,0,0,0,0
"New York","NY",2004,1,0,1,1,1,0,1,0,0,0,0,1,19171567,37.1228065490723,39263,752725873,0,1495,1133,362,72117,41226,39430,98468,22.6499996185303,9370000,8823000,548000,5.80000019073486,84914,422734,440.399993896484,2192.5,0.546750426292419,2.38849258422852,7.79800628712301,5.90979339351864,1.88821289360437,7.30988148582479,16.7689388539868,137898,NA,NA,0,0,0,0,0,0,0,0,0,0,0,0
"New York","NY",1988,1,0,0,1,1,0,0,0,0,0,0,1,17941310,36.0780792236328,20841,373919697,0,2256,1632,624,73071,37542,30157,73535,8,NA,NA,NA,4.19999980926514,196396,932845,1097.30004882812,5212,0.412708193063736,1.95873951911926,12.5743326434915,9.09632574210021,3.47800690139126,7.72134861261795,16.7026164331107,103692,NA,NA,0,0,0,0,0,0,0,0,0,0,0,0
"New York","NY",1989,1,0,0,1,1,0,0,0,0,0,0,1,17983088,36.110179901123,22477,404207279,0,2260,1615,645,73263,37701,31001,75058,8,NA,NA,NA,5.07999992370605,203042,926596,1131.19995117188,5162.10009765625,0.42314675450325,1.99087560176849,12.5673632915548,8.98066005126595,3.58670324028888,7.72312009226633,16.7049423186459,106059,NA,NA,0,0,0,0,0,0,0,0,0,0,0,0
"New York","NY",1990,1,0,0,1,1,0,0,0,0,0,0,1,18002408,36.2656860351562,23986,432241977,0,2217,1584,633,73329,37913,31423,75479,14.375,NA,NA,NA,5.28999996185303,212458,932416,1180.90002441406,5182.7998046875,0.428520768880844,1.99084746837616,12.315019190766,8.79882291302363,3.5161962777424,7.70391020961631,16.7060160846908,106902,NA,NA,0,0,0,0,0,0,0,0,0,0,0,0
"New York","NY",2005,1,0,1,1,1,0,1,0,0,0,0,1,19132610,37.3093185424805,41503,794061895,0,1434,1055,379,72117,41226,39322,98199,23.25,9414000,8943000,471000,5,85839,405990,444,2102,0.545252859592438,2.38196778297424,7.49505686887466,5.51414574383735,1.98091112503731,7.26822302115957,16.766904767029,137521,NA,NA,0,0,0,0,0,0,0,0,0,0,0,0
"New York","NY",2006,1,0,1,1,1,0,1,0,0,0,0,1,19104631,37.48095703125,44810,856087547,0,1454,1094,360,65873,47744,33832,107516,23.9500007629395,9518000,9094000,423000,4.40000009536743,84016,398577,435.200012207031,2064.5,0.513594329357147,2.2519268989563,7.61072014424147,5.72636027359021,1.88435987065126,7.28207365809346,16.765441324361,141348,NA,NA,0,0,0,0,0,0,0,0,0,0,0,0
"New York","NY",2007,1,0,1,1,1,0,1,0,0,0,0,1,19132335,37.6550521850586,48294,923968893,0,1332,1001,331,65875,47866,33766,102971,24.6499996185303,9486000,9049000,437000,4.59999990463257,79962,383624,414.399993896484,1987.90002441406,0.512576878070831,2.15123462677002,6.96203573688209,5.231980309774,1.73005542710809,7.19443685110033,16.76689039356,136737,NA,NA,0,0,0,0,0,0,0,0,0,0,0,0
"New York","NY",2008,1,0,1,1,1,0,1,0,0,0,0,1,19212436,37.7890357971191,49205,945342936,0,1238,894,344,66071,48402,33120,100965,24.4500007629395,9679000,9145000,534000,5.5,77546,388599,397.899993896484,1993.80004882812,0.501278936862946,2.08596754074097,6.4437430006273,4.65323606022682,1.79050694040048,7.12125245324454,16.7710683356588,134085,NA,NA,0,0,0,0,0,0,0,0,0,0,0,0
"New York","NY",2009,1,0,1,1,1,1,1,0,0,0,0,1,19307066,37.9434432983398,47882,924453309,0,1158,819,339,66116,48431,32963,100528,25.1499996185303,9722000,8913000,809000,8.30000019073486,75110,377537,384.399993896484,1932,0.498563140630722,2.07569527626038,5.99780412000456,4.24197027140219,1.75583384860237,7.05444965813294,16.7759817008614,133491,NA,NA,0,0,0,0,0,0,0,0,0,0,0,0
"New York","NY",1983,0,0,0,1,1,0,0,0,0,0,0,0,17686904,35.7384147644043,14237,251802304,0,2077,1461,616,73434,36403,25140,58643,8,NA,NA,NA,8.55000019073486,161489,881322,914.099975585938,4988.5,0.342348217964172,1.61093866825104,11.7431518823193,8.26034901303247,3.48280286928679,7.63867982387611,16.6883350366869,83783,NA,NA,0,0,0,0,0,0,0,0,0,0,0,0
"New York","NY",1984,0,0,0,1,1,0,0,0,0,0,0,0,17745690,35.8126106262207,15721,278970960,0,2060,1449,611,73049,36831,25426,61842,8,NA,NA,NA,7.21999979019165,162157,826969,914.299987792969,4662.89990234375,0.348067730665207,1.67907464504242,11.6084525312907,8.16536296982535,3.44308956146535,7.63046126178363,16.6916532274995,87268,NA,NA,0,0,0,0,0,0,0,0,0,0,0,0
"New York","NY",1985,1,0,0,1,1,0,0,0,0,0,0,1,17791670,35.8810882568359,16796,298828804,0,2006,1387,619,73068,36959,26428,64090,8,NA,NA,NA,6.55999994277954,165365,828446,929.900024414062,4658.60009765625,0.361690491437912,1.73408377170563,11.2749393395898,7.79578308275727,3.47915625683255,7.60389796852188,16.6942409281986,90518,NA,NA,0,0,0,0,0,0,0,0,0,0,0,0
"New York","NY",1986,1,0,0,1,1,0,0,0,0,0,0,1,17833420,35.9508514404297,17882,318903481,0,2121,1539,582,72921,37215,27954,66762,8,NA,NA,NA,6.26999998092651,175210,849827,985.900024414062,4781.7998046875,0.383346349000931,1.79395401477814,11.8934001442236,8.62986460252717,3.26353554169643,7.65964295456468,16.6965847829994,94716,NA,NA,0,0,0,0,0,0,0,0,0,0,0,0
"New York","NY",1987,1,0,0,1,1,0,0,0,0,0,0,1,17868848,36.0376586914062,19053,340451269,0,2339,1667,672,72957,37364,28953,69049,8,NA,NA,NA,4.84999990463257,179691,881330,1008.09997558594,4944.2998046875,0.396850198507309,1.8480087518692,13.0898197802119,9.32908489679917,3.76073488341274,7.75747876658418,16.6985694194728,98002,NA,NA,0,0,0,0,0,0,0,0,0,0,0,0
"New York","NY",2011,1,0,1,1,1,1,1,0,1,0,1,1,19479220,38.2646522521973,51914,1012405644,0,1171,819,352,66157,48435,32805,94921,25.0499992370605,9476000,8707000,769000,8.10000038146973,77463,371837,397.200012207031,1906.69995117188,0.495865881443024,1.95976054668427,6.01153434275089,4.20448046687701,1.80705387587388,7.06561336359772,16.7848588143092,127726,NA,NA,0,0,0,0,0,0,0,0,0,0,0,0
"New York","NY",2010,1,0,1,1,1,1,1,0,0,0,0,1,19392283,38.0939598083496,49529,960826509,0,1201,852,349,66146,48427,32926,98326,24.3500003814697,9654000,8832000,822000,8.5,76492,379710,394.399993896484,1957.80004882812,0.49777764081955,2.03039622306824,6.19318519640003,4.39350023924465,1.79968495715538,7.09090982207998,16.7803857613916,131252,NA,NA,0,0,0,0,0,0,0,0,0,0,0,0
"New York","NY",2012,1,0,1,1,1,1,1,0,1,0,1,1,19547396,38.4350967407227,53241,1041930542,0,1168,818,350,66201,48508,32826,95394,25.8500003814697,9563000,8733000,830000,8.69999980926514,79610,376140,406.799987792969,1922,0.495853543281555,1.96656227111816,5.97522043345313,4.18470061178481,1.79051982166832,7.06304816338817,16.7883526385932,128220,NA,NA,0,0,0,0,0,0,0,0,0,0,0,0
"North Carolina","NC",2012,1,0,1,1,1,1,0,1,0,1,1,1,9641978,37.9092826843262,37910,369703508,1,1292,1066,226,68518,37545,40983,63967,37.9500007629395,4698000,4267000,432000,9.19999980926514,34464,328594,353.399993896484,3369.5,0.598134815692902,1.703742146492,13.3997401777934,11.0558227782723,2.34391739952114,7.16394668434255,16.0816368322608,104950,1997,15,0,0,0,0,0,0,0,0,0,0,0,1
"North Carolina","NC",1999,1,0,1,1,1,0,0,0,0,0,0,1,7650789,35.9291687011719,26444,210211331,1,1505,1321,184,75906,23395,43519,44240,21.2000007629395,3874000,3752000,122000,3.20000004768372,41474,354497,542.099975585938,4633.5,0.573327541351318,1.89100229740143,19.6711737835144,17.2661930684535,2.40498071506089,7.31654817718298,15.8503193377393,87759,1997,2,0,0,0,0,0,0,0,1,0,0,0,0
"North Carolina","NC",1996,1,0,1,1,1,0,0,0,0,0,0,1,7308656,36.209056854248,22896,171733299,0,1494,1288,206,75077,22432,39282,39653,21.7000007629395,NA,NA,NA,4.34999990463257,43068,361616,588.099975585938,4938.10009765625,0.523222804069519,1.767697930336,20.4415148284445,17.6229391559816,2.8185756724629,7.30921236569276,15.8045699570929,78935,1997,-1,0,0,0,0,0,0,0,0,0,0,0,0
"North Carolina","NC",2011,1,0,1,1,1,1,0,1,0,1,1,1,9549401,37.673755645752,36520,352454998,1,1230,1039,191,70197,35673,40267,63506,35.25,4631000,4145000,486000,10.5,33421,337806,346.299987792969,3500.19995117188,0.573628485202789,1.78022599220276,12.8803890422028,10.8802635893079,2.0001254528949,7.11476944836646,16.0719889879767,103773,1997,14,0,0,0,0,0,0,0,0,0,0,0,1
"North Carolina","NC",1990,1,0,0,1,1,0,0,0,0,0,0,1,6657009,35.5191688537598,17355,115651654,0,1385,1167,218,75445,19245,33778,28929,21.5,NA,NA,NA,4.17999982833862,41332,322306,623.5,4862.2998046875,0.447716891765594,1.50319564342499,20.8051393651413,17.5303954073068,3.27474395783452,7.23345541862144,15.7111808425423,62707,1997,-7,1,0,0,0,0,0,0,0,0,0,0,0
"North Carolina","NC",1991,1,0,0,1,1,0,0,0,0,0,0,1,6748019,35.637451171875,17813,120849436,0,1369,1143,226,75572,19572,34857,30026,22.6000003814697,NA,NA,NA,5.82000017166138,44355,352368,658.400024414062,5230.2998046875,0.461242258548737,1.53413033485413,20.2874354680981,16.938304412006,3.34913105609217,7.22183582528845,15.7247595382931,64883,1997,-6,1,0,0,0,0,0,0,0,0,0,0,0
"North Carolina","NC",2010,1,0,1,1,1,1,0,1,0,1,1,1,9561558,37.331413269043,35462,338987468,1,1320,1124,196,70086,35567,40007,62378,32.1500015258789,4573000,4094000,479000,10.5,34679,329202,362.700012207031,3443.5,0.57082724571228,1.75381672382355,13.8052815242035,11.7554063887914,2.04987513541203,7.18538701558042,16.0732612424606,102385,1997,13,0,0,0,0,0,0,0,0,0,0,0,1
"North Carolina","NC",1998,1,0,1,1,1,0,0,0,0,0,0,1,7545828,35.807861328125,25449,198737894,1,1596,1355,241,75518,23091,42268,43015,22.2999992370605,3985582,3844800,140782,3.53228211402893,43723,357892,579.400024414062,4742.7998046875,0.559707641601562,1.86284697055817,21.1507603936904,17.9569425648186,3.1938178288718,7.37525577800975,15.8365053857136,85283,1997,1,0,0,0,0,0,0,1,0,0,0,0,0
"North Carolina","NC",1994,1,0,1,1,1,0,0,0,0,0,0,1,7061439,35.974250793457,20820,149638496,0,1431,1219,212,74580,21899,35747,36181,21.2999992370605,NA,NA,NA,4.38000011444092,46308,351397,655,4970.2998046875,0.479310810565948,1.65217590332031,20.2649913140933,17.2627703786721,3.00222093542124,7.26612877955645,15.7701594130627,71928,1997,-3,0,0,0,1,0,0,0,0,0,0,0,0
"North Carolina","NC",1995,1,0,1,1,1,0,0,0,0,0,0,1,7185920,36.0994529724121,21835,160373527,0,1448,1224,224,74660,22149,37712,38341,21.6000003814697,NA,NA,NA,4.32999992370605,46508,359256,646.400024414062,4993.10009765625,0.505116522312164,1.73104882240295,20.1505165657285,17.0333095831849,3.11720698254364,7.27793857294566,15.7876341138355,76053,1997,-2,0,0,0,0,1,0,0,0,0,0,0,0
"North Carolina","NC",1985,0,0,0,1,1,0,0,0,0,0,0,0,6253989,34.6347999572754,12585,78704118,0,1482,1235,247,75363,17851,27698,22225,12,NA,NA,NA,5.3899998664856,26327,231465,420.899993896484,3700.5,0.367527842521667,1.24502825737,23.6968757060494,19.7473964217078,3.94947928434156,7.30114780585603,15.6487300581241,49923,1997,-12,1,0,0,0,0,0,0,0,0,0,0,0
"North Carolina","NC",1993,1,0,1,1,1,0,0,0,0,0,0,1,6948740,35.8725433349609,19955,140537725,0,1389,1183,206,74305,21723,34531,34962,22,NA,NA,NA,4.92999982833862,47178,345377,679.299987792969,4973,0.464719742536545,1.60944616794586,19.9892354585148,17.0246692206069,2.96456623790788,7.23633934275434,15.754070906141,69493,1997,-4,0,0,1,0,0,0,0,0,0,0,0,0
"North Carolina","NC",1983,0,0,0,1,1,0,0,0,0,0,0,0,6077066,34.2153053283691,10579,64290108,0,1234,1013,221,75076,17328,25520,19518,12,NA,NA,NA,8.89999961853027,24911,229540,409.600006103516,3774.10009765625,0.339922219514847,1.12638509273529,20.3058515408587,16.6692282097973,3.6366233310614,7.11801620446533,15.6200325716805,45038,1997,-14,1,0,0,0,0,0,0,0,0,0,0,0
"North Carolina","NC",1984,0,0,0,1,1,0,0,0,0,0,0,0,6164014,34.4489364624023,11794,72700522,0,1450,1165,285,75102,17618,27016,21166,12,NA,NA,NA,6.75,24885,224437,403.600006103516,3640.5,0.359724104404449,1.20138490200043,23.5236324901274,18.9000219662058,4.62361052392159,7.27931883541462,15.634238746672,48182,1997,-13,1,0,0,0,0,0,0,0,0,0,0,0
"North Carolina","NC",2003,1,0,1,1,1,0,0,0,0,0,0,1,8422501,36.3657455444336,29144,245466456,1,1553,1375,178,77749,24411,46452,47307,23.3999996185303,4230000,3957000,273000,6.5,38243,359660,454.100006103516,4270.89990234375,0.597461044788361,1.93793785572052,18.4387036582127,16.3253171474839,2.11338651072882,7.34794382314869,15.9464173729924,93759,1997,6,0,0,0,0,0,0,0,0,0,0,0,1
"North Carolina","NC",1997,1,0,1,1,1,0,0,0,0,0,0,1,7430675,36.2751426696777,24111,184609892,1,1483,1275,208,75332,22707,40654,41239,22.6000003814697,NA,NA,NA,3.61999988555908,45071,362672,607,4884.5,0.539664447307587,1.81613600254059,19.9578100239884,17.1586026841438,2.79920733984463,7.30182234213793,15.8211272604814,81893,1997,0,0,0,0,0,0,1,0,0,0,0,0,0
"North Carolina","NC",1989,1,0,0,1,1,0,0,0,0,0,0,1,6565467,35.3287086486816,16599,108980108,0,1471,1242,229,75165,19063,32874,28003,20.8999996185303,NA,NA,NA,3.52999997138977,35902,309323,546.400024414062,4707.39990234375,0.437357813119888,1.46897125244141,22.4051084256459,18.9171615667248,3.48794685892108,7.29369772060144,15.6973341979949,60877,1997,-8,1,0,0,0,0,0,0,0,0,0,0,0
"North Carolina","NC",2002,1,0,1,1,1,0,0,0,0,0,0,1,8326201,36.1727104187012,28522,237480420,1,1576,1377,199,77629,24114,46157,46737,24.2000007629395,4171000,3890000,281000,6.69999980926514,39118,353708,471,4258.60009765625,0.5945845246315,1.93816864490509,18.9282002680454,16.5381546758239,2.39004559222147,7.36264527041782,15.93491784769,92894,1997,5,0,0,0,0,0,0,0,0,0,0,1,0
"North Carolina","NC",2007,1,0,1,1,1,0,0,1,0,0,0,1,9118037,36.8859443664551,35079,319850093,1,1676,1484,192,71306,33105,38471,65127,29.9500007629395,4509000,4305000,204000,4.5,42231,369893,466.100006103516,4082.19995117188,0.539519786834717,1.96728587150574,18.3811493636185,16.275432968741,2.10571639487754,7.42416528104203,16.0257650976547,103598,1997,10,0,0,0,0,0,0,0,0,0,0,0,1
"North Carolina","NC",1992,1,0,0,1,1,0,0,0,0,0,0,1,6832832,35.7617111206055,19100,131739626,0,1265,1072,193,74131,21451,33766,33772,21.8999996185303,NA,NA,NA,6.03000020980835,46600,350447,681,5121.2001953125,0.455490946769714,1.57437884807587,18.5135533845995,15.6889559116923,2.82459747290728,7.14282740116162,15.7372497868955,67538,1997,-5,0,1,0,0,0,0,0,0,0,0,0,0
"North Carolina","NC",2009,1,0,1,1,1,1,0,1,0,1,1,1,9449566,37.1503639221191,34934,330113231,1,1313,1149,164,71674,33429,40678,61912,30.1499996185303,4574000,4096000,478000,10.3999996185303,37946,343707,404.5,3663.89990234375,0.567541897296906,1.85204458236694,13.8948180265633,12.159288585317,1.7355294412463,7.1800698743028,16.0614793724894,102590,1997,12,0,0,0,0,0,0,0,0,0,0,0,1
"North Carolina","NC",2008,1,0,1,1,1,0,0,1,0,1,1,1,9309449,36.9955139160156,35729,332617073,1,1428,1228,200,71674,33429,37089,64623,30.1499996185303,4534000,4245000,289000,6.40000009536743,43125,372763,467.600006103516,4041.89990234375,0.517467975616455,1.93314182758331,15.3392536980438,13.1908988383738,2.14835485967,7.26403014289953,16.0465404638284,101712,1997,11,0,0,0,0,0,0,0,0,0,0,0,1
"North Carolina","NC",1988,1,0,0,1,1,0,0,0,0,0,0,1,6480598,35.1805419921875,15427,99974584,0,1573,1321,252,75242,18571,31809,26134,15.6999998092651,NA,NA,NA,3.63000011444092,32753,284557,501.899993896484,4360.39990234375,0.422755897045135,1.40724790096283,24.2724514003183,20.3839213603436,3.88853003997471,7.36073990305828,15.6843233480212,57943,1997,-9,1,0,0,0,0,0,0,0,0,0,0,0
"North Carolina","NC",2000,1,0,1,1,1,0,0,0,0,0,0,1,8081614,35.9279174804688,27859,225146238,1,1557,1372,185,76186,23628,44140,45364,22,3958000,3814000,144000,3.59999990463257,40051,355921,497.600006103516,4421.7998046875,0.579371511936188,1.91992557048798,19.2659535582867,16.9768068606098,2.28914669767697,7.350516171834,15.9051021630247,89504,1997,3,0,0,0,0,0,0,0,0,1,0,0,0
"North Carolina","NC",2001,1,0,1,1,1,0,0,0,0,0,0,1,8210122,36.0280532836914,28462,233678693,1,1530,1355,175,77412,23783,45314,46266,24.2999992370605,3995000,3773000,221000,5.5,40465,363777,493.100006103516,4433,0.585361421108246,1.94533908367157,18.6355330651603,16.504017845289,2.13151521987128,7.33302301438648,15.9208783412451,91580,1997,4,0,0,0,0,0,0,0,0,0,1,0,0
"North Carolina","NC",2006,1,0,1,1,1,0,0,1,0,0,0,1,8917270,36.7705955505371,33811,301498216,1,1554,1354,200,71190,32311,38033,63482,29.8999996185303,4451000,4242000,209000,4.69999980926514,42088,364549,475.200012207031,4116.2001953125,0.534246385097504,1.96471786499023,17.4268582200606,15.1840193242999,2.2428388957607,7.34858753092759,16.0035004039005,101515,1997,9,0,0,0,0,0,0,0,0,0,0,0,1
"North Carolina","NC",2004,1,0,1,1,1,0,0,0,0,0,0,1,8553152,36.4965782165527,30825,263653213,1,1573,1383,190,77986,24680,47183,48720,24.2999992370605,4243000,4016000,227000,5.40000009536743,38244,355328,447.799987792969,4160.5,0.605018854141235,1.97406804561615,18.3908809290423,16.1694776381853,2.22140329085698,7.36073990305828,15.9618104279472,95903,1997,7,0,0,0,0,0,0,0,0,0,0,0,1
"North Carolina","NC",2005,1,0,1,1,1,0,0,0,0,0,0,1,8705407,36.6235580444336,32302,281199046,1,1547,1342,205,71015,32113,38319,62949,26.6000003814697,4318000,4092000,226000,5.19999980926514,40650,353855,469,4080,0.539590239524841,1.96023416519165,17.7705648914519,15.4157065832763,2.3548583081756,7.34407285057307,15.9794548848301,101268,1997,8,0,0,0,0,0,0,0,0,0,0,0,1
"North Carolina","NC",1987,1,0,0,1,1,0,0,0,0,0,0,1,6403696,35.0198020935059,14260,91314637,0,1584,1332,252,74928,18306,29636,24964,15.5,NA,NA,NA,4.48000001907349,31039,267157,484,4165.89990234375,0.395526379346848,1.36370587348938,24.7357151245156,20.8004877183427,3.93522740617294,7.36770857237437,15.6723858816409,54600,1997,-10,1,0,0,0,0,0,0,0,0,0,0,0
"North Carolina","NC",1986,1,0,0,1,1,0,0,0,0,0,0,1,6321582,34.8187255859375,13410,84774932,0,1647,1373,274,75583,18047,29012,23854,15.5,NA,NA,NA,5.32999992370605,30128,244121,475.899993896484,3856,0.383842915296555,1.32177090644836,26.0536049362327,21.7192468594096,4.33435807682318,7.40671073017764,15.6594800512548,52866,1997,-11,1,0,0,0,0,0,0,0,0,0,0,0
"North Dakota","ND",2008,0,1,1,1,1,0,0,0,0,0,0,1,657569,38.0573616027832,40880,26881499,1,104,96,8,84945,1897,5613,2207,23,373000,361000,12000,3.20000004768372,1441,13029,224.600006103516,2031.09997558594,0.0660780519247055,1.16341590881348,15.8158307341131,14.5992283699505,1.21660236416254,4.64439089914137,13.3963049804937,7820,1997,11,0,0,0,0,0,0,0,0,0,0,0,1
"North Dakota","ND",1987,0,0,0,1,1,0,0,0,0,0,0,1,661167,34.5536155700684,13854,9159694,0,101,90,11,84496,1747,4175,1506,13,NA,NA,NA,5.09999990463257,382,18656,56.7999992370605,2776.19995117188,0.0494106225669384,0.862049221992493,15.2760195230554,13.6122946245049,1.66372489855059,4.61512051684126,13.4017617344276,5681,1997,-10,1,0,0,0,0,0,0,0,0,0,0,0
"North Dakota","ND",1990,0,0,0,1,1,0,0,0,0,0,0,1,637376,35.6297264099121,16128,10284578,0,112,98,14,84706,1811,4348,1562,17,NA,NA,NA,4.01999998092651,472,18196,73.9000015258789,2848.5,0.0513304844498634,0.862506926059723,17.5720453860829,15.3755397128226,2.19650567326037,4.71849887129509,13.3651150272913,5910,1997,-7,1,0,0,0,0,0,0,0,0,0,0,0
"North Dakota","ND",1984,0,0,0,1,1,0,0,0,0,0,0,1,680498,33.8454742431641,12478,8491449,0,100,89,11,84353,1614,4045,1332,13,NA,NA,NA,5.21999979019165,368,17354,53.5999984741211,2529.69995117188,0.0479532442986965,0.82527881860733,14.6951203383405,13.078657101123,1.61646323721745,4.60517018598809,13.4305801620539,5377,1997,-13,1,0,0,0,0,0,0,0,0,0,0,0
"North Dakota","ND",1983,0,0,0,1,1,0,0,0,0,0,0,1,676685,33.7475700378418,11654,7885941,0,116,105,11,84306,1505,4055,1308,13,NA,NA,NA,5.59000015258789,365,17828,53.7000007629395,2621.80004882812,0.0480985939502716,0.869103014469147,17.142392693794,15.5168209728308,1.62557172096323,4.75359019110636,13.4249611555789,5363,1997,-14,1,0,0,0,0,0,0,0,0,0,0,0
"North Dakota","ND",2007,0,1,1,1,1,0,0,0,0,0,0,1,652822,37.9610366821289,36127,23584383,1,111,106,5,84945,1897,5627,2217,23,370000,358000,12000,3.20000004768372,1343,12796,209.899993896484,2000.30004882812,0.0662428662180901,1.16868734359741,17.0031034493323,16.2371978885515,0.765905560780734,4.70953020131233,13.3890597830446,7844,1997,10,0,0,0,0,0,0,0,0,0,0,0,1
"North Dakota","ND",1994,0,0,0,1,1,0,0,0,0,0,0,1,639594,36.1489601135254,19445,12538394,0,88,80,8,84912,1819,4705,1633,18,NA,NA,NA,3.84999990463257,522,16933,81.8000030517578,2654.10009765625,0.0554103069007397,0.897746026515961,13.7587281931976,12.5079347210887,1.25079347210887,4.47733681447821,13.3685888790349,6338,1997,-3,0,0,0,1,0,0,0,0,0,0,0,0
"North Dakota","ND",1985,0,0,0,1,1,0,0,0,0,0,0,1,676991,34.0330505371094,12971,8781408,0,90,82,8,84353,1627,4053,1334,13,NA,NA,NA,5.98000001907349,322,18032,47,2632.39990234375,0.0480480827391148,0.819913923740387,13.2941206013078,12.1124209923027,1.18169960900514,4.49980967033027,13.4254132578622,5387,1997,-12,1,0,0,0,0,0,0,0,0,0,0,0
"North Dakota","ND",1986,0,0,0,1,1,0,0,0,0,0,0,1,669489,34.2916221618652,13307,8908968,0,100,96,4,84479,1694,4179,1453,13,NA,NA,NA,6.23999977111816,348,17343,51.2999992370605,2554.19995117188,0.0494679138064384,0.857733190059662,14.9367652045067,14.3392945963265,0.597470608180269,4.60517018598809,13.4142700138066,5632,1997,-11,1,0,0,0,0,0,0,0,0,0,0,0
"North Dakota","ND",2011,0,1,1,1,1,1,0,1,0,0,0,1,677564,38.1489753723145,47218,32332079,1,148,138,10,84932,1919,6764,2367,23,391000,377000,14000,3.59999990463257,1699,13334,248.100006103516,1947.30004882812,0.0796401798725128,1.23345494270325,21.8429550566441,20.367079714979,1.47587534166514,4.99721227376411,13.4262592922191,9131,1997,14,0,0,0,0,0,0,0,0,0,0,0,1
"North Dakota","ND",2012,0,1,1,1,1,1,0,1,0,0,0,1,693688,37.9284172058105,54871,38389622,1,170,160,10,84929,1922,7633,2449,23,396000,383000,13000,3.20000004768372,1712,14063,244.699996948242,2010.09997558594,0.0898750722408295,1.27419352531433,24.5066946523509,23.0651243786832,1.4415702736677,5.13579843705026,13.4497775706797,10082,1997,15,0,0,0,0,0,0,0,0,0,0,0,1
"North Dakota","ND",2009,0,1,1,1,1,0,0,0,0,0,0,1,664968,38.0947303771973,40005,26601995,1,140,135,5,84945,1899,5907,2247,23,364000,349000,15000,4.19999980926514,1723,12813,266.399993896484,1980.80004882812,0.0695391148328781,1.18325436115265,21.0536446866616,20.3017288049951,0.751915881666486,4.9416424226093,13.4074941981794,8154,1997,12,0,0,0,0,0,0,0,0,0,0,0,1
"North Dakota","ND",2010,0,1,1,1,1,0,0,0,0,0,0,1,674499,38.1302871704102,43232,29153772,1,105,96,9,84923,1919,5959,2303,23,372000,358000,14000,3.79999995231628,1548,12010,229.5,1780.19995117188,0.0701694488525391,1.20010423660278,15.5671098103926,14.232786112359,1.33432369803365,4.65396035015752,13.4217254720492,8262,1997,13,0,0,0,0,0,0,0,0,0,0,0,1
"North Dakota","ND",1989,0,1,0,1,1,0,0,0,0,0,0,1,646341,35.1776008605957,14699,9500748,0,81,68,13,84579,1805,4285,1564,17,NA,NA,NA,4.21999979019165,417,16485,63.2000007629395,2497.69995117188,0.0506626926362514,0.866482019424438,12.5320844569662,10.5207622601692,2.01132219679705,4.39444915467244,13.3790825072708,5849,1997,-8,1,0,0,0,0,0,0,0,0,0,0,0
"North Dakota","ND",2003,0,1,0,1,1,0,0,0,0,0,0,1,638817,37.4697113037109,29569,18889029,1,105,98,7,84947,1835,5581,1887,21,346000,333000,14000,4,508,13364,80.1999969482422,2109.89990234375,0.0656997859477997,1.02833783626556,16.4366320871235,15.3408566146486,1.0957754724749,4.65396035015752,13.3673733073671,7468,1997,6,0,0,0,0,0,0,0,0,0,0,0,1
"North Dakota","ND",2004,0,1,1,1,1,0,0,0,0,0,0,1,644705,37.5798873901367,29815,19221957,1,100,93,7,84935,1846,5614,1980,21,359000,347000,12000,3.40000009536743,558,12493,87.6999969482422,1963.40002441406,0.0660976022481918,1.07258939743042,15.510970133627,14.4252022242731,1.08576790935389,4.60517018598809,13.3765481268139,7594,1997,7,0,0,0,0,0,0,0,0,0,0,0,1
"North Dakota","ND",2005,0,1,1,1,1,0,0,0,0,0,0,1,646089,37.7148475646973,31576,20400591,1,123,112,11,84947,1846,5585,1985,23,361000,349000,12000,3.40000009536743,706,12848,111,2025,0.0657468810677528,1.0752979516983,19.0376248473508,17.335073031734,1.70255181561673,4.81218435537242,13.378692544173,7570,1997,8,0,0,0,0,0,0,0,0,0,0,0,1
"North Dakota","ND",2006,0,1,1,1,1,0,0,0,0,0,0,1,649422,37.8510704040527,32851,21334131,1,111,107,4,84968,1870,5580,2310,23,361000,349000,12000,3.29999995231628,1255,13359,197.399993896484,2100.89990234375,0.0656717792153358,1.23529410362244,17.0921219176437,16.4761895962872,0.615932321356529,4.70953020131233,13.3838380155024,7890,1997,9,0,0,0,0,0,0,0,0,0,0,0,1
"North Dakota","ND",1993,0,0,0,1,1,0,0,0,0,0,0,1,637315,36.002311706543,18023,11556804,0,89,84,5,84909,1818,4581,1577,18,NA,NA,NA,4.3600001335144,522,17387,82.1999969482422,2738.10009765625,0.0539518781006336,0.867436766624451,13.9648368546166,13.1802954582899,0.784541396326777,4.48863636973214,13.3650193178213,6158,1997,-4,0,0,1,0,0,0,0,0,0,0,0,0
"North Dakota","ND",1997,0,1,0,1,1,0,0,0,0,0,0,1,640965,36.7187118530273,21233,13795443,1,105,99,6,84889,1830,5346,1777,20,NA,NA,NA,2.53999996185303,559,16821,87.1999969482422,2624.19995117188,0.0629763603210449,0.971038222312927,16.3815496946011,15.4454611406239,0.936088553977206,4.65396035015752,13.370730132228,7123,1997,0,0,0,0,0,0,1,0,0,0,0,0,0
"North Dakota","ND",1998,0,1,0,1,1,0,0,0,0,0,0,1,637808,36.6990547180176,23365,15129325,1,92,88,4,84768,1835,5541,1792,20,347027,336643,10384,2.99227428436279,570,16535,89.3000030517578,2591.69995117188,0.0653666481375694,0.976566731929779,14.4244035822693,13.7972556004315,0.627147981837795,4.52178857704904,13.3657925765964,7333,1997,1,0,0,0,0,0,0,1,0,0,0,0,0
"North Dakota","ND",1995,0,1,0,1,1,0,0,0,0,0,0,1,641374,36.340259552002,19400,12567744,0,74,71,3,85010,1820,4861,1684,18,NA,NA,NA,3.25,556,17817,86.6999969482422,2779.60009765625,0.0571815073490143,0.925274729728699,11.5377299360436,11.0699841278256,0.467745808217982,4.30406509320417,13.3713680290928,6545,1997,-2,0,0,0,0,1,0,0,0,0,0,0,0
"North Dakota","ND",1996,0,1,0,1,1,0,0,0,0,0,0,1,642805,36.5576667785645,21617,14058995,0,85,81,4,84985,1823,5021,1720,20,NA,NA,NA,3.0699999332428,541,16648,84,2585.10009765625,0.0590810142457485,0.943499743938446,13.2232947783542,12.6010220829023,0.622272695451964,4.44265125649032,13.3735966912844,6741,1997,-1,0,0,0,0,0,0,0,0,0,0,0,0
"North Dakota","ND",2001,0,1,0,1,1,0,0,0,0,0,0,1,639062,37.1385231018066,26523,16949698,1,105,102,3,84756,1835,5375,1860,21,339000,329000,10000,2.79999995231628,505,14834,79.3000030517578,2330.39990234375,0.063417337834835,1.0136239528656,16.4303307034372,15.960892683339,0.469438020098206,4.65396035015752,13.367756755257,7235,1997,4,0,0,0,0,0,0,0,0,0,1,0,0
"North Dakota","ND",1988,0,0,0,1,1,0,0,0,0,0,0,1,655273,34.890323638916,12923,8468691,0,104,91,13,84533,1778,4224,1541,17,NA,NA,NA,4.82000017166138,392,17695,59.0999984741211,2668.89990234375,0.0499686524271965,0.866704165935516,15.871247556362,13.8873416118168,1.98390594454525,4.64439089914137,13.3928072216761,5765,1997,-9,1,0,0,0,0,0,0,0,0,0,0,0
"North Dakota","ND",2002,0,1,0,1,1,0,0,0,0,0,0,1,638168,37.3234977722168,27102,17295536,1,97,94,3,84753,1835,5444,1892,21,346000,332000,14000,4,496,14762,78.1999969482422,2328.69995117188,0.0642337128520012,1.03106272220612,15.1997593110278,14.7296636622331,0.470095648794675,4.57471097850338,13.3663568505476,7336,1997,5,0,0,0,0,0,0,0,0,0,0,1,0
"North Dakota","ND",2000,0,1,0,1,1,0,0,0,0,0,0,1,642023,36.9160461425781,25872,16610687,1,86,79,7,84776,1835,5372,1845,21,339000,329000,10000,3,523,14171,81.4000015258789,2206.60009765625,0.0633669942617416,1.00544953346252,13.395158740419,12.3048551220128,1.09030361840619,4.45434729625351,13.3723794075756,7217,1997,3,0,0,0,0,0,0,0,0,1,0,0,0
"North Dakota","ND",1991,0,0,0,1,1,0,0,0,0,0,0,1,634207,35.6963920593262,16365,10404127,0,94,87,7,84814,1811,4401,1550,17,NA,NA,NA,4.28000020980835,415,17326,65.4000015258789,2728.5,0.0518900193274021,0.855880737304688,14.8216591743705,13.7179185975557,1.10374057681483,4.54329478227,13.3601306785531,5951,1997,-6,1,0,0,0,0,0,0,0,0,0,0,0
"North Dakota","ND",1992,0,0,0,1,1,0,0,0,0,0,0,1,635478,35.8697929382324,17870,11404890,0,88,81,7,84823,1825,4497,1575,17,NA,NA,NA,5.07999992370605,530,17935,83.3000030517578,2820,0.0530162826180458,0.863013684749603,13.8478436704339,12.7463106511948,1.10153301923906,4.47733681447821,13.3621327506017,6072,1997,-5,0,1,0,0,0,0,0,0,0,0,0,0
"North Dakota","ND",1999,0,1,0,1,1,0,0,0,0,0,0,1,633666,36.9162254333496,23686,15259954,1,119,115,4,84781,1835,5441,1821,20,337000,325000,11000,3.40000009536743,424,14748,66.9000015258789,2327.39990234375,0.064177118241787,0.992370545864105,18.7796094472482,18.1483620708701,0.631247376378092,4.77912349311153,13.359277280724,7262,1997,2,0,0,0,0,0,0,0,1,0,0,0,0
"Ohio","OH",1983,0,0,0,0,0,0,0,0,0,0,0,0,10737635,34.5567436218262,12012,128976171,0,1582,1334,248,82827,29425,31989,41225,12,NA,NA,NA,12.1700000762939,42759,441362,397.899993896484,4107.2001953125,0.386214643716812,1.40101957321167,14.7332257056605,12.4235923459868,2.30963335967371,7.3664451483276,16.1892654179546,73214,NA,NA,0,0,0,0,0,0,0,0,0,0,0,0
"Ohio","OH",1984,0,0,0,0,0,0,0,0,0,0,0,0,10737746,34.7169036865234,13265,142435327,0,1646,1422,224,81640,30149,32838,42057,12,NA,NA,NA,9.43000030517578,41430,418011,385.299987792969,3887.80004882812,0.402229309082031,1.3949716091156,15.3291016569027,13.2430027679925,2.08609888891021,7.40610338123702,16.1892757553731,74895,NA,NA,0,0,0,0,0,0,0,0,0,0,0,0
"Ohio","OH",1985,0,0,0,0,0,0,0,0,0,0,0,0,10734920,34.8936347961426,14095,151309915,0,1646,1401,245,82518,30466,32893,42656,12,NA,NA,NA,8.85999965667725,41000,408882,381.600006103516,3805.69995117188,0.398616045713425,1.40011811256409,15.3331370890514,13.0508657726373,2.2822713164141,7.40610338123702,16.1890125370083,75549,NA,NA,0,0,0,0,0,0,0,0,0,0,0,0
"Ohio","OH",1986,0,1,0,0,0,0,0,0,0,0,0,0,10730268,35.0752105712891,14764,158423738,0,1673,1452,221,82349,30939,35728,45620,12,NA,NA,NA,8.13000011444092,45260,423387,420.899993896484,3937.80004882812,0.433860749006271,1.47451436519623,15.5914092732819,13.531814862406,2.05959441087585,7.42237370098682,16.1885790909958,81348,NA,NA,0,0,0,0,0,0,0,0,0,0,0,0
"Ohio","OH",1987,0,1,0,0,0,0,0,0,0,0,0,1,10760081,35.2647323608398,15427,165991725,0,1772,1544,228,81041,31113,33999,45158,14.6999998092651,NA,NA,NA,6.98000001907349,45436,447964,421.299987792969,4154,0.419528394937515,1.45141899585724,16.4682775157548,14.3493343591001,2.11894315665468,7.47986413116503,16.1913536405506,79157,NA,NA,0,0,0,0,0,0,0,0,0,0,0,0
"Ohio","OH",1988,0,1,0,0,0,0,0,0,0,0,0,1,10798562,35.4069290161133,16482,177986996,0,1748,1532,216,82112,31228,35023,46967,14.8000001907349,NA,NA,NA,6.01000022888184,49144,455890,452,4193.2001953125,0.426527172327042,1.50400280952454,16.1873404995962,14.1870741678383,2.00026633175788,7.46622755621548,16.1949235350813,81990,NA,NA,0,0,0,0,0,0,0,0,0,0,0,0
"Ohio","OH",1989,0,1,0,0,0,0,0,0,0,0,0,1,10829211,35.5240440368652,17683,191496035,0,1772,1539,233,82126,31313,34452,49966,18,NA,NA,NA,5.53999996185303,51109,465143,468.600006103516,4264.60009765625,0.419501751661301,1.5956951379776,16.3631496329696,14.2115616733297,2.1515879596399,7.47986413116503,16.1977577631377,84418,NA,NA,0,0,0,0,0,0,0,0,0,0,0,0
"Ohio","OH",1990,0,1,0,0,0,0,0,0,0,0,0,1,10861801,35.7813835144043,18663,202763283,0,1638,1414,224,82172,31428,35628,51344,20,NA,NA,NA,5.73000001907349,54904,470469,506.200012207031,4337.2998046875,0.433578342199326,1.6337023973465,15.0803720303843,13.0180989322121,2.06227309817221,7.40123126441302,16.2007626966579,86972,NA,NA,0,0,0,0,0,0,0,0,0,0,0,0
"Ohio","OH",2010,0,1,1,0,1,0,0,0,0,0,1,1,11536182,38.319881439209,36274,418535061,0,1080,970,110,78185,45007,36159,75677,28,5853000,5263000,590000,10.1000003814697,36306,376836,314.700012207031,3266.10009765625,0.462480008602142,1.68144953250885,9.36184952699255,8.40832781590998,0.953521711082575,6.98471632011827,16.2609989150814,111836,NA,NA,0,0,0,0,0,0,0,0,0,0,0,0
"Ohio","OH",2011,0,1,1,0,1,0,0,0,0,0,1,1,11540394,38.5335311889648,38657,446135562,0,1017,893,124,78209,45038,36347,75643,28,5765000,5265000,5e+05,8.69999980926514,35218,380572,305.200012207031,3297.60009765625,0.464741915464401,1.67953729629517,8.81252407846734,7.73803736683514,1.0744867116322,6.92461239604856,16.2613639605758,111990,NA,NA,0,0,0,0,0,0,0,0,0,0,0,0
"Ohio","OH",2012,0,1,1,0,1,1,0,1,0,0,1,1,11543534,38.74169921875,40057,462423562,0,1123,986,137,78228,45053,36484,76231,28,5717000,5305000,412000,7.19999980926514,34595,359883,299.700012207031,3117.39990234375,0.466380327939987,1.69202935695648,9.72838993673861,8.54157834160665,1.18681159513196,7.02375895473844,16.2616360113307,112715,NA,NA,0,0,0,0,0,0,0,0,0,0,0,0
"Ohio","OH",1999,0,1,0,0,1,0,0,0,0,0,0,1,11256654,36.4221229553223,27239,308765225,0,1430,1284,146,82874,33494,41503,63984,22,5749000,5503000,246000,4.30000019073486,35616,414264,316.399993896484,3680.19995117188,0.500796377658844,1.91031229496002,12.7035973567279,11.4065867175095,1.29701063921837,7.26542972325395,16.2364699784339,105487,NA,NA,0,0,0,0,0,0,0,0,0,0,0,0
"Ohio","OH",2000,0,1,0,0,1,0,0,0,0,0,0,1,11363543,36.4890441894531,28620,325227532,0,1366,1238,128,83419,33546,41884,64014,22,5783000,5546000,237000,4.09999990463257,37935,420939,334.100006103516,3707.69995117188,0.502091825008392,1.90824544429779,12.0208987637042,10.8944895091258,1.12640925457844,7.21964204013074,16.2459208064345,105898,NA,NA,0,0,0,0,0,0,0,0,0,0,0,0
"Ohio","OH",1991,0,1,0,0,0,0,0,0,0,0,0,1,10930648,35.8345565795898,18921,207108772,0,1636,1436,200,82178,31387,36531,56471,21,NA,NA,NA,6.44999980926514,61460,489100,561.799987792969,4471.2001953125,0.444535046815872,1.79918432235718,14.9670906976421,13.1373730084438,1.8297176891983,7.40000951716269,16.2070811447631,93002,NA,NA,0,0,0,0,0,0,0,0,0,0,0,0
"Ohio","OH",1992,0,1,0,0,0,0,0,0,0,0,0,1,11002680,35.9646530151367,20026,220875279,0,1439,1269,170,82255,31568,37429,57792,21,NA,NA,NA,7.28999996185303,57935,456017,525.900024414062,4139.60009765625,0.455036163330078,1.8307147026062,13.0786317515369,11.5335536432942,1.54507810824272,7.27170370688737,16.2136494374518,95221,NA,NA,0,0,0,0,0,0,0,0,0,0,0,0
"Ohio","OH",1993,0,1,0,0,1,0,0,0,0,0,0,1,11063366,36.096305847168,20733,230156611,0,1478,1305,173,82255,31568,38200,58792,22,NA,NA,NA,6.55999994277954,55915,441550,504.100006103516,3981.19995117188,0.464409470558167,1.86239230632782,13.3594061698763,11.7956867738083,1.56371939606807,7.29844510150815,16.2191498477203,96992,NA,NA,0,0,0,0,0,0,0,0,0,0,0,0
"Ohio","OH",1994,0,1,0,0,1,0,0,0,0,0,0,1,11099679,36.2041435241699,21774,242833296,0,1370,1229,141,81379,33085,37753,60447,22,NA,NA,NA,5.53000020980835,53930,441380,485.799987792969,3975.69995117188,0.463915765285492,1.82702136039734,12.3426992798621,11.0723922736865,1.27030700617558,7.22256601882217,16.2224267469455,98200,NA,NA,0,0,0,0,0,0,0,0,0,0,0,0
"Ohio","OH",1996,0,1,0,0,1,0,0,0,0,0,0,1,11169546,36.4983787536621,23692,266366914,0,1391,1253,138,81451,33191,39424,63666,22,NA,NA,NA,4.92999982833862,47896,449935,428.700012207031,4027,0.484021067619324,1.91817057132721,12.4535052722823,11.2180029519553,1.23550232032707,7.23777819192344,16.2287015256357,103090,NA,NA,0,0,0,0,0,0,0,0,0,0,0,0
"Ohio","OH",1997,0,1,0,0,1,0,0,0,0,0,0,1,11192932,36.5847434997559,25018,282135240,0,1440,1291,149,81703,33096,40072,63603,22,NA,NA,NA,4.59000015258789,48706,455799,435.399993896484,4074.69995117188,0.490459352731705,1.92177307605743,12.8652617562583,11.5340645328677,1.33119722339062,7.27239839257005,16.2307930656274,103675,NA,NA,0,0,0,0,0,0,0,0,0,0,0,0
"Ohio","OH",1998,0,1,0,0,1,0,0,0,0,0,0,1,11237752,36.2995834350586,26394,298553530,0,1422,1264,158,82755,33464,40780,64144,22,5736743,5488882,247861,4.32058763504028,40628,444438,362.5,3965,0.4927798807621,1.91680610179901,12.6537763068628,11.2478011616558,1.40597514520698,7.25981961036319,16.2347893824272,104924,NA,NA,0,0,0,0,0,0,0,0,0,0,0,0
"Ohio","OH",2002,0,1,0,0,1,0,0,0,0,0,0,1,11407889,36.8062477111816,29878,340841801,0,1418,1314,104,84968,39917,43154,64707,22,5828000,5497000,331000,5.69999980926514,40128,428976,351.700012207031,3760.10009765625,0.507885336875916,1.62103867530823,12.429994716814,11.5183448927317,0.911649824082265,7.25700270709207,16.2498156915749,107861,NA,NA,0,0,0,0,0,0,0,0,0,0,0,0
"Ohio","OH",2003,0,1,0,0,1,0,0,0,0,0,0,1,11434788,36.9776916503906,30639,350348502,0,1274,1162,112,80259,43262,37017,71921,24,5915000,5552000,363000,6.09999990463257,38185,417483,333.899993896484,3650.10009765625,0.461219310760498,1.66245198249817,11.141439613922,10.1619723951157,0.97946721880633,7.14991683613211,16.2521708456957,108938,NA,NA,0,0,0,0,0,0,0,0,0,0,0,0
"Ohio","OH",2004,0,1,1,0,1,0,0,0,0,0,0,1,11452251,37.1422233581543,31766,363796209,0,1286,1167,119,80273,44479,37824,73830,26,5884000,5514000,370000,6.30000019073486,38787,419337,338.700012207031,3662.30004882812,0.471192061901093,1.65988445281982,11.2292334493891,10.190136419469,1.03909702992014,7.15929190479756,16.2536968625289,111654,NA,NA,0,0,0,0,0,0,0,0,0,0,0,0
"Ohio","OH",2005,0,1,1,0,1,0,0,0,0,0,0,1,11463320,37.3230438232422,32746,375381483,0,1321,1211,110,80370,44470,37127,73364,28,5910000,5558000,352000,6,40162,420705,350,3668,0.461950987577438,1.64974141120911,11.5237121531982,10.5641297634542,0.959582389743983,7.18614430452233,16.2546629306108,110491,NA,NA,0,0,0,0,0,0,0,0,0,0,0,0
"Ohio","OH",2006,0,1,1,0,1,0,0,0,0,0,0,1,11481213,37.527416229248,34412,395086238,0,1238,1121,117,80513,44594,36749,74498,28,5961000,5639000,322000,5.40000009536743,41491,423334,361.5,3688.19995117188,0.45643562078476,1.67058348655701,10.7828327895319,9.76377670199133,1.01905608754058,7.12125245324454,16.2562226052948,111247,NA,NA,0,0,0,0,0,0,0,0,0,0,0,0
"Ohio","OH",2007,0,1,1,0,1,0,0,0,0,0,0,1,11500468,37.7176933288574,35594,409348002,0,1255,1126,129,80480,44682,36625,74006,28,6015000,5681000,334000,5.59999990463257,40759,397681,355.399993896484,3468.10009765625,0.45508199930191,1.65628218650818,10.9125993829121,9.79090590052509,1.12169348238698,7.13489085156588,16.2578982881576,110631,NA,NA,0,0,0,0,0,0,0,0,0,0,0,0
"Ohio","OH",2008,0,1,1,0,1,0,0,0,0,0,0,1,11515391,37.9118728637695,36386,419004250,0,1191,1068,123,78260,44713,35406,72896,28,5979000,5593000,386000,6.5,40436,391667,352,3410,0.452415019273758,1.63030886650085,10.3426796363232,9.27454395599767,1.06813568032557,7.0825485693553,16.2591950463704,108302,NA,NA,0,0,0,0,0,0,0,0,0,0,0,0
"Ohio","OH",2009,0,1,1,0,1,0,0,0,0,0,1,1,11528896,38.1144409179688,35511,409401905,0,1022,909,113,78260,44713,36336,74255,28,5920000,5313000,608000,10.3000001907349,38305,376446,331.899993896484,3261.30004882812,0.464298486709595,1.6607027053833,8.86468227313352,7.88453638579097,0.980145887342552,6.92951677076365,16.2603671374441,110591,NA,NA,0,0,0,0,0,0,0,0,0,0,0,0
"Ohio","OH",2001,0,1,0,0,1,0,0,0,0,0,0,1,11387404,36.635913848877,29407,334872927,0,1378,1261,117,83665,33603,42005,64584,22,5857000,5606000,251000,4.30000019073486,40023,435115,351.399993896484,3820.19995117188,0.502061784267426,1.92197120189667,12.1010899411314,11.0736389083939,1.02745103273758,7.2283884515736,16.2480183902184,106589,NA,NA,0,0,0,0,0,0,0,0,0,0,0,0
"Ohio","OH",1995,0,1,0,0,1,0,0,0,0,0,0,1,11137663,36.357307434082,22693,254220678,0,1360,1222,138,81424,33139,38163,62625,22,NA,NA,NA,4.76999998092651,53799,437424,482.5,3922.69995117188,0.468694746494293,1.88976728916168,12.2108201693659,10.9717810639449,1.23903910542095,7.2152399787301,16.2258429858954,100788,NA,NA,0,0,0,0,0,0,0,0,0,0,0,0
"Oklahoma","OK",2004,1,0,1,0,1,0,0,0,0,0,0,1,3525233,36.5972557067871,29210,102972021,1,774,717,57,97601,15112,22428,24015,17,1714000,1630000,84000,4.90000009536743,17635,149472,500.5,4242.10009765625,0.229792729020119,1.58913445472717,21.9559955327775,20.3390811330769,1.61691439970067,6.65157187358973,15.0754570913348,46443,1995,9,0,0,0,0,0,0,0,0,0,0,0,1
"Oklahoma","OK",2009,1,0,1,0,1,0,0,0,0,0,0,1,3717572,36.9848518371582,34636,128760775,1,737,692,45,97268,16057,21444,25553,17,1779000,1668000,111000,6.19999980926514,18560,132350,503.399993896484,3589.60009765625,0.220463052392006,1.59139311313629,19.8247673481509,18.6142998709911,1.21046747715982,6.60258789218934,15.1285813249836,46997,1995,14,0,0,0,0,0,0,0,0,0,0,0,1
"Oklahoma","OK",2003,1,0,1,0,1,0,0,0,0,0,0,1,3504892,36.4744033813477,27724,97170772,1,671,628,43,97585,14991,21933,23792,17,1696000,1600000,96000,5.69999980926514,17758,151208,506.399993896484,4312.2998046875,0.22475790977478,1.58708560466766,19.1446697929637,17.9178131594354,1.22685663352822,6.50876913697168,15.069670264852,45725,1995,8,0,0,0,0,0,0,0,0,0,0,0,1
"Oklahoma","OK",1988,0,1,0,0,0,0,0,0,0,0,0,1,3167058,35.2189254760742,14308,45314601,0,638,567,71,99298,12105,16204,16184,16,NA,NA,NA,6.69000005722046,14179,168194,434.5,5154.60009765625,0.163185566663742,1.33696818351746,20.1448789381186,17.9030507177324,2.24182822038624,6.45833828334479,14.9683136392148,32388,1995,-7,1,0,0,0,0,0,0,0,0,0,0,0
"Oklahoma","OK",1989,0,1,0,0,0,0,0,0,0,0,0,1,3150299,35.5005226135254,15338,48320406,0,648,576,72,99578,12091,16259,16577,17,NA,NA,NA,5.57000017166138,15847,161558,491.5,5011.10009765625,0.163279041647911,1.37101972103119,20.5694761036968,18.2839787588416,2.2854973448552,6.47389069635227,14.9630079269321,32836,1995,-6,1,0,0,0,0,0,0,0,0,0,0,0
"Oklahoma","OK",2002,1,0,1,0,1,0,0,0,0,0,0,1,3489080,36.3516845703125,26911,93894566,1,739,679,60,99122,13409,23130,22601,17,1693000,1617000,76000,4.5,17587,148128,504,4244.7001953125,0.233348801732063,1.68550968170166,21.1803684638931,19.4607174384078,1.71965102548523,6.6052979209482,15.0651486491121,45731,1995,7,0,0,0,0,0,0,0,0,0,0,0,1
"Oklahoma","OK",2007,1,0,1,0,1,0,0,0,0,0,0,1,3634349,36.8565292358398,34639,125888636,1,766,696,70,97288,15634,22928,24644,17,1732000,1655000,77000,4.40000009536743,18234,128714,504.100006103516,3558.30004882812,0.235671415925026,1.57630801200867,21.0766770059782,19.1506099166591,1.92606708931916,6.64118216974059,15.1059405607513,47572,1995,12,0,0,0,0,0,0,0,0,0,0,0,1
"Oklahoma","OK",2008,1,0,1,0,1,0,0,0,0,0,0,1,3668976,36.9439888000488,37636,138084900,1,750,692,58,97268,16057,23265,25234,17,1753000,1687000,65000,3.70000004768372,19359,126535,531.5,3474,0.239184513688087,1.5715264081955,20.4416709185342,18.8608483675009,1.58082255103331,6.62007320653036,15.1154231620241,48499,1995,13,0,0,0,0,0,0,0,0,0,0,0,1
"Oklahoma","OK",2005,1,0,1,0,1,0,0,0,0,0,0,1,3548597,36.6956977844238,31168,110603715,1,803,744,59,97621,15316,22659,24360,17,1745000,1665000,80000,4.59999990463257,18044,143406,509,4047,0.232111945748329,1.59049355983734,22.6286614118199,20.9660324911507,1.66262892066921,6.68835471394676,15.0820628720674,47019,1995,10,0,0,0,0,0,0,0,0,0,0,0,1
"Oklahoma","OK",2006,1,0,1,0,1,0,0,0,0,0,0,1,3594090,36.8045196533203,33746,121286643,1,765,710,55,97446,15640,23140,25549,17,1710000,1644000,66000,3.90000009536743,17905,129728,500.200012207031,3624.5,0.237464845180511,1.63356781005859,21.2849427810656,19.7546527771981,1.53029000386746,6.63987583382654,15.0948013877483,48689,1995,11,0,0,0,0,0,0,0,0,0,0,0,1
"Oklahoma","OK",1983,0,0,0,0,0,0,0,0,0,0,0,1,3290404,34.3506698608398,11811,38862241,0,848,755,93,98124,11948,15555,14010,6.57999992370605,NA,NA,NA,9.02999973297119,13964,148599,423.399993896484,4505.7001953125,0.15852390229702,1.1725811958313,25.7719112911363,22.9455106424621,2.82640064867414,6.7428806357919,15.0065209115553,29565,1995,-12,1,0,0,0,0,0,0,0,0,0,0,0
"Oklahoma","OK",1984,0,0,0,0,0,0,0,0,0,0,0,1,3285528,34.4498596191406,12685,41677246,0,797,701,96,97910,12301,15308,15673,9,NA,NA,NA,7.03000020980835,13438,147917,407.5,4485.10009765625,0.156347662210464,1.27412402629852,24.2578970564244,21.335992266692,2.92190478973243,6.68085467879022,15.0050379275787,30981,1995,-11,1,0,0,0,0,0,0,0,0,0,0,0
"Oklahoma","OK",1985,0,0,0,0,0,0,0,0,0,0,0,1,3271332,34.5743637084961,13271,43412788,0,744,655,89,98369,12305,15600,15581,10,NA,NA,NA,7.15000009536743,13930,165150,422,5003,0.158586546778679,1.26623320579529,22.7430294448867,20.0224251161301,2.7206043287566,6.61204103483309,15.0007077993828,31181,1995,-10,1,0,0,0,0,0,0,0,0,0,0,0
"Oklahoma","OK",1986,0,0,0,0,0,0,0,0,0,0,0,1,3252731,34.7666053771973,13409,43617097,0,698,628,70,98595,12406,15832,15001,10,NA,NA,NA,8.22000026702881,14423,184342,436.399993896484,5577.7001953125,0.160576090216637,1.20917296409607,21.4588910057426,19.306853225797,2.15203777994553,6.54821910276237,14.9950055091374,30833,1995,-9,1,0,0,0,0,0,0,0,0,0,0,0
"Oklahoma","OK",1987,0,1,0,0,0,0,0,0,0,0,0,1,3210117,34.9586181640625,13533,43441363,0,597,532,65,98748,12334,16192,15414,16,NA,NA,NA,7.32999992370605,13664,183495,417.600006103516,5608,0.163972944021225,1.24971628189087,18.5974529900312,16.5726046745337,2.02484831549753,6.3919171133926,14.9818179430401,31606,1995,-8,1,0,0,0,0,0,0,0,0,0,0,0
"Oklahoma","OK",2001,1,0,0,0,1,0,0,0,0,0,0,1,3467100,36.2664260864258,26558,92080337,1,682,628,54,99327,13366,21670,21857,17,1665000,1602000,64000,3.79999995231628,17726,141679,510.899993896484,4083.5,0.218168273568153,1.63526856899261,19.6706180958149,18.1131204753252,1.55749762048975,6.52502965784346,15.0588290676316,43527,1995,6,0,0,0,0,0,0,0,0,0,0,0,1
"Oklahoma","OK",2012,1,0,1,0,1,0,0,0,0,1,0,1,3793436,37.306339263916,40620,154958271,1,708,635,73,96675,16146,21795,26077,17,1816000,1723000,92000,5.09999990463257,17902,129743,469.299987792969,3401,0.225446075201035,1.61507499217987,18.6638182376083,16.7394414984199,1.92437673918843,6.56244409369372,15.1487827626545,47872,1995,17,0,0,0,0,0,0,0,0,0,0,0,1
"Oklahoma","OK",1990,0,1,0,0,0,0,0,0,0,0,0,1,3147088,35.6955909729004,16177,50937697,0,641,581,60,99682,12083,16495,16586,17,NA,NA,NA,5.69000005722046,17222,158889,547.5,5051.2001953125,0.165476217865944,1.37267231941223,20.3680354664375,18.4615110858038,1.90652438063378,6.46302945692067,14.9619881387951,33081,1995,-5,0,1,0,0,0,0,0,0,0,0,0,0
"Oklahoma","OK",1991,0,1,0,0,0,0,0,0,0,0,0,1,3166450,35.7419357299805,16514,52439756,0,652,597,55,99844,12417,16922,17318,17,NA,NA,NA,6.73000001907349,18533,161449,583.700012207031,5085,0.16948439180851,1.39470076560974,20.5908825340681,18.8539215841084,1.73696094995973,6.48004456192665,14.9681216445092,34240,1995,-4,0,0,1,0,0,0,0,0,0,0,0,0
"Oklahoma","OK",1992,0,1,0,0,0,0,0,0,0,0,0,1,3204323,35.8328514099121,17347,55864894,0,613,544,69,100151,12281,17367,17752,17,NA,NA,NA,5.75,20005,154459,622.799987792969,4808.7998046875,0.173408150672913,1.44548487663269,19.1304060171212,16.9770650461892,2.15334097093208,6.41836493593621,14.9800113935749,35119,1995,-3,0,0,0,1,0,0,0,0,0,0,0,0
"Oklahoma","OK",1993,0,1,0,0,0,0,0,0,0,0,0,1,3229393,35.9176559448242,17861,58089453,0,671,604,67,99673,12794,17613,17916,17,NA,NA,NA,6.11999988555908,20512,150546,634.799987792969,4659.39990234375,0.176707834005356,1.4003438949585,20.7778985091006,18.7032052153454,2.0746932937552,6.50876913697168,14.987804751842,35529,1995,-2,0,0,0,0,1,0,0,0,0,0,0,0
"Oklahoma","OK",1994,0,1,0,0,0,0,0,0,0,0,0,1,3248257,36.003173828125,18498,60689343,0,687,630,57,99673,12794,18326,18654,17,NA,NA,NA,5.82000017166138,21225,160250,651.5,4918.7001953125,0.18386122584343,1.4580272436142,21.1498043412205,19.3950170814686,1.75478725975192,6.53233429222235,14.9936291027492,36980,1995,-1,0,0,0,0,0,0,0,0,0,0,0,0
"Oklahoma","OK",1995,0,1,0,0,0,0,0,0,0,0,0,1,3271276,36.115291595459,19144,63331439,1,669,614,55,99561,12956,18385,20104,17,NA,NA,NA,4.71000003814697,21770,161693,664.099975585938,4932.7001953125,0.184660658240318,1.55171346664429,20.4507354316786,18.7694343124823,1.6813011191963,6.50578406012823,15.000690680827,38489,1995,0,0,0,0,0,0,1,0,0,0,0,0,0
"Oklahoma","OK",1996,0,1,0,0,0,0,0,0,0,0,0,1,3295928,36.2535057067871,20075,67053665,1,772,706,66,99630,13034,18759,20668,17,NA,NA,NA,4.03999996185303,19710,166892,597.099975585938,5055.7998046875,0.188286662101746,1.58569896221161,23.4228417611064,21.4203708333434,2.00247092776298,6.64898455002478,15.0081983251127,39427,1995,1,0,0,0,0,0,0,1,0,0,0,0,0
"Oklahoma","OK",1997,0,1,0,0,0,0,0,0,0,0,0,1,3321611,36.3504867553711,20984,70777794,1,838,764,74,99515,13077,21000,20400,17,NA,NA,NA,4.11999988555908,18560,163698,559.5,4935.10009765625,0.211023464798927,1.55999088287354,25.2287218461162,23.0008872200869,2.22783462602936,6.73101810048208,15.0159604641652,41400,1995,2,0,0,0,0,0,0,0,1,0,0,0,0
"Oklahoma","OK",1998,1,0,0,0,1,0,0,0,0,0,0,1,3339478,36.1044654846191,22110,75287977,1,755,704,51,99366,13158,21187,20843,17,1640974,1569494,71480,4.35594940185547,18053,149426,539.400024414062,4464.5,0.213221833109856,1.58405530452728,22.6083238158778,21.0811390283152,1.52718478756261,6.62671774924902,15.0213250653136,42030,1995,3,0,0,0,0,0,0,0,0,1,0,0,0
"Oklahoma","OK",1999,1,0,0,0,1,0,0,0,0,0,0,1,3358044,36.221134185791,22783,78309009,1,741,668,73,99225,13285,21302,21267,17,1648000,1591000,57000,3.40000009536743,17066,140220,508.200012207031,4175.60009765625,0.214683800935745,1.60082805156708,22.066417235748,19.8925326767606,2.17388455898732,6.60800062529609,15.0268692195713,42569,1995,4,0,0,0,0,0,0,0,0,0,1,0,0
"Oklahoma","OK",2000,1,0,0,0,1,0,0,0,0,0,0,1,3454365,36.1510009765625,24802,85675144,1,650,601,49,99275,13359,21697,21658,17,1648000,1598000,50000,3,17177,140125,497.799987792969,4060.80004882812,0.218554526567459,1.62122917175293,18.8167724024531,17.3982772521144,1.41849515033877,6.47697236288968,15.0551492066858,43355,1995,5,0,0,0,0,0,0,0,0,0,0,1,0
"Oklahoma","OK",2011,1,0,1,0,1,0,0,0,0,0,0,1,3762503,37.2104682922363,38960,147429565,1,696,643,53,96673,16135,21572,25892,17,1768000,1657000,110000,6.19999980926514,17311,127618,457.5,3372.39990234375,0.223143994808197,1.60471022129059,18.4983241209376,17.0896873703489,1.40863675058864,6.54534966033442,15.1405949853811,47464,1995,16,0,0,0,0,0,0,0,0,0,0,0,1
"Oklahoma","OK",2010,1,0,1,0,1,0,0,0,0,0,0,1,3761702,37.0700187683105,35926,135062585,1,668,590,78,96784,16089,21773,25973,17,1745000,1621000,125000,7.19999980926514,18100,129464,481.399993896484,3443,0.224964872002602,1.61433279514313,17.7579191546805,15.6843896725472,2.07352948213335,6.50428817353665,15.1403820725211,47746,1995,15,0,0,0,0,0,0,0,0,0,0,0,1
"Oregon","OR",1983,0,0,1,0,1,0,0,0,0,0,0,1,2653058,34.810848236084,11879,31515361,0,550,468,82,125097,8372,11332,9225,8,NA,NA,NA,10.8100004196167,12986,153412,487.799987792969,5763,0.0905857086181641,1.10188722610474,20.7307944266578,17.6400214394107,3.09077298724717,6.30991827822652,14.7912234949239,20557,NA,NA,0,0,0,0,0,0,0,0,0,0,0,0
"Oregon","OR",1984,0,0,1,0,1,0,0,0,0,0,0,1,2666592,35.0597190856934,12829,34210317,0,572,489,83,126474,8448,11555,9388,9,NA,NA,NA,9.35999965667725,13533,153423,506.100006103516,5737.60009765625,0.0913626551628113,1.11126899719238,21.4506006168173,18.338013464377,3.11258715244027,6.3491389913798,14.796311810584,20943,NA,NA,0,0,0,0,0,0,0,0,0,0,0,0
"Oregon","OR",1985,0,0,1,0,1,0,0,0,0,0,0,1,2672648,35.2933616638184,13428,35887128,0,559,473,86,85582,8418,11733,9725,10,NA,NA,NA,8.77999973297119,14807,166023,551.099975585938,6178.7001953125,0.137096583843231,1.15526258945465,20.9155863398397,17.6978038260182,3.2177825138215,6.3261494731551,14.7985802992067,21458,NA,NA,0,0,0,0,0,0,0,0,0,0,0,0
"Oregon","OR",1986,0,0,1,0,1,0,0,0,0,0,0,1,2683531,35.5423698425293,14105,37850551,0,619,537,82,86088,8490,12417,10324,11,NA,NA,NA,8.4399995803833,14830,176207,549.700012207031,6531,0.144236132502556,1.2160187959671,23.0666237878377,20.0109482618237,3.05567552601405,6.4281052726846,14.8026440226098,22741,NA,NA,0,0,0,0,0,0,0,0,0,0,0,0
"Oregon","OR",1987,0,0,1,0,1,0,0,0,0,0,0,1,2700999,35.8024673461914,14754,39849695,0,619,535,84,85388,8527,13676,9656,12,NA,NA,NA,6.17999982833862,14697,175138,539.5,6429.39990234375,0.160163015127182,1.1324028968811,22.9174464707318,19.8074860449782,3.10996042575358,6.4281052726846,14.8091322625414,23332,NA,NA,0,0,0,0,0,0,0,0,0,0,0,0
"Oregon","OR",1988,1,0,1,0,1,0,0,0,0,0,0,1,2741307,36.0064086914062,15834,43406648,0,677,594,83,84900,8695,13838,11366,14,NA,NA,NA,5.82000017166138,14959,178520,545.700012207031,6513,0.162991762161255,1.30718803405762,24.6962489060875,21.6684960859911,3.0277528200964,6.51767127291227,14.8239453719317,25204,NA,NA,0,0,0,0,0,0,0,0,0,0,0,0
"Oregon","OR",1989,0,0,1,0,1,0,0,0,0,0,0,1,2790568,36.1144905090332,17130,47801914,0,626,560,66,86325,9105,14192,11628,16,NA,NA,NA,5.69999980926514,14625,159119,518.599975585938,5642.5,0.164401963353157,1.27710044384003,22.4327090398801,20.0675991411068,2.3651098987733,6.4393503711001,14.8417557173065,25820,NA,NA,0,0,0,0,0,0,0,0,0,0,0,0
"Oregon","OR",1990,0,0,1,0,1,0,0,0,0,0,0,1,2858519,35.991096496582,18056,51648010,0,579,497,82,86559,8410,14639,12099,18,NA,NA,NA,5.57999992370605,14405,146073,506.799987792969,5139.2001953125,0.169121637940407,1.43864452838898,20.2552440616977,17.3866257317163,2.86861832998136,6.361302477573,14.8658142165068,26738,NA,NA,0,0,0,0,0,0,0,0,0,0,0,0
"Oregon","OR",1991,1,0,1,0,1,0,0,0,0,0,0,1,2918640,36.1259117126465,18554,54336794,0,482,419,63,86944,9358,13995,11767,20,NA,NA,NA,6.09000015258789,14795,153370,506.299987792969,5248.7998046875,0.16096568107605,1.2574268579483,16.5145410191048,14.3560014253214,2.15853959378341,6.1779441140506,14.886628312323,25762,NA,NA,0,0,0,0,0,0,0,0,0,0,0,0
"Oregon","OR",1992,1,0,1,0,1,0,0,0,0,0,0,1,2973972,36.2737312316895,19432,58134607,0,471,404,67,85743,9494,15536,12390,22,NA,NA,NA,7.59999990463257,15189,158100,510.200012207031,5310.7001953125,0.181192636489868,1.30503475666046,15.8374053286312,13.5845260143673,2.25287931426389,6.15485809401642,14.9054089910285,27926,NA,NA,0,0,0,0,0,0,0,0,0,0,0,0
"Oregon","OR",1993,1,0,1,0,1,0,0,0,0,0,0,1,3034869,36.456241607666,20356,62296088,0,523,449,74,86008,10028,14794,13558,24,NA,NA,NA,7.28000020980835,15254,159558,503.100006103516,5262.5,0.172007247805595,1.3520143032074,17.2330337816888,14.7947077781611,2.43832600352766,6.25958146406492,14.925678818447,28352,NA,NA,0,0,0,0,0,0,0,0,0,0,0,0
"Oregon","OR",1994,1,0,1,0,1,0,0,0,0,0,0,1,3087054,36.5710678100586,21391,66765638,0,494,411,83,73881,10148,15693,13760,24,NA,NA,NA,5.44999980926514,16067,178240,520.599975585938,5775.7998046875,0.212409138679504,1.35593223571777,16.0023115889777,13.3136640952831,2.68864749369464,6.20253551718792,14.9427277960427,29453,NA,NA,0,0,0,0,0,0,0,0,0,0,0,0
"Oregon","OR",2003,1,0,1,0,1,0,0,0,0,0,0,1,3547376,37.1420555114746,30144,106932078,0,512,455,57,54884,11067,17531,17567,24,1859000,1707000,152000,8.19999980926514,10506,169863,294.799987792969,4765.60009765625,0.319419145584106,1.5873316526413,14.4332035848469,12.8263820920027,1.60682149284429,6.23832462503951,15.0817187332123,35098,NA,NA,0,0,0,0,0,0,0,0,0,0,0,0
"Oregon","OR",2004,1,0,1,0,1,0,0,0,0,0,0,1,3569463,37.408145904541,31597,112783369,0,456,402,54,53502,12359,16519,19079,24,1850000,1710000,140000,7.59999990463257,10724,166475,298.600006103516,4635.39990234375,0.308754801750183,1.54373335838318,12.7750308659874,11.2621982634363,1.51283260255114,6.12249280951439,15.0879257222735,35598,NA,NA,0,0,0,0,0,0,0,0,0,0,0,0
"Oregon","OR",2005,1,0,1,0,1,0,0,0,0,0,0,1,3613202,37.607780456543,32542,117579338,0,487,427,60,51748,12795,15916,19366,24,1857000,1745000,112000,6,10444,160199,287,4402,0.307567447423935,1.51355993747711,13.4783496743332,11.817772712403,1.66057696193017,6.18826412308259,15.1001049177836,35282,NA,NA,0,0,0,0,0,0,0,0,0,0,0,0
"Oregon","OR",2006,1,0,1,0,1,0,0,0,0,0,0,1,3670883,37.7879371643066,34644,127173356,0,478,416,62,51659,12698,15990,19493,24,1905000,1802000,103000,5.40000009536743,10534,137858,284.600006103516,3725.10009765625,0.309529811143875,1.53512358665466,13.0213902213718,11.3324232888926,1.68896693247919,6.16961073249146,15.1159427905464,35483,NA,NA,0,0,0,0,0,0,0,0,0,0,0,0
"Oregon","OR",2010,1,0,1,0,1,1,1,1,1,0,1,1,3838957,38.4508628845215,35869,137671666,0,317,248,69,46252,12899,14931,18843,24,2e+06,1780000,221000,11,9648,116657,251.399993896484,3039.30004882812,0.322818458080292,1.4608108997345,8.2574511774943,6.46008798744034,1.79736319005397,5.75890177387728,15.1607112730867,33774,NA,NA,0,0,0,0,0,0,0,0,0,0,0,0
"Oregon","OR",2011,1,0,1,0,1,1,1,1,1,0,1,1,3865313,38.7057456970215,37744,146001498,0,331,269,62,46237,12911,14666,18707,30,2005000,1818000,188000,9.39999961853027,9643,121869,249.300003051758,3150.5,0.317191869020462,1.44891953468323,8.56334273576292,6.959332918188,1.60400981757493,5.80211837537706,15.1675532199071,33373,NA,NA,0,0,0,0,0,0,0,0,0,0,0,0
"Oregon","OR",2012,1,0,1,0,1,1,1,1,1,0,1,1,3897273,38.9320182800293,39166,152721624,0,336,267,69,46390,12872,14531,18642,30,1958000,1785000,173000,8.89999961853027,9653,125723,247.600006103516,3224.19995117188,0.313235610723495,1.44825983047485,8.62141297260931,6.85094423716275,1.77046873544655,5.8171111599632,15.1757876357548,33173,NA,NA,0,0,0,0,0,0,0,0,0,0,0,0
"Oregon","OR",1999,1,0,1,0,1,0,0,0,0,0,0,1,3316154,36.7790336608887,26950,91466119,0,414,362,52,55977,10902,18421,16259,24,1760000,1660000,1e+05,5.69999980926514,12432,153434,374.899993896484,4626.89990234375,0.329081594944,1.49137771129608,12.4843418007728,10.9162602219318,1.56808157884103,6.02586597382531,15.0143162356547,34680,NA,NA,0,0,0,0,0,0,0,0,0,0,0,0
"Oregon","OR",2000,1,0,1,0,1,0,0,0,0,0,0,1,3429708,36.5838012695312,28867,99004242,0,451,392,59,55840,11064,18689,16321,24,1803000,1715000,87000,4.90000009536743,12000,153780,350.700012207031,4494.7001953125,0.334688395261765,1.47514462471008,13.1498075054786,11.4295444393517,1.72026306612691,6.11146733950268,15.0479856843229,35010,NA,NA,0,0,0,0,0,0,0,0,0,0,0,0
"Oregon","OR",2001,1,0,1,0,1,0,0,0,0,0,0,1,3467937,36.7528381347656,29322,101686711,0,488,414,74,55620,11164,17528,16870,24,1794000,1680000,114000,6.30000019073486,10650,164524,306.600006103516,4736.60009765625,0.315138429403305,1.51110708713531,14.0717665863019,11.937933128543,2.13383345775889,6.19031540585315,15.0590704506276,34398,NA,NA,0,0,0,0,0,0,0,0,0,0,0,0
"Oregon","OR",2002,1,0,1,0,1,0,0,0,0,0,0,1,3513424,36.9336090087891,29400,103294683,0,436,381,55,55470,11172,17846,16732,24,1834000,1695000,138000,7.5,10298,161145,292.5,4577.5,0.321723461151123,1.49767279624939,12.4095469263032,10.8441224287191,1.56542449758412,6.07764224334903,15.072101618528,34578,NA,NA,0,0,0,0,0,0,0,0,0,0,0,0
"Oregon","OR",2007,1,0,1,0,1,0,0,0,0,0,0,1,3722417,37.9342079162598,35796,133245788,0,455,390,65,46975,12782,15247,19503,24,1936000,1836000,1e+05,5.19999980926514,11015,132773,293.899993896484,3543,0.324576914310455,1.52581751346588,12.2232409748827,10.4770636927566,1.7461772821261,6.12029741895095,15.1298837464482,34750,NA,NA,0,0,0,0,0,0,0,0,0,0,0,0
"Oregon","OR",2008,1,0,1,0,1,0,0,0,1,0,1,1,3768748,38.0806503295898,36772,138582602,0,416,350,66,46260,12990,14748,18720,24,1968000,1842000,127000,6.40000009536743,9909,125169,261.399993896484,3302.60009765625,0.318806737661362,1.44110858440399,11.0381484779561,9.28690376751112,1.75124471044495,6.03068526026126,15.1422534087776,33468,NA,NA,0,0,0,0,0,0,0,0,0,0,0,0
"Oregon","OR",2009,1,0,1,0,1,1,1,1,1,0,1,1,3808600,38.2606468200684,35621,135667041,0,377,332,45,46234,12894,15103,18869,24,1966000,1741000,225000,11.5,9968,114780,260.600006103516,3000.30004882812,0.326664358377457,1.46339380741119,9.89865042272751,8.71711390012078,1.18153652260673,5.93224518744801,15.1527722255069,33972,NA,NA,0,0,0,0,0,0,0,0,0,0,0,0
"Oregon","OR",1996,1,0,1,0,1,0,0,0,0,0,0,1,3195409,36.8519554138184,23873,77518926,0,526,458,68,73039,10151,15256,15063,24,NA,NA,NA,5.90000009536743,14837,177295,463.100006103516,5533.60009765625,0.208874717354774,1.48389315605164,16.461116558162,14.3330634669928,2.12805309116924,6.26530121273771,14.9772256501204,30319,NA,NA,0,0,0,0,0,0,0,0,0,0,0,0
"Oregon","OR",1997,1,0,1,0,1,0,0,0,0,0,0,1,3243272,36.9330825805664,24927,82365461,0,524,449,75,72976,10632,16582,15686,24,NA,NA,NA,5.82999992370605,14412,188916,444.399993896484,5825.2998046875,0.22722539305687,1.47535741329193,16.1565234121591,13.8440439161439,2.31247949601514,6.26149168432104,14.9920932547295,32268,NA,NA,0,0,0,0,0,0,0,0,0,0,0,0
"Oregon","OR",1995,1,0,1,0,1,0,0,0,0,0,0,1,3141180,36.6995964050293,22568,71865838,0,574,488,86,73789,10155,15641,14393,24,NA,NA,NA,4.84000015258789,16408,189765,522.400024414062,6041.5,0.211969256401062,1.41733133792877,18.2733877078041,15.5355630686557,2.73782463914835,6.35262939631957,14.9601090834691,30034,NA,NA,0,0,0,0,0,0,0,0,0,0,0,0
"Oregon","OR",1998,1,0,1,0,1,0,0,0,0,0,0,1,3282055,36.649471282959,26091,87469358,0,538,464,74,57791,10690,17301,16073,24,1779430,1678409,101021,5.67715501785278,13778,171545,419.799987792969,5226.7998046875,0.299371868371964,1.50355470180511,16.3921689307461,14.1374839848814,2.25468494586471,6.28785856016178,15.0039803085661,33374,NA,NA,0,0,0,0,0,0,0,0,0,0,0,0
"Pennsylvania","PA",1995,0,1,0,1,0,0,0,0,0,0,0,1,12039775,37.8982887268066,23578,287618316,0,1480,1263,217,85376,33272,40378,54142,22.3500003814697,NA,NA,NA,5.88000011444092,51586,354623,427.299987792969,2937.60009765625,0.472943216562271,1.62725412845612,12.2925885242872,10.4902292609289,1.80235926335833,7.29979736675816,16.3037263099627,94520,NA,NA,0,0,0,0,0,0,0,0,0,0,0,0
"Pennsylvania","PA",1996,0,1,0,1,0,0,0,0,0,0,0,1,12033856,38.0751838684082,24750,302456349,0,1469,1227,242,85750,33202,41830,54816,22.3500003814697,NA,NA,NA,5.30000019073486,57905,370851,480.299987792969,3076.10009765625,0.487813413143158,1.65098488330841,12.2072260130086,10.196233027884,2.01099298512464,7.29233717617388,16.3032345685948,96646,NA,NA,0,0,0,0,0,0,0,0,0,0,0,0
"Pennsylvania","PA",1997,0,1,0,1,0,0,0,0,0,0,0,1,12011278,38.19384765625,25980,317681646,0,1557,1367,190,85403,33727,43394,54621,22.3500003814697,NA,NA,NA,5.19000005722046,53140,359323,442.100006103516,2989.39990234375,0.508108615875244,1.61950361728668,12.9628171123839,11.3809704512709,1.581846661113,7.350516171834,16.3013565997188,98015,NA,NA,0,0,0,0,0,0,0,0,0,0,0,0
"Pennsylvania","PA",1998,0,1,0,1,0,0,0,0,0,0,0,1,12002329,37.9788093566895,27357,335002783,0,1481,1291,190,85143,34138,43987,55921,25.8999996185303,6068348,5787598,280750,4.62646484375,50470,342318,420.5,2852.39990234375,0.516624987125397,1.63808655738831,12.339271819661,10.7562457253088,1.58302609435219,7.3004728142678,16.3006112722539,99908,NA,NA,0,0,0,0,0,0,0,0,0,0,0,0
"Pennsylvania","PA",1999,0,1,0,1,0,0,0,0,0,0,0,1,11994016,38.1300277709961,28514,349685877,0,1549,1346,203,85096,34285,45614,56400,25.8999996185303,5969000,5707000,262000,4.40000009536743,50431,323021,420.5,2693.19995117188,0.536029875278473,1.6450343132019,12.9147735003855,11.2222628350671,1.69251066531844,7.34536484041687,16.29991841671,102014,NA,NA,0,0,0,0,0,0,0,0,0,0,0,0
"Pennsylvania","PA",2000,0,1,0,1,0,0,0,0,0,0,0,1,12284173,38.1323890686035,30482,374449638,0,1520,1330,190,85392,34250,45820,56517,25.8999996185303,5972000,5722000,250000,4.19999980926514,51584,316274,420,2575.30004882812,0.536584198474884,1.65013134479523,12.3736453402276,10.8269396726992,1.54670566752845,7.32646561384032,16.3238222438041,102337,NA,NA,0,0,0,0,0,0,0,0,0,0,0,0
"Pennsylvania","PA",2001,0,1,0,1,0,0,0,0,0,0,0,1,12298970,38.2624588012695,31493,387326110,0,1532,1324,208,85460,34526,45928,57076,26,6073000,5786000,287000,4.69999980926514,50432,313408,409.899993896484,2547.39990234375,0.537420988082886,1.65313100814819,12.456327643697,10.7651291124379,1.69119853125912,7.33432935030054,16.3250260769989,103004,NA,NA,0,0,0,0,0,0,0,0,0,0,0,0
"Pennsylvania","PA",2002,0,1,0,1,0,0,0,0,0,0,0,1,12331031,38.3912811279297,32154,396485887,0,1614,1427,187,85585,34713,46523,57953,26.6000003814697,6290000,5934000,356000,5.69999980926514,49578,300868,402.100006103516,2440.39990234375,0.543588221073151,1.66948986053467,13.0889298713141,11.5724305615646,1.51649930974953,7.3864708488299,16.3276294888386,104476,NA,NA,0,0,0,0,0,0,0,0,0,0,0,0
"Pennsylvania","PA",2003,0,1,0,1,0,0,0,0,0,0,0,1,12374658,38.5097770690918,33086,409423514,0,1577,1380,197,82733,37689,40550,65797,25.8999996185303,6170000,5826000,344000,5.59999990463257,49210,300639,397.799987792969,2430.19995117188,0.49013090133667,1.74578785896301,12.7437865353531,11.1518233473604,1.59196318799275,7.36327958696304,16.3311612296735,106347,NA,NA,0,0,0,0,0,0,0,0,0,0,0,0
"Pennsylvania","PA",2004,0,1,1,1,0,0,0,0,0,0,1,1,12410722,38.6183700561523,34680,430409867,0,1490,1321,169,76206,44416,39175,68895,26.2000007629395,6260000,5911000,350000,5.59999990463257,50998,299611,411.5,2417.30004882812,0.514067113399506,1.55113017559052,12.0057479331178,10.644022160838,1.36172577227981,7.3065313989395,16.3340713343765,108070,NA,NA,0,0,0,0,0,0,0,0,0,0,0,0
"Pennsylvania","PA",2005,0,1,1,1,0,0,0,0,0,0,1,1,12449990,38.7444610595703,35926,447274222,0,1616,1430,186,76186,44482,38886,69156,30,6282000,5972000,309000,4.90000009536743,52761,300444,425,2422,0.510408759117126,1.55469632148743,12.9799301043615,11.4859530007655,1.49397710359607,7.38770923908104,16.3372303776618,108042,NA,NA,0,0,0,0,0,0,0,0,0,0,0,0
"Pennsylvania","PA",2006,0,1,1,1,0,0,0,0,0,0,1,1,12510809,38.8740997314453,38113,476824522,0,1525,1339,186,76370,44924,39087,69191,31.2000007629395,6292000,5999000,293000,4.69999980926514,55028,304589,442.299987792969,2448.30004882812,0.511810898780823,1.54017901420593,12.1894595305547,10.7027451222379,1.48671440831684,7.32974968904151,16.3421035486176,108278,NA,NA,0,0,0,0,0,0,0,0,0,0,0,0
"Pennsylvania","PA",2007,0,1,1,1,0,0,0,0,0,0,1,1,12563937,39.0024375915527,39923,501591087,0,1491,1313,178,76451,45131,39034,69665,31.2000007629395,6301000,6030000,271000,4.30000019073486,51806,293850,416.700012207031,2363.5,0.510575413703918,1.54361748695374,11.8672992390841,10.4505458758668,1.41675336321728,7.30720231476474,16.3463411253015,108699,NA,NA,0,0,0,0,0,0,0,0,0,0,0,0
"Pennsylvania","PA",2008,0,1,1,1,0,0,0,0,0,0,1,1,12612285,39.1293029785156,41193,519542950,0,1468,1315,153,76484,45288,38742,69106,30,6403000,6063000,340000,5.30000019073486,51044,300294,410,2412.30004882812,0.506537318229675,1.52592301368713,11.6394451917317,10.4263422528114,1.21310293892027,7.29165620917446,16.3501818969179,107848,NA,NA,0,0,0,0,0,0,0,0,0,0,0,0
"Pennsylvania","PA",2009,0,1,1,1,0,0,0,0,0,0,1,1,12666858,39.2637214660645,40632,514678646,0,1256,1099,157,76484,45288,36701,66505,30,6397000,5893000,503000,7.90000009536743,48188,277182,382.299987792969,2199,0.479851990938187,1.46849060058594,9.91563969533723,8.67618473342008,1.23945496191715,7.13568734702814,16.3544995341716,103206,NA,NA,0,0,0,0,0,0,0,0,0,0,0,0
"Pennsylvania","PA",2010,0,1,1,1,0,0,0,0,0,0,1,1,12709630,39.423469543457,41680,529807759,0,1324,1152,172,73506,46180,35734,64595,31.2000007629395,6317000,5774000,543000,8.60000038146973,46612,276366,366.5,2173.10009765625,0.486137181520462,1.39876568317413,10.4172977498165,9.06399320829953,1.35330454151694,7.18841273649695,16.3578705318056,100329,NA,NA,0,0,0,0,0,0,0,0,0,0,0,0
"Pennsylvania","PA",2011,0,1,1,1,0,1,0,0,0,0,1,1,12734380,39.588565826416,43813,558345148,0,1286,1126,160,73620,46151,35649,63556,31.2000007629395,6395000,5895000,499000,7.80000019073486,46189,283442,362.399993896484,2224.10009765625,0.48422983288765,1.37713158130646,10.0986463416358,8.842205117171,1.2564412244648,7.15929190479756,16.3598159804834,99205,NA,NA,0,0,0,0,0,0,0,0,0,0,0,0
"Pennsylvania","PA",2012,0,1,1,1,0,1,0,0,0,0,1,1,12757882,39.7654571533203,45083,575424657,0,1310,1125,185,73592,46254,34680,64204,31.2000007629395,6499000,5991000,507000,7.80000019073486,44503,276496,348.700012207031,2166.30004882812,0.471246868371964,1.38807451725006,10.2681620663994,8.81807811045752,1.4500839559419,7.1777824161952,16.3616598346427,98884,NA,NA,0,0,0,0,0,0,0,0,0,0,0,0
"Pennsylvania","PA",1991,0,1,0,1,0,0,0,0,0,0,0,1,11942836,37.4460563659668,20258,242735125,0,1661,1409,252,88290,28398,39258,48024,22.3500003814697,NA,NA,NA,7,53824,371814,450,3108.60009765625,0.444648325443268,1.69110500812531,13.9079193585175,11.7978677761296,2.11005158238797,7.4151751096133,16.2956421586631,87282,NA,NA,0,0,0,0,0,0,0,0,0,0,0,0
"Pennsylvania","PA",1992,0,1,0,1,0,0,0,0,0,0,0,1,11981377,37.5555038452148,21269,256273828,0,1545,1303,242,85965,30823,37349,51851,22.3500003814697,NA,NA,NA,7.59000015258789,51276,356155,427,2965.69995117188,0.434467524290085,1.68221783638,12.8950119840149,10.8752107541562,2.01980122985864,7.34277918933185,16.2988640856156,89200,NA,NA,0,0,0,0,0,0,0,0,0,0,0,0
"Pennsylvania","PA",1993,0,1,0,1,0,0,0,0,0,0,0,1,12022460,37.652774810791,21943,265948470,0,1529,1292,237,84422,32616,38616,52090,22.3500003814697,NA,NA,NA,7.1100001335144,50295,343841,417.5,2853.89990234375,0.457416325807571,1.59706890583038,12.7178630662943,10.7465527021924,1.97131036410186,7.33236920592906,16.3022871250334,90706,NA,NA,0,0,0,0,0,0,0,0,0,0,0,0
"Pennsylvania","PA",1994,0,1,0,1,0,0,0,0,0,0,0,1,12039789,37.7525024414062,22605,275013814,0,1441,1243,198,85212,33233,39326,53021,22.3500003814697,NA,NA,NA,6.17999982833862,51425,342901,426.700012207031,2845.19995117188,0.461507767438889,1.59543228149414,11.9686482877731,10.3241011947967,1.64454709297646,7.27309259599952,16.3037274727744,92347,NA,NA,0,0,0,0,0,0,0,0,0,0,0,0
"Pennsylvania","PA",1987,0,0,0,1,0,0,0,0,0,0,0,1,11810864,37.0925254821777,15908,187890218,0,1987,1697,290,88414,27494,35225,43401,12,NA,NA,NA,5.65000009536743,44087,333476,369.399993896484,2793.89990234375,0.398409754037857,1.57856261730194,16.8234940305807,14.3681275137873,2.45536651679335,7.59438124255182,16.284530343838,78626,NA,NA,0,0,0,0,0,0,0,0,0,0,0,0
"Pennsylvania","PA",1988,0,1,0,1,0,0,0,0,0,0,0,1,11845753,37.2020950317383,17177,203473575,0,1931,1632,299,88382,27702,36728,44510,12,NA,NA,NA,5.09999990463257,43534,338486,362,2814.39990234375,0.415559738874435,1.60674321651459,16.3012009451826,13.7770895611279,2.52411138405469,7.56579328242851,16.2874799646815,81238,NA,NA,0,0,0,0,0,0,0,0,0,0,0,0
"Pennsylvania","PA",1989,0,1,0,1,0,0,0,0,0,0,0,1,11866008,37.3045463562012,18573,220382791,0,1877,1596,281,88447,27830,37839,46016,12,NA,NA,NA,4.51999998092651,45586,359008,378.600006103516,2981.80004882812,0.427815526723862,1.6534675359726,15.8182937345062,13.4501847630644,2.36810897144179,7.53743003658651,16.2891883999957,83855,NA,NA,0,0,0,0,0,0,0,0,0,0,0,0
"Pennsylvania","PA",1990,0,1,0,1,0,0,0,0,0,0,0,1,11895654,37.4025268554688,19587,233146636,0,1646,1351,295,88164,28344,38871,46837,18.2000007629395,NA,NA,NA,5.44000005722046,51213,361805,431,3045.10009765625,0.440894246101379,1.65244853496552,13.8369861799948,11.3570888998621,2.47989728013273,7.40610338123702,16.2916836812923,85708,NA,NA,0,0,0,0,0,0,0,0,0,0,0,0
"Pennsylvania","PA",1983,0,0,0,1,0,0,0,0,0,0,0,1,11837728,36.4672584533691,12412,146927334,0,1721,1432,289,87512,28089,34048,38254,12,NA,NA,NA,11.8000001907349,40782,339321,342.799987792969,2852.60009765625,0.389066636562347,1.36188542842865,14.5382627477165,12.0969158946717,2.44134685304477,7.45066079621154,16.2868022771146,72302,NA,NA,0,0,0,0,0,0,0,0,0,0,0,0
"Pennsylvania","PA",1984,0,0,0,1,0,0,0,0,0,0,0,1,11815171,36.6432266235352,13428,158657836,0,1727,1395,332,87059,28820,34304,39993,12,NA,NA,NA,9.09000015258789,38154,325960,320.600006103516,2738.89990234375,0.394031643867493,1.38768219947815,14.6168007217162,11.8068540861575,2.80994663555864,7.45414107814668,16.2848949416258,74297,NA,NA,0,0,0,0,0,0,0,0,0,0,0,0
"Pennsylvania","PA",1985,0,0,0,1,0,0,0,0,0,0,0,1,11770855,36.8259391784668,14310,168445610,0,1771,1479,292,86595,29068,33859,41569,12,NA,NA,NA,8.02000045776367,39240,320788,331.100006103516,2706.39990234375,0.391004085540771,1.430060505867,15.0456360221921,12.5649326238408,2.48070339835127,7.47929963778283,16.2811371189091,75428,NA,NA,0,0,0,0,0,0,0,0,0,0,0,0
"Pennsylvania","PA",1986,0,0,0,1,0,0,0,0,0,0,0,1,11782745,36.9443054199219,15049,177317494,0,1894,1616,278,86595,29068,34809,42827,12,NA,NA,NA,6.82999992370605,42629,326149,358.600006103516,2743.30004882812,0.401974707841873,1.47333836555481,16.0743527930037,13.714970492869,2.35938230013465,7.54644627374602,16.2821467311136,77636,NA,NA,0,0,0,0,0,0,0,0,0,0,0,0
"Rhode Island","RI",1983,0,0,0,1,0,0,0,0,0,0,0,0,956376,36.4482002258301,12597,12047270,0,100,73,27,2651,3638,1262,4752,13,NA,NA,NA,8.22999954223633,3392,44410,355.200012207031,4650.2998046875,0.476046770811081,1.30621218681335,10.4561385898433,7.63298117058563,2.8231574192577,4.60517018598809,13.7709064201486,6014,NA,NA,0,0,0,0,0,0,0,0,0,0,0,0
"Rhode Island","RI",1984,0,0,0,1,0,0,0,0,0,0,0,1,961901,36.5831871032715,13804,13278251,0,79,61,18,1736,4539,903,4397,13,NA,NA,NA,5.30000019073486,3220,42706,334.700012207031,4439.2998046875,0.520161271095276,0.96871554851532,8.21290340689946,6.34160895975781,1.87129444714165,4.36944785246702,13.7766668137493,5300,NA,NA,0,0,0,0,0,0,0,0,0,0,0,0
"Rhode Island","RI",1985,0,0,0,1,0,0,0,0,0,0,0,1,968950,36.6583061218262,14739,14281591,0,109,77,32,1612,4385,927,4896,13,NA,NA,NA,4.98999977111816,3355,42368,346.600006103516,4376.89990234375,0.575062036514282,1.11653363704681,11.2492904690645,7.94674647814645,3.302543990918,4.69134788222914,13.7839682899544,5823,NA,NA,0,0,0,0,0,0,0,0,0,0,0,0
"Rhode Island","RI",1986,0,0,0,1,0,0,0,0,0,0,0,1,977343,36.7114105224609,15702,15346271,0,124,91,33,1620,4377,945,4484,15,NA,NA,NA,4.11999988555908,3271,44528,335.5,4567,0.583333313465118,1.0244460105896,12.6874597761482,9.31095838410875,3.37650139203944,4.82028156560504,13.7925929441311,5429,NA,NA,0,0,0,0,0,0,0,0,0,0,0,0
"Rhode Island","RI",1987,0,0,0,1,0,0,0,0,0,0,0,1,989603,36.7376327514648,16651,16477841,0,113,92,21,1472,4380,935,5068,15,NA,NA,NA,3.85999989509583,3547,48568,359.700012207031,4925.7998046875,0.635190188884735,1.15707767009735,11.418720436377,9.29665734643084,2.12206308994617,4.72738781871234,13.8050591315837,6003,NA,NA,0,0,0,0,0,0,0,0,0,0,0,0
"Rhode Island","RI",1988,0,0,0,1,0,0,0,0,0,0,0,1,996417,36.7779235839844,18231,18165306,0,125,101,24,1468,4378,905,4948,15,NA,NA,NA,3.04999995231628,3947,47837,396.700012207031,4807.7001953125,0.616484999656677,1.13019645214081,12.544948550657,10.1363184289309,2.40863012172614,4.8283137373023,13.8119211236457,5853,NA,NA,0,0,0,0,0,0,0,0,0,0,0,0
"Rhode Island","RI",1989,0,0,0,1,0,0,0,0,0,0,0,1,1000665,36.838565826416,19779,19792368,0,100,87,13,1484,4400,889,5851,18,NA,NA,NA,4.01999998092651,3772,48372,378,4846.89990234375,0.599056601524353,1.32977271080017,9.99335441931116,8.69421834480071,1.29913607451045,4.60517018598809,13.8161753369498,6740,NA,NA,0,0,0,0,0,0,0,0,0,0,0,0
"Rhode Island","RI",1990,0,0,0,1,0,0,0,0,0,0,0,1,1004599,36.9734916687012,20181,20302351,0,84,70,14,1523,4588,976,6048,20,NA,NA,NA,6.78999996185303,4334,49378,431.899993896484,4920.7998046875,0.640840470790863,1.31822144985199,8.36154525337971,6.96795437781642,1.39359087556328,4.43081679884331,13.8200990148765,7024,NA,NA,0,0,0,0,0,0,0,0,0,0,0,0
"Rhode Island","RI",1991,0,0,0,1,0,0,0,0,0,0,0,1,1003785,36.9709434509277,20211,20426629,0,88,72,16,1523,4597,976,6176,26,NA,NA,NA,8.60999965667725,4638,45957,462,4577.39990234375,0.640840470790863,1.34348487854004,8.76681759540141,7.17285075987388,1.59396683552753,4.47733681447821,13.8192884128755,7152,NA,NA,0,0,0,0,0,0,0,0,0,0,0,0
"Rhode Island","RI",1992,0,1,0,1,0,0,0,0,0,0,0,1,1000410,37.0974807739258,21118,21383596,0,79,67,12,1523,4597,1146,6530,26,NA,NA,NA,9.01000022888184,3965,42044,394.5,4183.5,0.752462267875671,1.42049157619476,7.89676232744575,6.69725412580842,1.19950820163733,4.36944785246702,13.8159204739372,7676,NA,NA,0,0,0,0,0,0,0,0,0,0,0,0
"Rhode Island","RI",1993,0,1,0,1,0,0,0,0,0,0,0,1,997817,37.1461753845215,21968,22300298,0,74,60,14,1334,4723,901,6326,28,NA,NA,NA,7.84999990463257,4017,40973,401.700012207031,4097.2998046875,0.67541229724884,1.33940291404724,7.41618954176968,6.01312665548893,1.40306288628075,4.30406509320417,13.8133251717464,7227,NA,NA,0,0,0,0,0,0,0,0,0,0,0,0
"Rhode Island","RI",1994,0,1,0,1,0,0,0,0,0,0,0,1,993487,37.2888412475586,22500,22859096,0,63,45,18,1360,4613,882,6213,29,NA,NA,NA,7.07999992370605,3744,37323,375.5,3743.5,0.648529410362244,1.34684586524963,6.34130089271425,4.52950063765303,1.81180025506121,4.14313472639153,13.8089762558356,7095,NA,NA,0,0,0,0,0,0,0,0,0,0,0,0
"Rhode Island","RI",1995,0,1,0,1,0,0,0,0,0,0,0,1,989295,37.4534454345703,23695,24098078,0,69,53,16,1321,4572,898,5998,29,NA,NA,NA,6.96000003814697,3643,38378,368,3876.60009765625,0.679788053035736,1.31189846992493,6.97466377571907,5.3573504364219,1.61731333929718,4.23410650459726,13.8047478472199,6896,NA,NA,0,0,0,0,0,0,0,0,0,0,0,0
"Rhode Island","RI",1996,0,1,0,1,0,0,0,0,0,0,0,1,988130,37.6621322631836,24453,24964319,0,69,51,18,1360,4641,927,6193,29,NA,NA,NA,5.1399998664856,3437,36099,347.200012207031,3646.39990234375,0.681617617607117,1.33441066741943,6.98288686711263,5.16126420612672,1.8216226609859,4.23410650459726,13.8035695470216,7120,NA,NA,0,0,0,0,0,0,0,0,0,0,0,0
"Rhode Island","RI",1997,0,1,0,1,0,0,0,0,0,0,0,1,987263,37.7357559204102,25781,26435049,0,75,67,8,1344,4684,1023,6048,29,NA,NA,NA,5.28999996185303,3292,32777,333.5,3320.89990234375,0.761160731315613,1.29120409488678,7.59675993124426,6.78643887191154,0.810321059332721,4.31748811353631,13.8026917469528,7071,NA,NA,0,0,0,0,0,0,0,0,0,0,0,0
"Rhode Island","RI",1998,0,1,0,1,0,0,0,0,0,0,0,1,987704,37.393138885498,27409,28262791,0,74,62,12,1345,4705,1071,6912,29,534011,509550,24461,4.58061742782593,3084,31672,312.100006103516,3205.69995117188,0.796282529830933,1.46907544136047,7.49212314620575,6.27718425763184,1.2149388885739,4.30406509320417,13.8031383367007,7983,NA,NA,0,0,0,0,0,0,0,0,0,0,0,0
"Rhode Island","RI",1999,0,1,0,1,0,0,0,0,0,0,0,1,990819,37.4251518249512,28361,29506970,0,88,74,14,1333,4719,1103,7180,29,504000,483000,21000,4.09999990463257,2840,32657,286.600006103516,3296,0.827456891536713,1.52150881290436,8.88154143188615,7.4685689313588,1.41297250052734,4.47733681447821,13.8062871528366,8283,NA,NA,0,0,0,0,0,0,0,0,0,0,0,0
"Rhode Island","RI",2000,0,1,0,1,0,0,0,0,0,0,0,1,1050268,37.2920303344727,30201,31719233,0,80,70,10,1333,4720,1119,7240,29,505000,484000,21000,4.09999990463257,3121,33323,297.700012207031,3178.69995117188,0.839459836483002,1.53389835357666,7.61710344407332,6.66496551356416,0.952137930509165,4.38202663467388,13.8645559276612,8359,NA,NA,0,0,0,0,0,0,0,0,0,0,0,0
"Rhode Island","RI",2001,0,1,1,1,0,0,0,0,0,0,0,1,1057142,37.3959617614746,31555,33358100,0,81,69,12,1333,4719,1038,6953,29,504000,480000,24000,4.69999980926514,3278,35742,309.299987792969,3373,0.778694689273834,1.47340536117554,7.66216837473111,6.52703231921539,1.13513605551572,4.39444915467244,13.8710795983079,7991,NA,NA,0,0,0,0,0,0,0,0,0,0,0,0
"Rhode Island","RI",2002,0,1,1,1,0,0,0,0,0,0,0,1,1065995,37.5012969970703,32637,34790916,0,84,74,10,1333,4718,1048,7094,29,556000,528000,28000,5.09999990463257,3051,35342,285.600006103516,3308.19995117188,0.786196529865265,1.50360321998596,7.87996191351742,6.94187120952725,0.938090703990169,4.43081679884331,13.8794191932654,8142,NA,NA,0,0,0,0,0,0,0,0,0,0,0,0
"Rhode Island","RI",2003,0,1,1,1,0,0,0,0,0,0,0,1,1071342,37.6189231872559,33963,36386285,0,104,89,15,1223,5193,857,7508,29,573000,543000,30000,5.30000019073486,3074,32231,285.700012207031,2995.19995117188,0.700735867023468,1.44579243659973,9.70745102870979,8.30733789956895,1.40011312914083,4.64439089914137,13.8844226261867,8365,NA,NA,0,0,0,0,0,0,0,0,0,0,0,0
"Rhode Island","RI",2004,0,1,1,1,0,0,0,0,0,0,0,1,1074579,37.7653694152832,35473,38118500,0,83,76,7,1227,5192,881,7592,30,562000,532000,30000,5.40000009536743,2673,31166,247.5,2886,0.718011438846588,1.46224963665009,7.7239551489467,7.07253724481867,0.651417904128035,4.4188406077966,13.8874395149307,8473,NA,NA,0,0,0,0,0,0,0,0,0,0,0,0
"Rhode Island","RI",2005,0,1,1,1,0,0,0,0,0,0,0,1,1067916,37.9573860168457,36513,38992878,0,87,72,15,1266,5225,835,7465,30,570000,541000,29000,5.19999980926514,2710,29287,252,2728,0.659557640552521,1.42870807647705,8.14670816805816,6.74210331149641,1.40460485656175,4.46590811865458,13.8812196437237,8300,NA,NA,0,0,0,0,0,0,0,0,0,0,0,0
"Rhode Island","RI",2006,0,1,1,1,0,0,0,1,0,0,0,1,1063096,38.1944007873535,38809,41257610,0,81,65,16,1268,5260,879,7421,30,578000,548000,30000,5.19999980926514,2460,27914,230.399993896484,2614.60009765625,0.693217694759369,1.41083645820618,7.61925545764447,6.1142173425542,1.50503811509026,4.39444915467244,13.8766959636885,8300,NA,NA,0,0,0,0,0,0,0,0,0,0,0,0
"Rhode Island","RI",2007,0,1,1,1,0,0,0,1,0,0,0,1,1057315,38.380542755127,40788,43125881,0,69,55,14,1272,5239,924,7712,30,576000,548000,28000,4.90000009536743,2424,27576,229.100006103516,2606.80004882812,0.72641509771347,1.47203660011292,6.52596435310196,5.20185564377693,1.32410870932504,4.23410650459726,13.8712432337003,8636,NA,NA,0,0,0,0,0,0,0,0,0,0,0,0
"Rhode Island","RI",2008,0,1,1,1,0,0,0,1,0,0,0,1,1055003,38.564567565918,41842,44143873,0,65,51,14,1214,5190,874,7313,30,565000,520000,45000,7.90000009536743,2656,29895,252.800003051758,2845,0.719934105873108,1.40905582904816,6.16111992098601,4.83410947646594,1.32701044452006,4.17438726989564,13.8690541684902,8187,NA,NA,0,0,0,0,0,0,0,0,0,0,0,0
"Rhode Island","RI",2009,0,1,1,1,0,1,0,1,0,0,0,1,1053646,38.7906951904297,41257,43470708,0,83,67,16,1214,5187,873,7377,30,564000,501000,63000,11.1999998092651,2678,27558,254.300003051758,2616.60009765625,0.719110369682312,1.42220938205719,7.87740854138866,6.35887195509687,1.51853658629179,4.4188406077966,13.8677670882911,8250,NA,NA,0,0,0,0,0,0,0,0,0,0,0,0
"Rhode Island","RI",2010,0,1,1,1,0,1,0,1,0,0,0,1,1052886,38.9554824829102,42999,45267567,0,67,55,12,1223,5267,884,7396,32,572000,508000,65000,11.3000001907349,2709,26959,257.399993896484,2561.39990234375,0.72281277179718,1.40421497821808,6.36346195124638,5.22373742266494,1.13972452858144,4.20469261939097,13.8670455231471,8280,NA,NA,0,0,0,0,0,0,0,0,0,0,0,0
"Rhode Island","RI",2011,1,0,1,1,0,1,0,1,0,0,0,1,1046181,39.1834144592285,44621,46881303,0,66,52,14,1225,5260,879,7022,32,559000,497000,62000,11.1000003814697,2586,27976,246.100006103516,2662.69995117188,0.717550992965698,1.33498096466064,6.30865978258064,4.9704592226393,1.33820055994135,4.18965474202643,13.8606569487902,7901,NA,NA,0,0,0,0,0,0,0,0,0,0,0,0
"Rhode Island","RI",2012,1,0,1,1,0,1,0,1,0,0,0,1,1046424,39.3842315673828,45877,48184495,0,64,57,7,1224,5256,841,6965,32,557000,499000,59000,10.5,2651,27017,252.399993896484,2572.30004882812,0.687091529369354,1.32515215873718,6.11606767428882,5.44712277241348,0.668944901875339,4.15888308335967,13.8608891952019,7806,NA,NA,0,0,0,0,0,0,0,0,0,0,0,0
"South Carolina","SC",2003,0,1,0,0,1,0,0,0,0,0,0,1,4150297,36.4716606140137,26876,111544456,1,969,877,92,55546,10686,30817,17303,16,2003000,1866000,136000,6.80000019073486,33455,187592,806.400024414062,4521.7001953125,0.554801404476166,1.61922144889832,23.3477266807653,21.1310178524573,2.21670882830795,6.87626461189077,15.2386904559112,48120,1999,4,0,0,0,0,0,0,0,0,0,1,0,0
"South Carolina","SC",2004,0,1,1,0,1,0,0,0,0,0,0,1,4210921,36.6567230224609,28057,118146606,1,1046,938,108,55562,10687,32089,17462,16,2077000,1935000,142000,6.90000009536743,33160,190456,789.900024414062,4536.89990234375,0.577535033226013,1.63394773006439,24.8401715444199,22.2754119585715,2.56475958584832,6.95272864462487,15.2531919465786,49551,1999,5,0,0,0,0,0,0,0,0,0,0,1,0
"South Carolina","SC",2005,1,0,1,0,1,0,0,0,0,0,0,1,4270150,36.8575248718262,29354,125347404,1,1094,980,114,49787,16451,24471,24963,16,2079000,1939000,140000,6.69999980926514,32590,185606,767,4370,0.491513848304749,1.51741540431976,25.6197089095231,22.9500134655691,2.66969544395396,6.99759598298193,15.2671595133934,49434,1999,6,0,0,0,0,0,0,0,0,0,0,0,1
"South Carolina","SC",2007,1,0,1,0,1,0,0,0,0,0,0,1,4444110,37.2480278015137,32350,143767529,1,1077,947,130,49826,16423,25339,25770,16,2149000,2028000,121000,5.59999990463257,34630,189304,785.700012207031,4294.7998046875,0.508549749851227,1.56914079189301,24.2343236328534,21.3091035100391,2.92522012281424,6.98193467715639,15.3070901819106,51109,1999,8,0,0,0,0,0,0,0,0,0,0,0,1
"South Carolina","SC",2008,1,0,1,0,1,0,0,0,0,0,0,1,4528996,37.416187286377,33157,150165760,1,921,806,115,49833,16421,24188,25409,16,2135000,1993000,142000,6.69999980926514,32746,189950,731,4240.10009765625,0.485381186008453,1.54734790325165,20.3356328864057,17.7964387692107,2.53919411719507,6.82546003625531,15.3260108393408,49597,1999,9,0,0,0,0,0,0,0,0,0,0,0,1
"South Carolina","SC",2009,1,0,1,0,1,0,0,0,0,0,0,1,4589872,37.590633392334,32376,148602980,1,894,793,101,49840,16422,24252,24878,16,2133000,1881000,251000,11.8000001907349,30799,178310,675.200012207031,3909.19995117188,0.486597120761871,1.51491904258728,19.4776673510721,17.2771702565997,2.20049709447235,6.79570577517351,15.3393626949376,49130,1999,10,0,0,0,0,0,0,0,0,0,0,0,1
"South Carolina","SC",2006,1,0,1,0,1,0,0,0,0,0,0,1,4357847,37.0921401977539,31111,135575067,1,1045,901,144,49799,16443,24856,25343,16,2126000,1988000,137000,6.5,33322,184712,771.099975585938,4274.5,0.499126493930817,1.54126381874084,23.9797312755588,20.675347252898,3.30438402266073,6.95177216439891,15.2874886860228,50199,1999,7,0,0,0,0,0,0,0,0,0,0,0,1
"South Carolina","SC",1983,0,0,0,0,0,0,0,0,0,0,0,0,3234074,32.951904296875,9980,32274991,0,844,675,169,54263,9001,16122,8855,13,NA,NA,NA,10.0600004196167,20133,135590,616.799987792969,4154.10009765625,0.29710853099823,0.983779609203339,26.0971146609509,20.8715075783671,5.22560708258376,6.73815249459596,14.9892532007374,24977,1999,-16,1,0,0,0,0,0,0,0,0,0,0,0
"South Carolina","SC",1984,0,0,0,0,0,0,0,0,0,0,0,0,3271861,33.1735572814941,10990,35957343,0,916,762,154,54572,8767,16686,9285,13,NA,NA,NA,7.09000015258789,20607,133270,624.5,4038.5,0.305761188268661,1.05908524990082,27.9962993537928,23.2894979340504,4.70680141974246,6.82001636467413,15.0008694941398,25971,1999,-15,1,0,0,0,0,0,0,0,0,0,0,0
"South Carolina","SC",2011,1,0,1,0,1,0,0,0,0,0,0,1,4628418,38.1625480651855,34183,159747330,1,828,700,128,49623,16374,23401,25329,16,2167000,1941000,227000,10.5,27894,183243,596.900024414062,3921,0.471575677394867,1.54690361022949,17.8894818920849,15.1239581213278,2.76552377075709,6.71901315438526,15.3477256830097,48730,1999,12,0,0,0,0,0,0,0,0,0,0,0,1
"South Carolina","SC",2010,1,0,1,0,1,0,0,0,0,0,0,1,4636312,37.7888412475586,32688,151536772,1,809,704,105,49651,16372,23682,25442,16,2134000,1899000,235000,11,27923,181098,602.200012207031,3905.39990234375,0.476969242095947,1.55399465560913,17.4492139441867,15.1844828389461,2.26473110524054,6.69579891705849,15.3494297805733,49124,1999,11,0,0,0,0,0,0,0,0,0,0,0,1
"South Carolina","SC",2002,0,1,0,0,1,0,0,0,0,0,0,1,4107795,36.2706298828125,26242,107795878,1,1053,943,110,55520,10674,30342,16948,16,1968000,1851000,117000,6,33761,183808,822.700012207031,4479,0.546505749225616,1.58778345584869,25.634190605909,22.9563549300781,2.67783567583095,6.95939851213398,15.2283969461564,47290,1999,3,0,0,0,0,0,0,0,0,1,0,0,0
"South Carolina","SC",1988,0,0,0,0,0,0,0,0,0,0,0,1,3412091,34.0427322387695,14054,47953937,0,1031,900,131,54375,9327,20369,11390,15,NA,NA,NA,4.57999992370605,25889,163164,741.200012207031,4671.2001953125,0.374602288007736,1.22118580341339,30.2160757142761,26.3767877234224,3.8392879908537,6.93828448401696,15.0428358578125,31759,1999,-11,1,0,0,0,0,0,0,0,0,0,0,0
"South Carolina","SC",1989,0,0,0,0,0,0,0,0,0,0,0,1,3456770,34.2172546386719,15096,52182388,0,996,860,136,54699,9405,21165,11615,16,NA,NA,NA,4.71999979019165,28576,168772,813.700012207031,4805.60009765625,0.386935770511627,1.23498141765594,28.8130248758234,24.8787162582411,3.93430861758231,6.9037472575846,15.0558451850156,32780,1999,-10,1,0,0,0,0,0,0,0,0,0,0,0
"South Carolina","SC",1990,0,1,0,0,0,0,0,0,0,0,0,1,3498982,34.6017532348633,16003,56030614,0,979,845,134,54703,9343,22253,12123,16,NA,NA,NA,4.76999998092651,34050,176729,976.599975585938,5068.7001953125,0.40679669380188,1.29754900932312,27.9795666282364,24.1498813083348,3.82968531990162,6.88653164253051,15.0679826270096,34376,1999,-9,1,0,0,0,0,0,0,0,0,0,0,0
"South Carolina","SC",1991,0,1,0,0,0,0,0,0,0,0,0,1,3558707,34.7251052856445,16367,58438073,0,890,743,147,54724,9358,22252,12204,16,NA,NA,NA,6.30000019073486,34621,185359,972.5,5206.7001953125,0.40662232041359,1.30412483215332,25.0090833552748,20.8783695876058,4.13071376766899,6.79122146272619,15.0849078346071,34456,1999,-8,1,0,0,0,0,0,0,0,0,0,0,0
"South Carolina","SC",1992,0,1,0,0,0,0,0,0,0,0,0,1,3599351,34.9480667114258,17201,62275313,0,807,687,120,53612,10517,21113,13936,16,NA,NA,NA,6.32999992370605,34029,178298,944.5,4948.60009765625,0.393811076879501,1.3250926733017,22.4207086221933,19.0867742545809,3.33393436761238,6.69332366826995,15.0962641093966,35049,1999,-7,1,0,0,0,0,0,0,0,0,0,0,0
"South Carolina","SC",1993,0,1,0,0,0,0,0,0,0,0,0,1,3634842,35.1738510131836,17868,65456916,0,846,694,152,53637,10521,22150,13975,16,NA,NA,NA,7.63000011444092,37281,177779,1023.40002441406,4880,0.412961214780807,1.32829582691193,23.2747393146662,19.0929894614401,4.18174985322608,6.74051935960622,15.1060762017052,36125,1999,-6,1,0,0,0,0,0,0,0,0,0,0,0
"South Carolina","SC",1994,0,1,0,0,0,0,0,0,0,0,0,1,3666760,35.380485534668,18740,69440772,0,847,724,123,53735,10518,22969,14276,16,NA,NA,NA,6.28000020980835,37756,182114,1030.5,4970.39990234375,0.427449524402618,1.35729229450226,23.0994120149669,19.7449519466777,3.35446006828917,6.74170069465205,15.114818996316,37245,1999,-5,0,1,0,0,0,0,0,0,0,0,0,0
"South Carolina","SC",1995,0,1,0,0,0,0,0,0,0,0,0,1,3699305,35.6416358947754,19607,73499089,0,881,766,115,53750,10543,24039,14685,16,NA,NA,NA,5.07999992370605,36067,186656,981.900024414062,5081.7998046875,0.447237223386765,1.39286732673645,23.8152842223066,20.7065921842076,3.10869203809905,6.78105762593618,15.1236555221329,38724,1999,-4,0,0,1,0,0,0,0,0,0,0,0,0
"South Carolina","SC",1996,0,1,0,0,0,0,0,0,0,0,0,1,3736947,35.8622512817383,20584,78140441,0,930,808,122,53785,10574,24749,15007,16,NA,NA,NA,5.98000001907349,36875,192986,996.900024414062,5217.2001953125,0.460146874189377,1.41923582553864,24.8866253655725,21.6219282746049,3.26469709096757,6.8351845861473,15.1337795258677,39756,1999,-3,0,0,0,1,0,0,0,0,0,0,0,0
"South Carolina","SC",1997,0,1,0,0,0,0,0,0,0,0,0,1,3788119,36.0674018859863,21544,83155133,0,903,783,120,54190,10583,25781,15552,16,NA,NA,NA,4.53000020980835,37235,193402,990.299987792969,5143.7001953125,0.475751996040344,1.46952664852142,23.8376883091582,20.6698891983066,3.16779911085159,6.80572255341699,15.1473801477894,41333,1999,-2,0,0,0,0,1,0,0,0,0,0,0,0
"South Carolina","SC",1985,0,0,0,0,0,0,0,0,0,0,0,0,3303208,33.428409576416,11663,38524145,0,951,808,143,54192,9021,16824,9853,13,NA,NA,NA,6.86999988555908,21121,140892,631,4209.5,0.310451716184616,1.0922292470932,28.7901942596409,24.461069360452,4.32912489918891,6.85751406254539,15.010404675445,26677,1999,-14,1,0,0,0,0,0,0,0,0,0,0,0
"South Carolina","SC",1986,0,0,0,0,0,0,0,0,0,0,0,1,3342769,33.6027183532715,12313,41160765,0,1059,900,159,53982,9314,17896,10354,13,NA,NA,NA,6.21000003814697,22789,150752,674.599975585938,4462.7998046875,0.331517904996872,1.11165988445282,31.6803225110679,26.9237868366016,4.75653567446629,6.96508034560141,15.0223100634036,28250,1999,-13,1,0,0,0,0,0,0,0,0,0,0,0
"South Carolina","SC",1987,0,0,0,0,0,0,0,0,0,0,0,1,3380506,33.8424911499023,13052,44121630,0,1086,931,155,54104,9316,19394,10830,15,NA,NA,NA,5.57999992370605,22773,154021,664.900024414062,4497,0.358457773923874,1.16251611709595,32.1253682141076,27.5402558078584,4.58511240624924,6.99025650049388,15.0335359603967,30224,1999,-12,1,0,0,0,0,0,0,0,0,0,0,0
"South Carolina","SC",2001,0,1,0,0,1,0,0,0,0,0,0,1,4064995,36.0906639099121,25835,105018027,1,1060,928,132,55502,10667,29788,16813,16,1949000,1843000,106000,5.40000009536743,33114,186054,815.200012207031,4580.2001953125,0.536701381206512,1.57616949081421,26.0762928367686,22.829056370303,3.24723646646552,6.96602418710611,15.217923070951,46601,1999,2,0,0,0,0,0,0,0,1,0,0,0,0
"South Carolina","SC",2012,1,0,1,0,1,0,0,0,0,0,0,1,4679989,38.4149932861328,35056,165595079,1,863,726,137,49876,16368,23451,25586,16,2168000,1964000,203000,9.39999961853027,26397,180550,558.799987792969,3822.19995117188,0.470186054706573,1.56317210197449,18.4402142825549,15.5128569746638,2.92735730789111,6.76041469108343,15.3588063174637,49037,1999,13,0,0,0,0,0,0,0,0,0,0,0,1
"South Carolina","SC",1998,0,1,0,0,0,0,0,0,0,0,0,1,3839578,35.740478515625,22790,89318705,0,1002,870,132,54286,10608,26899,15922,16,1918307,1849079,69228,3.60880708694458,34647,186960,903.200012207031,4873.7998046875,0.495505273342133,1.50094270706177,26.0966179095724,22.6587401011257,3.43787780844666,6.90975328164481,15.1608730226916,42821,1999,-1,0,0,0,0,0,0,0,0,0,0,0,0
"South Carolina","SC",1999,0,1,0,0,1,0,0,0,0,0,0,1,3885736,35.9478225708008,23694,94177511,1,1065,939,126,54283,10621,27862,16284,16,1962000,1874000,88000,4.5,32920,173987,847.200012207031,4477.60009765625,0.513273060321808,1.53318893909454,27.407935073304,24.165306135054,3.24262893825005,6.97073007814353,15.1728229704306,44146,1999,0,0,0,0,0,0,1,0,0,0,0,0,0
"South Carolina","SC",2000,0,1,0,0,1,0,0,0,0,0,0,1,4024223,35.9120101928711,25124,101104226,1,1065,960,105,54299,10621,29009,16529,16,1985000,1909000,77000,3.90000009536743,33225,181290,828.099975585938,4518.7001953125,0.534245550632477,1.55625641345978,26.4647361739148,23.8555368328246,2.60919934109019,6.97073007814353,15.2078424067212,45538,1999,1,0,0,0,0,0,0,1,0,0,0,0,0
"South Dakota","SD",2011,0,1,1,1,0,0,0,0,0,0,0,1,819765,37.7637710571289,44843,36932455,1,111,103,8,79492,2968,6477,2525,22,443000,421000,22000,4.90000009536743,2105,15299,255.600006103516,1857.59997558594,0.081479899585247,0.850741267204285,13.5404658652175,12.5645764334901,0.975889431727385,4.70953020131233,13.6167729928011,9002,1995,16,0,0,0,0,0,0,0,0,0,0,0,1
"South Dakota","SD",1984,0,0,0,1,0,0,0,0,0,0,0,0,697239,34.6322555541992,11888,8289170,0,143,124,19,71622,1775,5098,1303,13,NA,NA,NA,4.34000015258789,1041,17403,147.5,2465,0.0711792483925819,0.734084486961365,20.5094666247872,17.7844325977176,2.72503402706963,4.96284463025991,13.4548835291014,6401,1995,-11,1,0,0,0,0,0,0,0,0,0,0,0
"South Dakota","SD",1985,0,0,0,1,0,0,0,0,0,0,0,0,698400,34.7425193786621,12194,8516375,0,130,119,11,71544,1749,4932,1345,13,NA,NA,NA,5.23000001907349,967,17730,136.600006103516,2504.19995117188,0.0689366012811661,0.769010841846466,18.6139747995418,17.0389461626575,1.57502863688431,4.86753445045558,13.4565472835075,6277,1995,-10,1,0,0,0,0,0,0,0,0,0,0,0
"South Dakota","SD",1986,0,0,0,1,0,0,0,0,0,0,0,0,695980,34.8838920593262,12778,8893996,0,134,118,16,71743,1724,4871,1367,13,NA,NA,NA,4.84000015258789,883,18346,124.699996948242,2591.19995117188,0.0678951293230057,0.792923450469971,19.2534268226098,16.9545101870743,2.2989166355355,4.89783979995091,13.4530762032715,6238,1995,-9,1,0,0,0,0,0,0,0,0,0,0,0
"South Dakota","SD",1987,0,0,0,1,0,0,0,0,0,0,0,1,696042,35.063835144043,13450,9361996,0,134,126,8,71743,1726,4831,1378,13,NA,NA,NA,4.23999977111816,849,18138,119.699996948242,2558.30004882812,0.0673375800251961,0.798377752304077,19.2517118219878,18.1023558923168,1.14935592967091,4.89783979995091,13.4531652823235,6209,1995,-8,1,0,0,0,0,0,0,0,0,0,0,0
"South Dakota","SD",1988,0,0,0,1,0,0,0,0,0,0,0,1,698148,35.217529296875,13974,9755985,0,147,131,16,71661,1759,5099,1535,18,NA,NA,NA,3.90000009536743,813,17641,113.699996948242,2467.30004882812,0.071154460310936,0.872654914855957,21.0557073858265,18.7639297111787,2.29177767464778,4.99043258677874,13.4561863936524,6634,1995,-7,1,0,0,0,0,0,0,0,0,0,0,0
"South Dakota","SD",1989,0,0,0,1,0,0,0,0,0,0,0,1,696691,35.3549690246582,15075,10502532,0,152,140,12,71622,1745,5157,1547,18,NA,NA,NA,4.15000009536743,969,18230,135.5,2549.69995117188,0.0720030143857002,0.886532962322235,21.8174197743332,20.0949918974122,1.72242787692105,5.02388052084628,13.4540972628926,6704,1995,-6,1,0,0,0,0,0,0,0,0,0,0,0
"South Dakota","SD",1990,0,0,0,1,0,0,0,0,0,0,0,1,696624,35.4757232666016,16495,11499012,0,153,135,18,72962,1734,5451,1538,18,NA,NA,NA,3.88000011444092,1133,19116,162.800003051758,2746.5,0.0747101232409477,0.886966526508331,21.9630675945704,19.3791772893268,2.58389030524357,5.03043792139244,13.4540010893783,6989,1995,-5,0,1,0,0,0,0,0,0,0,0,0,0
"South Dakota","SD",1991,0,0,0,1,0,0,0,0,0,0,0,1,707811,35.4912528991699,17033,11985757,0,143,128,15,81486,1751,5223,1488,18,NA,NA,NA,3.57999992370605,1281,20366,182.199996948242,2897,0.0640968978404999,0.849800109863281,20.2031333223134,18.0839235332596,2.11920978905386,4.96284463025991,13.469932387886,6711,1995,-4,0,0,1,0,0,0,0,0,0,0,0,0
"South Dakota","SD",1983,0,0,0,1,0,0,0,0,0,0,0,0,692985,34.5464668273926,10569,7324435,0,175,154,21,71796,1579,5011,1306,13,NA,NA,NA,5.40000009536743,840,16993,120,2427.60009765625,0.0697949752211571,0.827105760574341,25.2530718558122,22.2227032331147,3.03036862269746,5.16478597392351,13.4487636329161,6317,1995,-12,1,0,0,0,0,0,0,0,0,0,0,0
"South Dakota","SD",1997,0,1,0,1,0,0,0,0,0,0,0,1,737755,36.1457481384277,22621,16835130,1,148,141,7,81434,1942,6144,1794,18,NA,NA,NA,3.0699999332428,1457,22491,197.399993896484,3047.60009765625,0.075447604060173,0.923789918422699,20.0608603127054,19.1120358384559,0.948824474249582,4.99721227376411,13.5113670701458,7938,1995,2,0,0,0,0,0,0,0,1,0,0,0,0
"South Dakota","SD",1998,0,1,0,1,0,0,0,0,0,0,0,1,730789,36.0295944213867,24414,18214610,1,165,156,9,81432,1980,6248,1849,18,401687,389755,11932,2.97047209739685,1139,18227,154.300003051758,2469.80004882812,0.0767265930771828,0.933838367462158,22.5783365650003,21.3467909341821,1.2315456308182,5.10594547390058,13.5018800513749,8097,1995,3,0,0,0,0,0,0,0,0,1,0,0,0
"South Dakota","SD",1999,0,1,0,1,0,0,0,0,0,0,0,1,733133,36.2051811218262,25629,19232384,1,150,139,11,81431,1981,6374,1870,22,4e+05,388000,12000,2.90000009536743,1227,18159,167.399993896484,2476.89990234375,0.0782748609781265,0.943967700004578,20.460134791368,18.9597249066677,1.50040988470032,5.01063529409626,13.5050824105213,8244,1995,4,0,0,0,0,0,0,0,0,0,1,0,0
"South Dakota","SD",2000,0,1,0,1,0,0,0,0,0,0,0,1,755844,36.3058013916016,27260,20604374,1,173,159,14,81453,2018,6519,1913,22,401000,392000,9000,2.29999995231628,1259,16252,166.800003051758,2153,0.0800338834524155,0.947968304157257,22.8883208704442,21.0360868115643,1.85223405887987,5.15329159449778,13.5355902846624,8432,1995,5,0,0,0,0,0,0,0,0,0,0,1,0
"South Dakota","SD",2001,0,1,0,1,0,0,0,0,0,0,0,1,757972,36.4745101928711,28434,21552519,1,171,154,17,81454,2106,6597,1945,22,405000,392000,13000,3.29999995231628,1171,16473,154.399993896484,2172.30004882812,0.0809905007481575,0.923551738262177,22.5602001129329,20.3173732011209,2.24282691181205,5.14166355650266,13.5384017246283,8542,1995,6,0,0,0,0,0,0,0,0,0,0,0,1
"South Dakota","SD",2002,0,1,0,1,0,0,0,0,0,0,0,1,760020,36.6476745605469,28606,21741442,1,180,171,9,81475,2136,6550,1949,22,421000,408000,13000,3.09999990463257,1350,15992,177.5,2103,0.0803927555680275,0.912453174591064,23.6835872740191,22.4994079103182,1.18417936370096,5.19295685089021,13.5411000277057,8499,1995,7,0,0,0,0,0,0,0,0,0,0,0,1
"South Dakota","SD",2003,0,1,1,1,0,0,0,0,0,0,0,1,763729,36.8111381530762,31055,23717982,1,203,192,11,81424,2263,6585,1942,22,425000,410000,15000,3.59999990463257,1329,15324,173.699996948242,2003.40002441406,0.0808729603886604,0.858152866363525,26.5801089129783,25.1398074447874,1.44030146819094,5.31320597904179,13.5459682931816,8527,1995,8,0,0,0,0,0,0,0,0,0,0,0,1
"South Dakota","SD",2004,0,1,1,1,0,0,0,0,0,0,0,1,770396,36.9496078491211,32612,25123821,1,197,187,10,81105,2443,6597,2187,22,431000,416000,16000,3.70000004768372,1319,14885,171.199996948242,1931.59997558594,0.0813390016555786,0.895210802555084,25.5712646483107,24.2732309098178,1.29803373849293,5.28320372873799,13.5546599473446,8784,1995,9,0,0,0,0,0,0,0,0,0,0,0,1
"South Dakota","SD",1992,0,0,0,1,0,0,0,0,0,0,0,1,715048,35.4570159912109,18215,12983474,0,161,153,8,81441,1858,5678,1540,18,NA,NA,NA,3.23000001907349,1383,19939,194.5,2804.39990234375,0.0697191804647446,0.828848242759705,22.515970955796,21.3971649455701,1.11880601022589,5.08140436498446,13.48010495229,7218,1995,-3,0,0,0,1,0,0,0,0,0,0,0,0
"South Dakota","SD",1993,0,0,0,1,0,0,0,0,0,0,0,1,722550,35.5410537719727,18802,13577779,0,140,122,18,81445,1860,5786,1627,18,NA,NA,NA,3.55999994277954,1490,19661,208.399993896484,2749.80004882812,0.0710418075323105,0.874731183052063,19.37582174244,16.8846446612691,2.49117708117085,4.9416424226093,13.4905419007265,7413,1995,-2,0,0,0,0,1,0,0,0,0,0,0,0
"South Dakota","SD",1994,0,0,0,1,0,0,0,0,0,0,0,1,729264,35.6739082336426,20008,14621926,0,154,131,23,81410,1907,5918,1713,18,NA,NA,NA,3.30999994277954,1641,20726,227.600006103516,2874.60009765625,0.0726937726140022,0.898269534111023,21.1171811579894,17.9633164395884,3.15386471840102,5.03695260241363,13.4997910853517,7631,1995,-1,0,0,0,0,0,0,0,0,0,0,0,0
"South Dakota","SD",2012,0,1,1,1,0,0,0,0,0,0,0,1,830190,37.882926940918,45381,37818752,1,133,131,2,79462,3074,6478,2635,22,440000,420000,20000,4.59999990463257,2682,17168,321.799987792969,2060.10009765625,0.0815232470631599,0.857189357280731,16.0204290584083,15.7795203507631,0.240908707645238,4.89034912822175,13.6294098692382,9113,1995,17,0,0,0,0,0,0,0,0,0,0,0,1
"South Dakota","SD",1996,0,1,0,1,0,0,0,0,0,0,0,1,737227,36.0470199584961,22215,16488612,1,175,161,14,81435,1940,6034,1783,18,NA,NA,NA,3.21000003814697,1297,20443,177.199996948242,2792.80004882812,0.0740959048271179,0.919072151184082,23.7376004948272,21.8385924552411,1.89900803958618,5.16478597392351,13.5106511291749,7817,1995,1,0,0,0,0,0,0,1,0,0,0,0,0
"South Dakota","SD",2010,0,1,1,1,0,0,0,0,0,0,0,1,816463,37.6242561340332,40596,33135741,1,140,129,11,79486,2961,6360,2506,22,443000,420000,23000,5.09999990463257,2196,15188,268.899993896484,1859.90002441406,0.0800140872597694,0.846335709095001,17.1471334279692,15.7998586586287,1.34727476934044,4.9416424226093,13.6127368749954,8866,1995,15,0,0,0,0,0,0,0,0,0,0,0,1
"South Dakota","SD",2006,0,1,1,1,0,0,0,0,0,0,0,1,783033,37.2553024291992,33913,26554750,1,191,183,8,81403,2827,6728,2440,22,430000,417000,13000,3.09999990463257,2071,13812,264.899993896484,1766.40002441406,0.0826505199074745,0.863105773925781,24.3923308468481,23.3706625391267,1.02166830772139,5.25227342804663,13.5709301196787,9168,1995,11,0,0,0,0,0,0,0,0,0,0,0,1
"South Dakota","SD",2007,0,1,1,1,0,0,0,0,0,0,0,1,791623,37.3707656860352,37183,29435075,1,146,139,7,80866,2878,6416,2589,22,446000,433000,13000,2.90000009536743,1926,13829,241.899993896484,1736.80004882812,0.0793411359190941,0.899583041667938,18.44312254697,17.5588632467728,0.88425930019719,4.98360662170834,13.5818405473668,9005,1995,12,0,0,0,0,0,0,0,0,0,0,0,1
"South Dakota","SD",1995,0,1,0,1,0,0,0,0,0,0,0,1,734533,35.8271522521973,20219,14919773,1,158,143,15,81422,1938,5886,1783,18,NA,NA,NA,2.92000007629395,1513,20799,207.5,2853.10009765625,0.0722900480031967,0.920020639896393,21.5102657062378,19.4681518733672,2.04211383287068,5.06259503302697,13.5069902021096,7669,1995,0,0,0,0,0,0,1,0,0,0,0,0,0
"South Dakota","SD",2005,0,1,1,1,0,0,0,0,0,0,0,1,775493,37.0978927612305,33443,25934437,1,186,171,15,81286,2625,6292,2105,22,433000,414000,19000,4.30000019073486,1387,13694,179,1767,0.0774057060480118,0.801904737949371,23.9847426088952,22.050489172694,1.93425343620123,5.2257466737132,13.5612542351234,8397,1995,10,0,0,0,0,0,0,0,0,0,0,0,1
"South Dakota","SD",2009,0,1,1,1,0,0,0,0,0,0,0,1,807067,37.5531120300293,39161,31605170,1,131,127,4,79217,2932,6231,2607,22,447000,425000,22000,5,1777,14378,218.699996948242,1769.90002441406,0.0786573588848114,0.889154136180878,16.2316139800041,15.735992179088,0.495621800916157,4.87519732320115,13.6011619673498,8838,1995,14,0,0,0,0,0,0,0,0,0,0,0,1
"South Dakota","SD",2008,0,1,1,1,0,0,0,0,0,0,0,1,799124,37.4890670776367,40358,32251192,1,121,111,10,79217,2932,6386,2600,22,448000,434000,13000,3,2227,13867,276.899993896484,1724.30004882812,0.0806140080094337,0.886766731739044,15.141580030133,13.8902097797088,1.25137025042421,4.79579054559674,13.5912714066996,8986,1995,13,0,0,0,0,0,0,0,0,0,0,0,1
"Tennessee","TN",1985,0,0,0,0,0,0,0,0,0,0,0,1,4715287,35.0393905639648,12136,57222779,0,1101,956,145,70136,13695,17604,18654,13,NA,NA,NA,7.98000001907349,22592,175827,474.399993896484,3692.30004882812,0.250998049974442,1.36210298538208,23.3495861439611,20.2744817017501,3.07510444221105,7.00397413672268,15.3663203417624,36258,1997,-12,1,0,0,0,0,0,0,0,0,0,0,0
"Tennessee","TN",1986,0,1,0,0,0,0,0,0,0,0,0,1,4738713,35.2237129211426,12929,61267341,0,1230,1088,142,69382,14469,19312,20209,17,NA,NA,NA,8.03999996185303,25919,191861,539.599975585938,3994.60009765625,0.278343081474304,1.39671015739441,25.956414748055,22.9598205251088,2.99659422294619,7.11476944836646,15.371276137816,39521,1997,-11,1,0,0,0,0,0,0,0,0,0,0,0
"Tennessee","TN",1987,0,1,0,0,0,0,0,0,0,0,0,1,4782930,35.4170761108398,13798,65992827,0,1247,1117,130,68559,15132,20483,21643,17,NA,NA,NA,6.59000015258789,25900,200616,533.5,4132.2001953125,0.298764556646347,1.43028020858765,26.0718848070116,23.3538855889591,2.71799921805253,7.12849594568004,15.3805638873891,42126,1997,-10,1,0,0,0,0,0,0,0,0,0,0,0
"Tennessee","TN",1989,0,1,0,0,0,0,0,0,0,0,0,1,4854461,35.6518058776855,15869,77036501,0,1088,994,94,68854,15227,22151,23488,20,NA,NA,NA,5.1100001335144,27118,195854,548.900024414062,3964.69995117188,0.32170969247818,1.54252314567566,22.4123749268971,20.476011651963,1.93636327493413,6.99209642741589,15.395408633977,45639,1997,-8,1,0,0,0,0,0,0,0,0,0,0,0
"Tennessee","TN",1990,0,1,0,0,0,0,0,0,0,0,0,1,4890661,35.8526458740234,16733,81897709,0,1177,1057,120,69299,15340,22880,23830,20,NA,NA,NA,5.26000022888184,32698,213648,670.400024414062,4380.60009765625,0.330163508653641,1.55345499515533,24.0662765217217,21.6126204617331,2.45365605998862,7.07072410726028,15.40283802614,46710,1997,-7,1,0,0,0,0,0,0,0,0,0,0,0
"Tennessee","TN",1991,0,1,0,0,0,0,0,0,0,0,0,1,4945855,35.9328079223633,17322,86029152,0,1113,1002,111,69376,15476,23158,24109,20,NA,NA,NA,6.73000001907349,35955,229856,725.900024414062,4640.7001953125,0.333804190158844,1.55783152580261,22.5036924859301,20.2593889226433,2.24430356328683,7.01481435127554,15.4140604100143,47267,1997,-6,1,0,0,0,0,0,0,0,0,0,0,0
"Tennessee","TN",1984,0,0,0,0,0,0,0,0,0,0,0,1,4686740,34.8205986022949,11393,53395275,0,1095,964,131,72125,11984,17659,18864,10,NA,NA,NA,8.55000019073486,21010,162462,445.399993896484,3444.19995117188,0.244838818907738,1.57409882545471,23.3637880488357,20.5686682000708,2.79511984876481,6.9985096422506,15.3602478027824,36523,1997,-13,1,0,0,0,0,0,0,0,0,0,0,0
"Tennessee","TN",1996,0,1,0,0,0,0,0,0,0,0,0,1,5307222,36.4520797729492,22313,120862823,0,1239,1140,99,68518,17277,26362,32073,20,NA,NA,NA,5.15000009536743,41175,248729,774,4675.39990234375,0.384745627641678,1.85639870166779,23.3455468793278,21.4801641988973,1.86538268043055,7.12205988162914,15.4845790924784,58435,1997,-1,0,0,0,0,0,0,0,0,0,0,0,0
"Tennessee","TN",1997,0,1,0,0,0,0,0,0,0,0,0,1,5371693,36.5962409973145,23279,128018165,1,1225,1109,116,68706,17321,27065,33461,20,NA,NA,NA,5.3899998664856,42389,253484,789.700012207031,4722.10009765625,0.393924832344055,1.93181681632996,22.8047284161623,20.6452602559379,2.15946816022435,7.11069612297883,15.4966536868165,60526,1997,0,0,0,0,0,0,1,0,0,0,0,0,0
"Tennessee","TN",1988,0,1,0,0,0,0,0,0,0,0,0,1,4822437,35.5179405212402,14878,71747832,0,1266,1133,133,68546,15092,21446,22747,17,NA,NA,NA,5.78000020980835,26205,193647,532.700012207031,3936.69995117188,0.312870174646378,1.50722241401672,26.2522869661128,23.4943452864185,2.75794167969431,7.14361760270412,15.3887899599131,44193,1997,-9,1,0,0,0,0,0,0,0,0,0,0,0
"Tennessee","TN",1999,0,1,0,0,0,0,0,0,0,0,0,1,5483535,36.3628311157227,26101,147173130,1,1302,1212,90,69536,17723,29436,35319,20,2819000,2705000,114000,4,38111,219302,695,3999.30004882812,0.423320293426514,1.99283421039581,23.7438075985655,22.1025305756232,1.64127702294232,7.17165682276851,15.5172605239467,64755,1997,2,0,0,0,0,0,0,0,1,0,0,0,0
"Tennessee","TN",2000,0,1,0,0,0,0,0,0,0,0,0,1,5703719,36.2991714477539,27483,156755965,1,1307,1198,109,69679,17739,30487,35245,20,2798000,2688000,110000,3.90000009536743,40233,237985,707.200012207031,4183,0.437534987926483,1.98686504364014,22.9148736114104,21.0038397754167,1.91103383599367,7.17548971362422,15.5566289761882,65732,1997,3,0,0,0,0,0,0,0,0,1,0,0,0
"Tennessee","TN",2001,0,1,0,0,0,0,0,0,0,0,0,1,5750789,36.4246063232422,28118,161700734,1,1251,1166,85,69972,17851,31731,35901,20,2818000,2692000,126000,4.5,42776,252992,744,4400.2998046875,0.453481405973434,2.01114773750305,21.7535367755624,20.2754787212676,1.47805805429481,7.13169851046691,15.5648476207514,67632,1997,4,0,0,0,0,0,0,0,0,0,1,0,0
"Tennessee","TN",1998,0,1,0,0,0,0,0,0,0,0,0,1,5432679,36.2338676452637,25288,140856187,1,1216,1127,89,69011,17593,28099,34463,20,2811703,2685157,126546,4.50068855285645,38832,234588,715,4319.39990234375,0.407166987657547,1.95890414714813,22.3830636781595,20.7448295767153,1.63823410144424,7.10332206252611,15.5079429404088,62562,1997,1,0,0,0,0,0,0,1,0,0,0,0,0
"Tennessee","TN",2003,0,1,0,0,0,0,0,0,0,0,0,1,5847812,36.7176170349121,29513,172586637,1,1193,1089,104,68100,20420,29677,39477,20,2909000,2740000,169000,5.80000019073486,40409,256565,691.299987792969,4389.2998046875,0.435785621404648,1.93325173854828,20.4007926383406,18.6223496925004,1.77844294584026,7.08422642209792,15.5815781321522,69154,1997,6,0,0,0,0,0,0,0,0,0,0,0,1
"Tennessee","TN",1992,0,1,0,0,0,0,0,0,0,0,0,1,5012278,36.0331039428711,18652,94187272,0,1153,1045,108,68830,16314,22601,27393,20,NA,NA,NA,6.42999982833862,37487,220534,746.200012207031,4389.60009765625,0.328359723091125,1.67910993099213,23.003512574522,20.8488036776891,2.15470889683294,7.05012252026906,15.4274010603394,49994,1997,-5,0,1,0,0,0,0,0,0,0,0,0,0
"Tennessee","TN",1993,0,1,0,0,0,0,0,0,0,0,0,1,5082456,36.1037292480469,19518,100276464,0,1170,1070,100,68516,16521,23475,28637,20,NA,NA,NA,5.75,39047,228117,765.799987792969,4473.7998046875,0.342620700597763,1.73336970806122,23.0203665314564,21.0528138364602,1.96755269499628,7.0647590277918,15.4413051672903,52112,1997,-4,0,0,1,0,0,0,0,0,0,0,0,0
"Tennessee","TN",2002,0,1,0,0,0,0,0,0,0,0,0,1,5795918,36.5733184814453,28637,165976345,1,1177,1099,78,70203,18084,32068,36161,20,2926000,2776000,150000,5.09999990463257,41562,249399,717.799987792969,4307.60009765625,0.456789582967758,1.99961292743683,20.3073956532856,18.9616209201027,1.34577473318291,7.07072410726028,15.5726644346346,68229,1997,5,0,0,0,0,0,0,0,0,0,0,1,0
"Tennessee","TN",1983,0,0,0,0,0,0,0,0,0,0,0,0,4659755,34.6253890991211,10297,47983679,0,1037,924,113,71851,11938,18859,17402,9,NA,NA,NA,11.460000038147,18836,169110,402,3609.60009765625,0.262473732233047,1.45769810676575,22.254388911005,19.8293687114451,2.42502019955985,6.94408720822953,15.3544734296124,36261,1997,-14,1,0,0,0,0,0,0,0,0,0,0,0
"Tennessee","TN",1995,0,1,0,0,0,0,0,0,0,0,0,1,5235124,36.2995910644531,21487,114458842,0,1259,1142,117,68403,17196,25251,30963,20,NA,NA,NA,5.17000007629395,40549,241315,771.5,4591.2001953125,0.36915048956871,1.80059313774109,24.0490960672565,21.8141919847553,2.2349040825012,7.13807303404435,15.4709010887302,56214,1997,-2,0,0,0,0,1,0,0,0,0,0,0,0
"Tennessee","TN",2009,1,0,1,0,0,1,0,1,0,0,0,1,6306019,37.6193504333496,34412,217000492,1,986,903,83,69594,23657,28115,42111,20,3030000,2704000,326000,10.8000001907349,41933,237157,666,3766.60009765625,0.403985977172852,1.78006505966187,15.635855204369,14.3196523829059,1.31620282146311,6.89365635460264,15.6570151320861,70226,1997,12,0,0,0,0,0,0,0,0,0,0,0,1
"Tennessee","TN",2010,1,0,1,0,0,1,0,1,0,0,0,1,6356897,37.8045845031738,35431,225224651,1,1032,938,94,69971,24236,28412,42027,20,3077000,2788000,289000,9.39999961853027,38909,232855,612,3662.69995117188,0.406053930521011,1.73407328128815,16.2343357144217,14.7556268412088,1.47870887321283,6.93925394604151,15.665050923176,70439,1997,13,0,0,0,0,0,0,0,0,0,0,0,1
"Tennessee","TN",2011,1,0,1,0,0,1,0,1,0,0,0,1,6377819,38.0425491333008,37129,237618453,1,937,849,88,69975,25517,28205,42546,20,3142000,2854000,288000,9.19999980926514,38895,230900,607.799987792969,3607.89990234375,0.403072535991669,1.66735899448395,14.6915426731301,13.3117606504669,1.37978202266323,6.84268328223842,15.6683367473473,70751,1997,14,0,0,0,0,0,0,0,0,0,0,0,1
"Tennessee","TN",2012,1,0,1,0,0,1,0,1,0,0,0,1,6430636,38.2135429382324,38752,250189121,1,1014,937,77,70009,25514,28211,42955,20,3096000,2854000,242000,7.80000019073486,41550,217664,643.599975585938,3371.39990234375,0.402962476015091,1.68358552455902,15.768269266057,14.5708760377667,1.19739322829033,6.92165818415113,15.6765840026754,71166,1997,15,0,0,0,0,0,0,0,0,0,0,0,1
"Tennessee","TN",2004,1,0,1,0,0,0,0,0,0,0,0,1,5910809,36.8427581787109,30918,182749849,1,1339,1246,93,67928,21061,29610,41333,20,2894000,2747000,147000,5.09999990463257,41113,254991,697.599975585938,4326.7998046875,0.435902714729309,1.96253740787506,22.6534134329159,21.0800247478814,1.57338868503448,7.19967834569117,15.592293266647,70943,1997,7,0,0,0,0,0,0,0,0,0,0,0,1
"Tennessee","TN",2005,1,0,1,0,0,0,0,1,0,0,0,1,5991057,36.972599029541,31718,190027141,1,1270,1185,85,69032,21419,29220,41594,20,2878000,2717000,162000,5.59999990463257,45104,256093,757,4300,0.423281967639923,1.9419207572937,21.198262677187,19.7794813169028,1.41878136028417,7.14677217945264,15.6057784152922,70814,1997,8,0,0,0,0,0,0,0,0,0,0,0,1
"Tennessee","TN",2006,1,0,1,0,0,0,0,1,0,0,0,1,6088766,37.1569938659668,33109,201594233,1,1284,1181,103,69777,21640,28903,41693,20,3002000,2847000,155000,5.19999980926514,46043,249860,762.5,4137.60009765625,0.414219588041306,1.92666363716125,21.0880168493912,19.3963768684821,1.6916399809091,7.15773548424991,15.6219559918966,70596,1997,9,0,0,0,0,0,0,0,0,0,0,0,1
"Tennessee","TN",1994,0,1,0,0,0,0,0,0,0,0,0,1,5158055,36.1798553466797,20382,106626936,0,1214,1107,107,68701,16826,24597,29927,20,NA,NA,NA,4.78000020980835,38705,226247,747.900024414062,4371.89990234375,0.358029723167419,1.77861642837524,23.5360033966292,21.4615780560696,2.07442534055957,7.10167597161944,15.4560701284143,54524,1997,-3,0,0,0,1,0,0,0,0,0,0,0,0
"Tennessee","TN",2008,1,0,1,0,0,0,0,1,0,0,0,1,6247411,37.44580078125,35061,219041759,1,1043,972,71,69719,22454,27985,41484,20,3040000,2840000,2e+05,6.59999990463257,44913,251089,722.700012207031,4040.10009765625,0.401397049427032,1.84751045703888,16.6949157018803,15.5584449302279,1.13647077165245,6.94985645500077,15.6476776958915,69469,1997,11,0,0,0,0,0,0,0,0,0,0,0,1
"Tennessee","TN",2007,1,0,1,0,0,0,0,1,0,0,0,1,6175727,37.2808265686035,34164,210986558,1,1211,1130,81,69343,21713,29101,42078,20,3072000,2931000,141000,4.59999990463257,46482,252342,755,4098.60009765625,0.419667452573776,1.93791735172272,19.6090274068138,18.2974409328651,1.31158647394874,7.09920174355309,15.6361371663419,71179,1997,10,0,0,0,0,0,0,0,0,0,0,0,1
"Texas","TX",1999,1,0,0,0,1,0,0,0,0,0,0,1,20044141,33.6837577819824,26418,543111817,1,3522,3035,487,218537,81970,70374,140500,20,10206000,9734000,472000,4.59999990463257,112306,896261,560.299987792969,4471.39990234375,0.322023272514343,1.7140417098999,17.5712194401347,15.1415817719502,2.42963766818443,8.16678428905615,16.8134474495611,210874,1995,4,0,0,0,0,0,0,0,0,0,1,0,0
"Texas","TX",2000,1,0,0,0,1,0,0,0,0,0,0,1,20944499,33.5240936279297,28341,593589129,1,3779,3312,467,218641,82393,74002,146062,20,10325000,9887000,437000,4.19999980926514,113653,919658,545.099975585938,4410.39990234375,0.338463515043259,1.77274763584137,18.0429238245326,15.813221409593,2.2297024149396,8.23721470334949,16.8573865922873,220064,1995,5,0,0,0,0,0,0,0,0,0,0,1,0
"Texas","TX",2001,1,0,1,0,1,0,0,0,0,0,0,1,21319622,33.6141357421875,29681,632788687,1,3736,3224,512,218536,82230,75907,140362,20,10463000,9955000,507000,4.90000009536743,122155,976654,571.599975585938,4570,0.347343236207962,1.70694398880005,17.5237628509549,15.1222193339075,2.40154351704735,8.22577079934873,16.8751384272736,216269,1995,6,0,0,0,0,0,0,0,0,0,0,0,1
"Texas","TX",1994,1,0,0,0,0,0,0,0,0,0,0,1,18347572,33.635929107666,20194,374873677,0,3187,2689,498,213588,80903,56906,121442,20,NA,NA,NA,6.42999982833862,129838,949387,706.5,5165.89990234375,0.266428828239441,1.50108158588409,17.3701457609759,14.6558901635595,2.71425559741638,8.06683531441734,16.725007807634,178348,1995,-1,0,0,0,0,0,0,0,0,0,0,0,0
"Texas","TX",1995,1,0,0,0,1,0,0,0,0,0,0,1,18694224,33.7575454711914,21154,401050151,1,3183,2668,515,213985,82201,56268,124828,20,NA,NA,NA,6.03000020980835,124303,940033,663.900024414062,5020.5,0.262953013181686,1.51857030391693,17.0266495148448,14.2717879062538,2.75486160859097,8.06557942728209,16.7437251571071,181096,1995,0,0,0,0,0,0,1,0,0,0,0,0,0
"Texas","TX",1996,1,0,0,0,1,0,0,0,0,0,0,1,19032988,33.8412666320801,22291,431121080,1,3742,3233,509,214062,82197,57776,127610,20,NA,NA,NA,5.63000011444092,123270,968732,644.400024414062,5064.5,0.269903123378754,1.55248975753784,19.660601898136,16.9862976848407,2.67430421329536,8.22737550683403,16.7616842421858,185386,1995,1,0,0,0,0,0,0,1,0,0,0,0,0
"Texas","TX",1998,1,0,0,0,1,0,0,0,0,0,0,1,19712389,33.543327331543,25463,513264942,1,3586,3056,530,214295,82286,68060,137963,20,10097902,9600999,496903,4.92085409164429,111566,898496,564.599975585938,4547,0.317599564790726,1.67662787437439,18.1916052894451,15.502940815545,2.68866447390014,8.18479265416508,16.7967578792927,206023,1995,3,0,0,0,0,0,0,0,0,1,0,0,0
"Texas","TX",1983,0,0,0,0,0,0,0,0,0,0,0,0,15751678,32.3423271179199,12446,196045772,0,3823,3174,649,212914,62870,50113,81770,5,NA,NA,NA,7.98000001907349,80546,848312,512.200012207031,5395,0.235367327928543,1.30062031745911,24.270430109097,20.1502341528312,4.12019595626574,8.24879073369641,16.5724574572435,131883,1995,-12,1,0,0,0,0,0,0,0,0,0,0,0
"Texas","TX",1984,0,0,0,0,0,0,0,0,0,0,0,0,16007077,32.4172248840332,13428,214938130,0,3912,3225,687,212938,65865,52836,84901,10,NA,NA,NA,5.94000005722046,80737,883391,505,5525,0.248128563165665,1.28901541233063,24.4391902406667,20.1473385803042,4.29185166036248,8.27180403115471,16.5885414949127,137737,1995,-11,1,0,0,0,0,0,0,0,0,0,0,0
"Texas","TX",1985,0,0,0,0,0,0,0,0,0,0,0,1,16272735,32.4880104064941,14210,231235389,0,3678,3035,643,212826,69428,53178,90085,10,NA,NA,NA,7.01000022888184,90030,985265,550,6018.7001953125,0.249866083264351,1.29753124713898,22.6022239039719,18.6508291322878,3.95139477168405,8.21012440516427,16.6050015658669,143263,1995,-10,1,0,0,0,0,0,0,0,0,0,0,0
"Texas","TX",1997,1,0,0,0,1,0,0,0,0,0,0,1,19385700,33.9524803161621,23794,469703559,1,3513,3007,506,214217,82434,64939,133761,20,NA,NA,NA,5.3600001335144,117126,948231,602.5,4878,0.303145885467529,1.62264358997345,18.121605100667,15.5114336856549,2.6101714150121,8.16422565226583,16.7800462388298,198700,1995,2,0,0,0,0,0,0,0,1,0,0,0,0
"Texas","TX",1987,1,0,0,0,0,0,0,0,0,0,0,1,16621799,32.6717147827148,14527,241465103,0,3260,2691,569,215293,78237,52515,98671,15,NA,NA,NA,8.43000030517578,105961,1190558,631.099975585938,7091.2998046875,0.243923395872116,1.26118075847626,19.6127988312216,16.1895833296986,3.42321550152303,8.08948247436075,16.6262255846143,151186,1995,-8,1,0,0,0,0,0,0,0,0,0,0,0
"Texas","TX",2002,1,0,1,0,1,0,0,0,0,0,0,1,21690325,33.7139320373535,29357,636769833,1,3823,3338,485,218572,83205,78235,142791,20,10751000,10070000,681000,6.30000019073486,126018,1004274,579.700012207031,4620.10009765625,0.357936978340149,1.71613490581512,17.6253698365515,15.389349859903,2.23601997664858,8.24879073369641,16.8923768665543,221026,1995,7,0,0,0,0,0,0,0,0,0,0,0,1
"Texas","TX",2003,1,0,1,0,1,0,0,0,0,0,0,1,22030931,33.8443641662598,30032,661637537,1,3821,3356,465,218701,83288,78758,144660,20,10910000,10173000,738000,6.80000019073486,122246,1016735,553.099975585938,4599.89990234375,0.360117226839066,1.73686480522156,17.3437972276342,15.2331283684743,2.11066885915988,8.2482674474469,16.9079579784394,223418,1995,8,0,0,0,0,0,0,0,0,0,0,0,1
"Texas","TX",1986,1,0,0,0,0,0,0,0,0,0,0,1,16561112,32.5401916503906,14293,236703182,0,3567,2953,614,212461,73501,51876,96472,10,NA,NA,NA,8.90999984741211,109925,1125897,658.900024414062,6749.2001953125,0.244167163968086,1.31252634525299,21.5384087735171,17.830928261339,3.70748051217817,8.17948018535889,16.6225678544254,148348,1995,-9,1,0,0,0,0,0,0,0,0,0,0,0
"Texas","TX",1993,1,0,0,0,0,0,0,0,0,0,0,1,18009032,33.5547866821289,19525,354598528,0,3043,2538,505,215010,79132,54555,113056,20,NA,NA,NA,7.15999984741211,137419,1023612,762.099975585938,5677,0.25373238325119,1.42870140075684,16.8970769778187,14.0929284816641,2.8041484961546,8.02059914989697,16.7063839677898,167611,1995,-2,0,0,0,0,1,0,0,0,0,0,0,0
"Texas","TX",1992,1,0,0,0,0,0,0,0,0,0,0,1,17661972,33.4671211242676,18869,335108350,0,3059,2498,561,217174,76143,57168,106161,20,NA,NA,NA,7.67999982833862,142369,1103779,806.299987792969,6251.60009765625,0.263235926628113,1.39423191547394,17.3196968039582,14.1433810448799,3.17631575907832,8.0258433441509,16.6869244116852,163329,1995,-3,0,0,0,1,0,0,0,0,0,0,0,0
"Texas","TX",2006,1,0,1,0,1,0,0,0,0,1,1,1,23359580,34.2358741760254,35474,828658892,1,3531,3071,460,221589,83683,84401,153855,20,11507000,10953000,554000,4.80000019073486,121602,959846,517.299987792969,4083.10009765625,0.38088983297348,1.8385454416275,15.1158539665525,13.1466404789812,1.96921348757127,8.16933639592839,16.9665177363106,238256,1995,11,0,0,0,0,0,0,0,0,0,0,0,1
"Texas","TX",2007,1,0,1,0,1,0,0,0,0,1,1,1,23831983,34.3486442565918,36869,878669348,1,3466,2991,475,221660,84194,85966,157477,20,11485000,10994000,491000,4.30000019073486,122014,985421,510.399993896484,4122.2998046875,0.387828201055527,1.87040638923645,14.5434813376629,12.5503614197778,1.99311991788514,8.15075647027555,16.9865390600484,243443,1995,12,0,0,0,0,0,0,0,0,0,0,0,1
"Texas","TX",2008,1,0,1,0,1,0,0,0,0,1,1,1,24309039,34.4609832763672,39654,963948635,1,3476,2975,501,212999,93405,70546,164836,20,11691000,11126000,565000,4.80000019073486,123585,969865,508,3986.80004882812,0.331203430891037,1.76474487781525,14.2992077967377,12.2382460285658,2.06096176817191,8.15363748638528,17.0063588144538,235382,1995,13,0,0,0,0,0,0,0,0,0,0,0,1
"Texas","TX",2009,1,0,1,0,1,0,0,0,0,1,1,1,24801761,34.5855712890625,36931,915954267,1,3104,2697,407,212999,93405,67512,162472,20,11904000,11007000,897000,7.5,121684,995082,491,4015.30004882812,0.316959232091904,1.7394357919693,12.5152403492639,10.8742278421278,1.64101250713609,8.04044688130311,17.0264252166788,229984,1995,14,0,0,0,0,0,0,0,0,0,0,0,1
"Texas","TX",2010,1,0,1,0,1,0,0,0,0,1,1,1,25257114,34.7226028442383,38103,961828110,1,3023,2618,405,213313,97936,69024,164992,20,12122000,11149000,974000,8,113231,951246,448.399993896484,3766.80004882812,0.323580831289291,1.68469202518463,11.9689050775952,10.3653964582018,1.60350861939333,8.01400499477946,17.0446184165779,234016,1995,15,0,0,0,0,0,0,0,0,0,0,0,1
"Texas","TX",2011,1,0,1,0,1,0,0,1,0,1,1,1,25524937,34.9380340576172,41103,1053551540,1,3054,2570,484,213725,99185,70087,167353,20,12449000,11476000,973000,7.80000019073486,104734,892810,408.600006103516,3483.19995117188,0.327930748462677,1.68728137016296,11.9647699816066,10.0685850860278,1.89618489557878,8.02420748577858,17.0551664538435,237440,1995,16,0,0,0,0,0,0,0,0,0,0,0,1
"Texas","TX",2012,1,0,1,0,1,0,0,1,0,1,1,1,25925105,35.1146697998047,42638,1111110166,1,3398,2839,559,213934,99276,70834,167002,20,12653000,11809000,844000,6.69999980926514,106476,876059,408.600006103516,3361.80004882812,0.331102102994919,1.68219912052155,13.1069864519353,10.9507753199071,2.1562111320282,8.13094230223188,17.0707223622163,237836,1995,17,0,0,0,0,0,0,0,0,0,0,0,1
"Texas","TX",1991,1,0,0,0,0,0,0,0,0,0,0,1,17348540,33.3379936218262,17806,309786546,0,3078,2509,569,217294,76215,55529,103227,20,NA,NA,NA,6.73999977111816,145743,1210784,840.099975585938,6979,0.255547791719437,1.35441839694977,17.7421270031945,14.4623121023441,3.27981490085045,8.03203531439882,16.6690189109604,158756,1995,-4,0,0,1,0,0,0,0,0,0,0,0,0
"Texas","TX",1988,1,0,0,0,0,0,0,0,0,0,0,1,16667025,32.8107833862305,15372,256203004,0,3392,2837,555,216477,83967,53714,102744,15,NA,NA,NA,7.30000019073486,109499,1235870,652.599975585938,7365.10009765625,0.248127982020378,1.22362351417542,20.3515624414075,17.0216340348682,3.32992840653926,8.12917499691179,16.6289427744932,156458,1995,-7,1,0,0,0,0,0,0,0,0,0,0,0
"Texas","TX",1989,1,0,0,0,0,0,0,0,0,0,0,1,16806734,33.0272750854492,16301,273963835,0,3370,2812,558,217044,88648,53693,105819,15,NA,NA,NA,6.73000001907349,111889,1234977,658.5,7268.39990234375,0.247383013367653,1.19369864463806,20.0514865053496,16.7313887397754,3.3200977655742,8.12266802334641,16.6372901973946,159512,1995,-6,1,0,0,0,0,0,0,0,0,0,0,0
"Texas","TX",1990,1,0,0,0,0,0,0,0,0,0,0,1,17044604,33.2351913452148,17358,296074108,0,3250,2712,538,217175,88776,54660,107572,15,NA,NA,NA,6.32999992370605,129343,1200151,761.400024414062,7065.2998046875,0.251686424016953,1.21172392368317,19.0676181153871,15.911193947363,3.15642416802409,8.08641027532378,16.6513442306647,162232,1995,-5,0,1,0,0,0,0,0,0,0,0,0,0
"Texas","TX",2005,1,0,1,0,1,0,0,0,0,0,0,1,22778123,34.1249389648438,33213,756530656,1,3536,3040,496,220722,83449,83608,151562,20,11237000,10629000,608000,5.40000009536743,121091,990293,528,4319,0.378793239593506,1.81622302532196,15.5236671608104,13.346139188027,2.17752797278336,8.17075142375753,16.9413111157492,235170,1995,10,0,0,0,0,0,0,0,0,0,0,0,1
"Texas","TX",2004,1,0,1,0,1,0,0,0,0,0,0,1,22394023,33.9814605712891,31087,696160835,1,3699,3181,518,219728,83448,82087,148921,20,10989000,10332000,657000,6,121554,1010702,540.900024414062,4497.7001953125,0.373584628105164,1.78459644317627,16.5178003076982,14.2046830978069,2.31311720989123,8.21581779183245,16.9243046508626,231008,1995,9,0,0,0,0,0,0,0,0,0,0,0,1
"Utah","UT",2011,0,1,1,0,1,1,0,0,1,0,1,1,2808960,32.1063804626465,34173,96175091,1,243,206,37,34463,11172,7767,18455,24.5,1337000,1244000,93000,7,5547,84084,197.100006103516,2987.69995117188,0.225372135639191,1.65189754962921,8.65088858509911,7.33367509683299,1.31721348826612,5.49306144334055,14.848324866042,26222,1995,16,0,0,0,0,0,0,0,0,0,0,0,1
"Utah","UT",2004,0,1,1,0,1,0,0,0,0,0,0,1,2401580,31.2453079223633,27546,66154060,1,296,265,31,32295,10417,7320,17376,24.5,1206000,1142000,64000,5.30000019073486,5647,97762,233.300003051758,4038.60009765625,0.22666047513485,1.66804265975952,12.3252192306731,11.0344023517851,1.29081687888807,5.69035945432406,14.6916374120452,24696,1995,9,0,0,0,0,0,0,0,0,0,0,0,1
"Utah","UT",2005,0,1,1,0,1,0,0,0,0,0,0,1,2457719,31.4024410247803,29436,72344208,1,282,259,23,32996,10579,7491,17667,24.5,1268000,1216000,52000,4.09999990463257,5612,95546,225,3837,0.227027520537376,1.67000663280487,11.4740537872719,10.5382267053312,0.935827081940612,5.64190707093811,14.7147442419872,25158,1995,10,0,0,0,0,0,0,0,0,0,0,0,1
"Utah","UT",2006,0,1,1,0,1,0,0,0,0,0,0,1,2525507,31.5352725982666,31786,80276973,1,287,248,39,33159,10610,8036,17928,24.5,1313000,1275000,38000,2.90000009536743,5771,89572,226.300003051758,3512.5,0.242347478866577,1.68972671031952,11.3640548214675,9.81981043806254,1.544244383405,5.65948221575962,14.7419523926148,25964,1995,11,0,0,0,0,0,0,0,0,0,0,0,1
"Utah","UT",2008,0,1,1,0,1,0,0,0,0,0,0,1,2663029,31.6423034667969,34265,91248703,1,276,238,38,33632,11073,7842,18132,24.5,1383000,1333000,49000,3.5,6165,92373,225.300003051758,3375.69995117188,0.233170792460442,1.63749659061432,10.3641379797216,8.93719144628166,1.42694653343993,5.62040086571715,14.7949747547105,25974,1995,13,0,0,0,0,0,0,0,0,0,0,0,1
"Utah","UT",2009,0,1,1,0,1,1,0,0,1,0,1,1,2723421,31.7295455932617,32412,88270188,1,244,219,25,33732,11146,7945,18319,24.5,1382000,1280000,101000,7.30000019073486,5998,91751,215.399993896484,3295,0.235533028841019,1.64354920387268,8.95931991418147,8.04135680822025,0.917963105961216,5.4971682252932,14.8173993685924,26264,1995,14,0,0,0,0,0,0,0,0,0,0,0,1
"Utah","UT",2010,0,1,1,0,1,1,0,0,1,0,1,1,2776469,31.8645935058594,32472,90112698,1,253,218,35,33885,11239,8002,18583,24.5,1385000,1271000,114000,8.19999980926514,5925,88316,213.5,3182,0.236151695251465,1.6534389257431,9.11229334813391,7.85169940669246,1.26059394144145,5.53338948872752,14.8366905344655,26585,1995,15,0,0,0,0,0,0,0,0,0,0,0,1
"Utah","UT",2007,0,1,1,0,1,0,0,0,0,0,0,1,2597746,31.5660991668701,33640,87387489,1,299,261,38,32673,11550,8084,18748,24.5,1361000,1326000,36000,2.59999990463257,6347,93082,239.899993896484,3518.69995117188,0.247421413660049,1.62320351600647,11.5099782657735,10.0471716634344,1.4628066023391,5.70044357339069,14.7701547039197,26832,1995,12,0,0,0,0,0,0,0,0,0,0,0,1
"Utah","UT",1984,0,0,1,0,1,0,0,0,0,0,0,1,1622341,28.7357196807861,10846,17595301,0,315,263,52,43290,5074,4643,7018,14,NA,NA,NA,6.51999998092651,4035,74703,244.199996948242,4522,0.107253409922123,1.38312971591949,19.4163865673123,16.2111418006449,3.20524476666743,5.75257263882563,14.29938072584,11661,1995,-11,1,0,0,0,0,0,0,0,0,0,0,0
"Utah","UT",1985,0,0,1,0,1,0,0,0,0,0,0,1,1642907,28.9151096343994,11490,18877051,0,303,240,63,43423,5140,4714,7323,14,NA,NA,NA,5.8899998664856,4398,83072,267.399993896484,5050,0.108559980988503,1.42470812797546,18.4429185583846,14.608252323473,3.83466623491165,5.71373280550937,14.3119777916438,12037,1995,-10,1,0,0,0,0,0,0,0,0,0,0,0
"Utah","UT",2012,0,1,1,0,1,1,0,0,1,0,1,1,2849319,32.322437286377,35430,101162690,1,217,183,34,35123,10767,8005,18523,24.5,1365000,1285000,80000,5.80000019073486,5876,85424,205.800003051758,2991.80004882812,0.227913334965706,1.72034919261932,7.61585487620024,6.4225872919108,1.19326758428944,5.37989735354046,14.8625905763239,26528,1995,17,0,0,0,0,0,0,0,0,0,0,0,1
"Utah","UT",1983,0,0,1,0,1,0,0,0,0,0,0,1,1594939,28.5542774200439,10002,15952388,0,283,223,60,40998,5080,4339,6882,11,NA,NA,NA,9.22000026702881,4144,78715,256,4862,0.105834431946278,1.35472440719604,17.7436253047922,13.9817259468857,3.76189935790648,5.64544689764324,14.2823460489556,11221,1995,-12,1,0,0,0,0,0,0,0,0,0,0,0
"Utah","UT",2003,0,1,1,0,1,0,0,0,0,0,0,1,2360137,31.1112384796143,26305,62084072,1,309,279,30,34527,8191,8728,15301,24.5,1184000,1118000,67000,5.59999990463257,5889,100084,250.399993896484,4255.10009765625,0.252787679433823,1.86802589893341,13.0924603105667,11.8213476590554,1.27111265151133,5.73334127689775,14.6742302261644,24029,1995,8,0,0,0,0,0,0,0,0,0,0,0,1
"Utah","UT",1989,0,1,1,0,1,0,0,0,0,0,0,1,1705867,29.7452621459961,13886,23687332,0,303,257,46,37430,5541,5376,8539,19,NA,NA,NA,4.69000005722046,4417,92577,258.799987792969,5423.39990234375,0.143628105521202,1.54105758666992,17.7622288255767,15.0656528322548,2.69657599332187,5.71373280550937,14.349584043854,13915,1995,-6,1,0,0,0,0,0,0,0,0,0,0,0
"Utah","UT",1990,0,1,1,0,1,0,0,0,0,0,0,1,1729736,30.1241493225098,14858,25722183,0,272,230,42,37669,5575,5691,8955,19,NA,NA,NA,4.32000017166138,4892,92620,283.899993896484,5376,0.151079133152962,1.60627806186676,15.7249429970816,13.2968267990029,2.42811619807878,5.605802066296,14.3634793536732,14646,1995,-5,0,1,0,0,0,0,0,0,0,0,0,0
"Utah","UT",1991,0,1,1,0,1,0,0,0,0,0,0,1,1770581,30.2485408782959,15513,27610497,0,271,237,34,37523,5632,5970,9421,19,NA,NA,NA,4.98000001907349,5077,94178,286.799987792969,5320.7998046875,0.159102410078049,1.67276275157928,15.305710385461,13.3854367577648,1.92027362769622,5.6021188208797,14.3868182992758,15391,1995,-4,0,0,1,0,0,0,0,0,0,0,0,0
"Utah","UT",1992,0,1,1,0,1,0,0,0,0,0,0,1,1818868,30.4318408966064,16284,29911223,0,269,221,48,37186,6084,5942,10365,19,NA,NA,NA,5,5267,97322,290.5,5368,0.159791320562363,1.70364892482758,14.7894184734681,12.1504144335928,2.63900403987535,5.59471137960184,14.4137248875224,16307,1995,-3,0,0,0,1,0,0,0,0,0,0,0,0
"Utah","UT",1993,0,1,1,0,1,0,0,0,0,0,0,1,1872018,30.5395908355713,17013,32298455,0,303,261,42,34402,6106,6231,10825,19,NA,NA,NA,3.95000004768372,5599,91816,301,4936.2998046875,0.181123197078705,1.77284634113312,16.1857418037647,13.9421736329458,2.24356817081887,5.71373280550937,14.4425275513581,17056,1995,-2,0,0,0,0,1,0,0,0,0,0,0,0
"Utah","UT",1994,0,1,1,0,1,0,0,0,0,0,0,1,1941966,30.7426891326904,17871,35034405,0,343,296,47,34641,6201,6621,11457,19,NA,NA,NA,3.75,5810,95332,304.5,4996.39990234375,0.191131889820099,1.84760522842407,17.6625131438964,15.2422853953159,2.42022774858056,5.83773044716594,14.4792114199561,18078,1995,-1,0,0,0,0,0,0,0,0,0,0,0,0
"Utah","UT",1995,0,1,1,0,1,0,0,0,0,0,0,1,1991495,30.8918952941895,18967,38202316,1,325,272,53,34817,6227,6962,11819,19,NA,NA,NA,3.55999994277954,6415,112417,328.799987792969,5762,0.19995978474617,1.89802467823029,16.3193982410199,13.6580809894075,2.66131725161248,5.78382518232974,14.5043961709303,18781,1995,0,0,0,0,0,0,1,0,0,0,0,0,0
"Utah","UT",1996,0,1,1,0,1,0,0,0,0,0,0,1,2022234,30.9553375244141,20109,41585790,1,321,279,42,35306,6412,7327,12212,19,NA,NA,NA,3.47000002861023,6638,113079,331.899993896484,5654,0.207528471946716,1.90455400943756,15.8735339233739,13.7966229427455,2.07691098062835,5.77144112313002,14.5197133988697,19539,1995,1,0,0,0,0,0,0,1,0,0,0,0,0
"Utah","UT",1997,0,1,1,0,1,0,0,0,0,0,0,1,2065001,30.9970645904541,21213,44967717,1,366,324,42,36050,6920,7648,12796,19,NA,NA,NA,3.10999989509583,6878,116569,334,5661.39990234375,0.212149798870087,1.84913289546967,17.7239623612773,15.6900650411307,2.03389732014658,5.90263333340137,14.5406412686387,20444,1995,2,0,0,0,0,0,0,0,1,0,0,0,0
"Utah","UT",1998,0,1,1,0,1,0,0,0,0,0,0,1,2100562,30.4598426818848,22400,48516625,1,350,298,52,34094,7249,8066,13204,24.5,1101977,1061283,40694,3.6928174495697,6599,109025,279.5,4768.10009765625,0.236581221222878,1.82149267196655,16.6622075425529,14.1866795648022,2.47552797775072,5.85793315448346,14.5577154859377,21270,1995,3,0,0,0,0,0,0,0,0,1,0,0,0
"Utah","UT",1986,0,1,1,0,1,0,0,0,0,0,0,1,1662838,29.123067855835,11916,19813909,0,313,261,52,44642,5296,4694,7406,14,NA,NA,NA,5.98000001907349,4441,86774,266.700012207031,5211.7001953125,0.105147622525692,1.39841389656067,18.8232407486478,15.6960569820993,3.12718376654852,5.74620319054015,14.3240363391185,12100,1995,-9,1,0,0,0,0,0,0,0,0,0,0,0
"Utah","UT",1987,0,1,1,0,1,0,0,0,0,0,0,1,1678115,29.2732162475586,12358,20738258,0,297,225,72,44532,5369,4819,7860,19,NA,NA,NA,6.28999996185303,3861,90532,229.800003051758,5388.7998046875,0.108214318752289,1.46395981311798,17.698429487848,13.4079011271576,4.29052836069042,5.6937321388027,14.33318169763,12679,1995,-8,1,0,0,0,0,0,0,0,0,0,0,0
"Utah","UT",1988,0,1,1,0,1,0,0,0,0,0,0,1,1689366,29.5071086883545,13047,22041485,0,297,248,49,37554,5381,5071,8192,19,NA,NA,NA,4.88000011444092,4110,90223,243.100006103516,5335.5,0.135032221674919,1.5223935842514,17.5805598076438,14.6800634084029,2.9004963992409,5.6937321388027,14.3398638685847,13263,1995,-7,1,0,0,0,0,0,0,0,0,0,0,0
"Utah","UT",2002,0,1,1,0,1,0,0,0,0,0,0,1,2324815,30.9744758605957,25933,60288646,1,328,298,30,34637,7974,9230,15334,24.5,1180000,1108000,72000,6.09999990463257,5488,97641,236.699996948242,4210.89990234375,0.266478031873703,1.92299973964691,14.1086495054445,12.8182242458002,1.29042525964432,5.79301360838414,14.6591510239453,24564,1995,7,0,0,0,0,0,0,0,0,0,0,0,1
"Utah","UT",1999,0,1,1,0,1,0,0,0,0,0,0,1,2129836,30.5416049957275,23374,51505057,1,360,315,45,34142,7316,8331,13713,24.5,1084000,1043000,40000,3.70000004768372,5869,100130,275.600006103516,4701.2998046875,0.24401031434536,1.87438488006592,16.9027098800095,14.7898711450083,2.11283873500119,5.88610403145016,14.5715555394162,22044,1995,4,0,0,0,0,0,0,0,0,0,1,0,0
"Utah","UT",2000,0,1,1,0,1,0,0,0,0,0,0,1,2244502,30.6926097869873,24770,55596240,1,373,331,42,34332,7523,8585,14012,24.5,1104000,1068000,36000,3.20000004768372,5711,94247,255.699996948242,4220.2998046875,0.250058263540268,1.86255478858948,16.6183857265442,14.7471465830728,1.87123914347147,5.92157841964382,14.6239942282708,22597,1995,5,0,0,0,0,0,0,0,0,0,0,1,0
"Utah","UT",2001,0,1,1,0,1,0,0,0,0,0,0,1,2283715,30.8335800170898,25695,58680501,1,291,255,36,34431,7778,8885,14567,24.5,1115000,1067000,49000,4.40000009536743,5314,90993,233.199996948242,3993.19995117188,0.258052349090576,1.87284648418427,12.7423956141638,11.1660167752981,1.57637883886562,5.67332326717149,14.6413140608864,23452,1995,6,0,0,0,0,0,0,0,0,0,0,0,1
"Vermont","VT",2007,0,1,1,1,1,0,0,0,0,0,0,1,623481,39.0464401245117,38675,24113330,0,66,62,4,12979,1421,5731,1963,20,352000,338000,14000,4,802,14702,129.100006103516,2366.5,0.441559433937073,1.38142156600952,10.585727552243,9.94416830665249,0.641559245590483,4.18965474202643,13.3430735705024,7694,NA,NA,0,0,0,0,0,0,0,0,0,0,0,0
"Vermont","VT",2008,0,1,1,1,1,0,0,0,0,0,0,1,624151,39.337718963623,40148,25058304,0,73,72,1,12965,1458,5437,1875,21,353000,336000,17000,4.90000009536743,854,15903,137.5,2559.80004882812,0.419359803199768,1.28600823879242,11.6958876938433,11.5356700542016,0.160217639641689,4.29045944114839,13.3441476052569,7312,NA,NA,0,0,0,0,0,0,0,0,0,0,0,0
"Vermont","VT",2009,0,1,1,1,1,0,0,0,0,0,0,1,624817,39.6208190917969,39527,24697271,0,74,68,6,13013,1424,5779,1867,20,359000,336000,23000,6.5,837,15010,134.600006103516,2414.10009765625,0.444094359874725,1.31109547615051,11.8434677673623,10.8831865970356,0.960281170326672,4.30406509320417,13.3452140858442,7646,NA,NA,0,0,0,0,0,0,0,0,0,0,0,0
"Vermont","VT",2010,0,1,1,1,1,1,0,1,0,0,0,1,625960,39.8482818603516,40126,25115706,0,71,66,5,12970,1466,5400,1848,20,361000,339000,22000,6.19999980926514,820,14160,131,2262.30004882812,0.416345417499542,1.26057302951813,11.3425778004984,10.5438047159563,0.798773084542143,4.26267987704132,13.3470417502771,7248,NA,NA,0,0,0,0,0,0,0,0,0,0,0,0
"Vermont","VT",1996,0,1,1,1,0,0,0,0,0,0,0,1,586333,36.4380493164062,22664,13455419,0,88,79,9,12858,1334,4541,1836,16,NA,NA,NA,4.57000017166138,714,16973,121.199996948242,2881.69995117188,0.353165358304977,1.37631189823151,15.0085361049097,13.4735721850894,1.53496391982031,4.47733681447821,13.2816431665466,6377,NA,NA,0,0,0,0,0,0,0,0,0,0,0,0
"Vermont","VT",1997,0,1,1,1,0,0,0,0,0,0,0,1,588632,36.7679595947266,23741,14178904,0,96,84,12,12878,1363,4601,1865,16,NA,NA,NA,3.95000004768372,705,15953,119.699996948242,2708.5,0.35727596282959,1.36830520629883,16.3090012095843,14.2703760583862,2.03862515119803,4.56434819146784,13.2855564795966,6466,NA,NA,0,0,0,0,0,0,0,0,0,0,0,0
"Vermont","VT",2003,0,1,1,1,1,0,0,0,0,0,0,1,617858,37.8862915039062,31862,19686122,0,69,61,8,12977,1383,6034,2275,19,351000,335000,16000,4.59999990463257,707,13803,114.199996948242,2228.69995117188,0.464976489543915,1.64497470855713,11.167614565159,9.87281867354635,1.29479589161264,4.23410650459726,13.3340139365751,8309,NA,NA,0,0,0,0,0,0,0,0,0,0,0,0
"Vermont","VT",2004,0,1,1,1,1,0,0,0,0,0,0,1,619920,38.1592102050781,33742,20917287,0,98,90,8,12973,1397,5843,2012,19,353000,340000,13000,3.70000004768372,713,14559,114.800003051758,2343.60009765625,0.450396984815598,1.44022905826569,15.8084914182475,14.5180023228804,1.29048909536714,4.58496747867057,13.3373457164378,7855,NA,NA,0,0,0,0,0,0,0,0,0,0,0,0
"Vermont","VT",2005,0,1,1,1,1,0,0,0,0,0,0,1,621215,38.4305801391602,34530,21450256,0,73,70,3,13002,1397,5879,1834,19,355000,342000,13000,3.5,782,14749,126,2370,0.452161192893982,1.31281316280365,11.7511650555766,11.2682404642515,0.482924591325065,4.29045944114839,13.3394325167778,7713,NA,NA,0,0,0,0,0,0,0,0,0,0,0,0
"Vermont","VT",2006,0,1,1,1,1,0,0,0,0,0,0,1,622892,38.7456741333008,36768,22902752,0,87,87,0,12985,1421,5922,1910,19,362000,349000,13000,3.59999990463257,905,14920,145.100006103516,2391.39990234375,0.456064701080322,1.34412384033203,13.9671082627486,13.9671082627486,0,4.46590811865458,13.3421284280068,7832,NA,NA,0,0,0,0,0,0,0,0,0,0,0,0
"Vermont","VT",2011,0,1,1,1,1,1,0,1,0,0,0,1,625649,40.1724815368652,42911,26887510,0,55,51,4,12824,1465,5283,1858,20,362000,340000,21000,5.80000019073486,925,15086,147.600006103516,2407.60009765625,0.411961942911148,1.26825940608978,8.79087155897316,8.1515354455933,0.639336113379866,4.00733318523247,13.3465447899542,7141,NA,NA,0,0,0,0,0,0,0,0,0,0,0,0
"Vermont","VT",2012,0,1,1,1,1,1,0,1,0,0,0,1,625340,40.4352378845215,44545,27885970,0,77,67,10,12821,1470,5340,1876,20,356000,337000,18000,5.09999990463257,893,15016,142.600006103516,2398.69995117188,0.416504174470901,1.27619051933289,12.3133015639492,10.7141714907091,1.59913007324016,4.34380542185368,13.3460507808042,7216,NA,NA,0,0,0,0,0,0,0,0,0,0,0,0
"Vermont","VT",1995,0,1,1,1,0,0,0,0,0,0,0,1,582442,36.1044578552246,21684,12771799,0,106,101,5,12850,1334,4382,1824,16,NA,NA,NA,4.28000020980835,692,19395,118.300003051758,3315.39990234375,0.341011673212051,1.367316365242,18.1992370055731,17.3407824298385,0.85845457573458,4.66343909411207,13.274984888649,6206,NA,NA,0,0,0,0,0,0,0,0,0,0,0,0
"Vermont","VT",1998,0,1,1,1,1,0,0,0,0,0,0,1,590579,36.6026992797852,25369,15232160,0,104,92,12,12881,1371,4701,1895,19,331864,321612,10252,3.08921718597412,628,17924,106.300003051758,3032.80004882812,0.364956140518188,1.38220274448395,17.6098371259391,15.5779328421769,2.03190428376221,4.64439089914137,13.2888586905992,6596,NA,NA,0,0,0,0,0,0,0,0,0,0,0,0
"Vermont","VT",1999,0,1,1,1,1,0,0,0,0,0,0,1,593740,36.9031639099121,26695,16141855,0,90,83,7,12890,1376,4578,2289,19,336000,326000,10000,3,676,16059,113.900001525879,2704.69995117188,0.355159044265747,1.66351747512817,15.1581500320005,13.9791828072894,1.17896722471115,4.49980967033027,13.2941967920839,6867,NA,NA,0,0,0,0,0,0,0,0,0,0,0,0
"Vermont","VT",2000,0,1,1,1,1,0,0,0,0,0,0,1,609618,37.1409187316895,28547,17403009,0,76,69,7,12895,1380,4862,1949,19,332000,322000,10000,2.90000009536743,691,17494,113.5,2873.39990234375,0.37704536318779,1.41231882572174,12.4668234861832,11.3185634282452,1.14826005793792,4.33073334028633,13.3205878104777,6811,NA,NA,0,0,0,0,0,0,0,0,0,0,0,0
"Vermont","VT",2001,0,1,1,1,1,0,0,0,0,0,0,1,612223,37.3814468383789,29977,18352569,0,92,87,5,12907,1383,7251,2366,19,335000,323000,12000,3.59999990463257,644,16334,105.099998474121,2664.69995117188,0.561788201332092,1.71077370643616,15.0272041396681,14.2105082625122,0.816695877155873,4.52178857704904,13.3248518742095,9617,NA,NA,0,0,0,0,0,0,0,0,0,0,0,0
"Vermont","VT",2002,0,1,1,1,1,0,0,0,0,0,0,1,615442,37.6351127624512,30554,18804283,0,78,73,5,12909,1383,7326,2351,19,349000,336000,13000,3.70000004768372,658,14942,106.699996948242,2424,0.567511022090912,1.69992768764496,12.673818166456,11.8613939250165,0.812424241439486,4.35670882668959,13.3300959878351,9677,NA,NA,0,0,0,0,0,0,0,0,0,0,0,0
"Vermont","VT",1993,0,0,1,1,0,0,0,0,0,0,0,1,573837,35.5947685241699,19961,11532518,0,110,105,5,12842,1324,4207,1769,16,NA,NA,NA,5.44000005722046,658,22223,114.199996948242,3858.19995117188,0.327596932649612,1.33610272407532,19.1692065865394,18.297879014424,0.871327572115426,4.70048036579242,13.2601006628485,5976,NA,NA,0,0,0,0,0,0,0,0,0,0,0,0
"Vermont","VT",1994,0,1,1,1,0,0,0,0,0,0,0,1,578703,35.8175392150879,20753,12116331,0,77,73,4,12847,1333,4342,1810,16,NA,NA,NA,4.67000007629395,562,18290,96.9000015258789,3153.39990234375,0.337977737188339,1.3578394651413,13.3056161796293,12.6144153391291,0.691200840500222,4.34380542185368,13.2685446715817,6152,NA,NA,0,0,0,0,0,0,0,0,0,0,0,0
"Vermont","VT",1992,0,0,1,1,0,0,0,0,0,0,0,1,569898,35.3716430664062,19401,11111940,0,96,85,11,12831,1314,4315,1704,16,NA,NA,NA,6.65999984741211,624,18813,109.5,3300.5,0.336294919252396,1.29680359363556,16.8451196529905,14.914949692752,1.9301699602385,4.56434819146784,13.2532126764293,6019,NA,NA,0,0,0,0,0,0,0,0,0,0,0,0
"Vermont","VT",1991,0,0,1,1,0,0,0,0,0,0,0,1,566906,35.1350440979004,18257,10381297,0,110,99,11,12940,1196,4269,1601,16,NA,NA,NA,6.40999984741211,662,21764,116.800003051758,3838.39990234375,0.329907268285751,1.3386287689209,19.4035695512131,17.4632125960918,1.94035695512131,4.70048036579242,13.2479487841336,5870,NA,NA,0,0,0,0,0,0,0,0,0,0,0,0
"Vermont","VT",1987,0,0,0,1,0,0,0,0,0,0,0,1,540273,34.6622619628906,15058,8135384,0,119,110,9,13101,970,3886,1153,13,NA,NA,NA,3.67000007629395,748,22658,136.5,4134.7001953125,0.296618580818176,1.18865978717804,22.0259017200563,20.3600772202201,1.66582449983619,4.77912349311153,13.1998298463459,5039,NA,NA,0,0,0,0,0,0,0,0,0,0,0,0
"Vermont","VT",1988,0,0,0,1,0,0,0,0,0,0,0,1,549766,34.794116973877,16181,8895443,0,129,121,8,13111,978,4278,1275,13,NA,NA,NA,2.65000009536743,791,22786,142.300003051758,4098.2001953125,0.326290905475616,1.30368101596832,23.4645285448718,22.0093639839495,1.45516456092228,4.85981240436167,13.2172480121317,5553,NA,NA,0,0,0,0,0,0,0,0,0,0,0,0
"Vermont","VT",1984,0,0,0,1,0,0,0,0,0,0,0,0,526658,34.2462120056152,12185,6417346,0,114,102,12,13075,933,3319,1084,13,NA,NA,NA,5.17999982833862,769,20261,145.100006103516,3822.80004882812,0.25384321808815,1.1618435382843,21.6459258190325,19.3674073117659,2.27851850726658,4.7361984483945,13.1743066605034,4403,NA,NA,0,0,0,0,0,0,0,0,0,0,0,0
"Vermont","VT",1989,0,0,0,1,0,0,0,0,0,0,0,1,557699,34.9152412414551,17655,9846173,0,116,104,12,12923,1170,4204,1561,16,NA,NA,NA,3.60999989509583,753,22429,132.800003051758,3955.69995117188,0.325311452150345,1.33418798446655,20.7997504029952,18.6480520854439,2.15169831755122,4.75359019110636,13.2315746692973,5765,NA,NA,0,0,0,0,0,0,0,0,0,0,0,0
"Vermont","VT",1990,0,0,1,1,0,0,0,0,0,0,0,1,564492,35.0224647521973,18076,10209556,0,90,78,12,12941,1180,4250,1588,16,NA,NA,NA,5.03000020980835,716,23713,127.199996948242,4213.7001953125,0.32841357588768,1.34576272964478,15.9435386152505,13.8177334665505,2.12580514870007,4.49980967033027,13.243681490638,5838,NA,NA,0,0,0,0,0,0,0,0,0,0,0,0
"Vermont","VT",1983,0,0,0,1,0,0,0,0,0,0,0,0,523308,34.1230010986328,11112,5814772,0,94,82,12,13092,902,3171,980,13,NA,NA,NA,6.75,696,21001,132.600006103516,4000.19995117188,0.242208987474442,1.08647453784943,17.9626529691883,15.6695483348239,2.29310463436447,4.54329478227,13.1679254798414,4151,NA,NA,0,0,0,0,0,0,0,0,0,0,0,0
"Vermont","VT",1985,0,0,0,1,0,0,0,0,0,0,0,0,530029,34.4029426574707,13086,6936207,0,115,99,16,13071,960,3564,1124,13,NA,NA,NA,4.67999982833862,790,20011,147.699996948242,3740.39990234375,0.272664666175842,1.17083334922791,21.6969260172557,18.6782232670288,3.01870275022687,4.74493212836325,13.1806870010125,4688,NA,NA,0,0,0,0,0,0,0,0,0,0,0,0
"Vermont","VT",1986,0,0,0,1,0,0,0,0,0,0,0,1,534055,34.5319519042969,14003,7478488,0,109,97,12,13085,964,3661,1117,13,NA,NA,NA,4.78000020980835,807,20708,149.199996948242,3827.69995117188,0.279786020517349,1.15871369838715,20.4098828772317,18.1629232944172,2.2469595828145,4.69134788222914,13.1882541088933,4778,NA,NA,0,0,0,0,0,0,0,0,0,0,0,0
"Virginia","VA",1984,0,0,0,1,0,0,0,0,0,0,0,0,5643860,34.0658760070801,14641,82629607,0,1013,844,169,52342,12993,22652,21875,11,NA,NA,NA,5.03000020980835,16660,196581,295.600006103516,3488,0.43276908993721,1.68359887599945,17.9487088623743,14.9543043236367,2.99440453873767,6.92067150424868,15.5460787865444,44527,2010,-26,1,0,0,0,0,0,0,0,0,0,0,0
"Virginia","VA",1988,0,1,0,1,0,0,0,0,0,0,0,1,6036911,34.4999580383301,18902,114109225,0,1072,920,152,52047,14845,26584,30869,17.5,NA,NA,NA,3.89000010490417,17940,232496,299.200012207031,3877.5,0.510769128799438,2.07942056655884,17.7574259418434,15.2395819650149,2.51784397682855,6.97728134163075,15.6134030152482,57453,2010,-22,1,0,0,0,0,0,0,0,0,0,0,0
"Virginia","VA",1985,0,0,0,1,0,0,0,0,0,0,0,0,5715156,34.2182388305664,15664,89521359,0,976,816,160,51679,13813,22922,25006,11,NA,NA,NA,5.57999992370605,16813,198821,294.700012207031,3484.39990234375,0.44354572892189,1.81032359600067,17.0773991121152,14.2778254871783,2.79957362493692,6.88346258641309,15.5586321514264,47928,2010,-25,1,0,0,0,0,0,0,0,0,0,0,0
"Virginia","VA",1986,0,0,0,1,0,0,0,0,0,0,0,1,5811691,34.3118133544922,16618,96577820,0,1126,977,149,51478,14324,24075,27651,15,NA,NA,NA,4.98999977111816,17708,205658,306,3553.80004882812,0.467675507068634,1.93039655685425,19.3747396411819,16.8109419444358,2.56379769674609,7.02642680869964,15.5753821363952,51726,2010,-24,1,0,0,0,0,0,0,0,0,0,0,0
"Virginia","VA",1987,0,0,0,1,0,0,0,0,0,0,0,1,5932267,34.3914756774902,17579,104282405,0,1021,893,128,51631,14494,25093,29741,17.5,NA,NA,NA,4.23000001907349,17414,216354,295,3664.5,0.48600646853447,2.05195260047913,17.2109583064956,15.0532671573953,2.15769114910034,6.92853781816467,15.5959169913417,54834,2010,-23,1,0,0,0,0,0,0,0,0,0,0,0
"Virginia","VA",1992,0,1,0,1,0,0,0,0,0,0,0,1,6384245,35.1587867736816,22421,143817761,0,839,733,106,52848,15581,29770,33677,17.5,NA,NA,NA,6.42999982833862,23907,250211,374.899993896484,3923.60009765625,0.563313663005829,2.1614146232605,13.1417262338773,11.4813889504554,1.66033728342192,6.73221070646721,15.6693437945684,63447,2010,-18,1,0,0,0,0,0,0,0,0,0,0,0
"Virginia","VA",1989,0,1,0,1,0,0,0,0,0,0,0,1,6120232,34.5945816040039,20150,123321326,0,1004,838,166,52228,15054,27501,31836,17.7000007629395,NA,NA,NA,3.9300000667572,19057,237757,312.5,3898.89990234375,0.526556611061096,2.11478686332703,16.4046068841835,13.6922914033324,2.71231548085105,6.91174730025167,15.6271105622667,59337,2010,-21,1,0,0,0,0,0,0,0,0,0,0,0
"Virginia","VA",1990,0,1,0,1,0,0,0,0,0,0,0,1,6213570,34.8775329589844,20831,129502419,0,1079,942,137,52448,15251,28059,32119,17.7000007629395,NA,NA,NA,4.34999990463257,21694,253063,350.600006103516,4090,0.534987032413483,2.10602593421936,17.365218384922,15.1603667456873,2.20485163923477,6.98378996525813,15.642246167957,60178,2010,-20,1,0,0,0,0,0,0,0,0,0,0,0
"Virginia","VA",1991,0,1,0,1,0,0,0,0,0,0,0,1,6283993,34.9841499328613,21423,134992689,0,948,814,134,52634,15409,28670,32429,17.7000007629395,NA,NA,NA,5.92999982833862,23459,266160,373.200012207031,4234.2001953125,0.544704914093018,2.10454940795898,15.0859493318977,12.9535472111443,2.13240212075348,6.85435450225502,15.6535161644169,61099,2010,-19,1,0,0,0,0,0,0,0,0,0,0,0
"Virginia","VA",1983,0,0,0,1,0,0,0,0,0,0,0,0,5564658,33.8828811645508,13343,74250775,0,901,751,150,52507,12595,21592,20707,11,NA,NA,NA,6.03000020980835,16236,203632,292.5,3669,0.411221355199814,1.64406514167786,16.1914712458519,13.4958877975969,2.69558344825504,6.80350525760834,15.5319460852777,42299,2010,-27,1,0,0,0,0,0,0,0,0,0,0,0
"Virginia","VA",1996,0,1,1,1,1,0,0,0,0,0,0,1,6667373,35.8557472229004,25943,175140172,0,877,753,124,50854,18530,31329,39973,17.5,NA,NA,NA,4.3899998664856,22782,242100,341.299987792969,3627,0.616057753562927,2.15720462799072,13.1536063754045,11.2938034215275,1.85980295387704,6.77650699237218,15.7127364872379,71302,2010,-14,1,0,0,0,0,0,0,0,0,0,0,0
"Virginia","VA",1997,0,1,1,1,1,0,0,0,0,0,0,1,6737489,35.9941482543945,27332,186656664,0,984,874,110,50975,18655,31149,39171,17.5,NA,NA,NA,3.95000004768372,23249,237773,345.200012207031,3530.89990234375,0.611064255237579,2.0997588634491,14.60484759233,12.9721918655452,1.63265572678486,6.89162589705225,15.723197861545,70320,2010,-13,1,0,0,0,0,0,0,0,0,0,0,0
"Virginia","VA",1998,0,1,1,1,1,0,0,0,0,0,0,1,6789225,35.5131378173828,28898,199426051,0,935,816,119,51032,18828,31579,39107,17.5,3483904,3384656,99248,2.84875822067261,22115,226461,325.700012207031,3334.69995117188,0.618807792663574,2.07706618309021,13.7718222624821,12.0190448836207,1.75277737886136,6.84054652928869,15.7308473545817,70686,2010,-12,1,0,0,0,0,0,0,0,0,0,0,0
"Virginia","VA",1999,0,1,1,1,1,0,0,0,0,0,0,1,6872912,35.6472663879395,30468,213283618,0,878,781,97,51325,19000,31343,42561,17.5,3522000,3424000,98000,2.79999995231628,21626,210260,314.700012207031,3059.30004882812,0.610677063465118,2.24005270004272,12.7747889104356,11.3634511834285,1.41133772700713,6.77764659363512,15.7430984462971,73904,2010,-11,1,0,0,0,0,0,0,0,0,0,0,0
"Virginia","VA",2000,0,1,1,1,1,0,0,0,0,0,0,1,7105817,35.7965354919434,32453,230606161,0,929,821,108,51455,18936,32252,42549,17.5,3610000,3530000,80000,2.20000004768372,19943,194405,281.700012207031,2746.39990234375,0.626800119876862,2.24698996543884,13.0737957366479,11.5539142085984,1.51988152804948,6.83410873881384,15.7764243023466,74801,2010,-10,1,0,0,0,0,0,0,0,0,0,0,0
"Virginia","VA",2001,0,1,1,1,1,0,0,0,0,0,0,1,7198362,35.9399070739746,33673,242393168,0,935,820,115,51654,19065,32425,41320,17.5,3675000,3548000,127000,3.5,20939,207506,291,2883.30004882812,0.627734541893005,2.16732239723206,12.9890661236542,11.3914804506914,1.59758567296282,6.84054652928869,15.7893640581042,73745,2010,-9,1,0,0,0,0,0,0,0,0,0,0,0
"Virginia","VA",2002,0,1,1,1,1,0,0,0,0,0,0,1,7286873,36.098705291748,34315,250049197,0,914,814,100,51759,19191,33916,43534,17.5,3735000,3583000,152000,4.09999990463257,21256,207783,291.700012207031,2851.10009765625,0.655267655849457,2.26845908164978,12.5431031939215,11.1707724287222,1.37233076519928,6.81783057145415,15.8015850682036,77450,2010,-8,1,0,0,0,0,0,0,0,0,0,0,0
"Virginia","VA",2003,0,1,1,1,1,0,0,0,0,0,0,1,7366977,36.2527809143066,35910,264549736,0,943,847,96,50231,21012,29810,47058,17.5,3773000,3620000,154000,4.09999990463257,20490,200449,278.200012207031,2721.5,0.593458235263824,2.239577293396,12.8003657402487,11.4972532152605,1.3031125249882,6.84906628263346,15.8125180036294,76868,2010,-7,1,0,0,0,0,0,0,0,0,0,0,0
"Virginia","VA",2004,0,1,1,1,1,0,0,0,0,0,0,1,7475575,36.3660469055176,37742,282141974,0,922,821,101,50308,21226,30598,48279,17.5,3766000,3619000,147000,3.90000009536743,20608,200368,275.5,2678.19995117188,0.608213424682617,2.27452182769775,12.3334994298097,10.982432789451,1.35106664035877,6.82654522355659,15.8271515973595,78877,2010,-6,1,0,0,0,0,0,0,0,0,0,0,0
"Virginia","VA",2005,0,1,1,1,1,0,0,0,0,0,0,1,7577105,36.5049476623535,39825,301754760,0,947,835,112,50474,21487,30857,49480,17.5,3918000,3781000,138000,3.5,21434,200404,283,2649,0.611344456672668,2.30278778076172,12.4981770742256,11.0200399756899,1.47813709853565,6.85329909318608,15.8406417585448,80337,2010,-5,0,1,0,0,0,0,0,0,0,0,0,0
"Virginia","VA",1993,0,1,0,1,0,0,0,0,0,0,0,1,6466977,35.3333435058594,23239,151274339,0,879,752,127,52848,15581,30187,33984,17.5,NA,NA,NA,5.09999990463257,24160,242975,372.200012207031,3743.30004882812,0.57120418548584,2.18111801147461,13.592131222981,11.6283079404798,1.96382328250124,6.77878489768518,15.6822193239047,64171,2010,-17,1,0,0,0,0,0,0,0,0,0,0,0
"Virginia","VA",1994,0,1,1,1,0,0,0,0,0,0,0,1,6538594,35.4996147155762,24129,159087397,0,930,810,120,50747,18196,29194,38415,17.5,NA,NA,NA,4.86999988555908,23437,241763,357.700012207031,3689.89990234375,0.575285255908966,2.11117839813232,14.2232412656299,12.3879843281293,1.83525693750063,6.8351845861473,15.6932327156114,67609,2010,-16,1,0,0,0,0,0,0,0,0,0,0,0
"Virginia","VA",1995,0,1,1,1,1,0,0,0,0,0,0,1,6601639,35.6693115234375,25013,166853458,0,900,791,109,50767,18375,30397,39414,17.5,NA,NA,NA,4.5,23921,240084,361.5,3627.69995117188,0.598755121231079,2.14497947692871,13.6329781134655,11.9818729863902,1.65110512707526,6.80239476332431,15.7028285095004,69811,2010,-15,1,0,0,0,0,0,0,0,0,0,0,0
"Virginia","VA",2009,0,1,1,1,1,1,0,1,0,0,0,1,7925937,37.1558990478516,44063,349238123,0,758,671,87,50386,23795,29931,50996,17.5,4130000,3856000,274000,6.59999990463257,18195,194020,230.800003051758,2461.39990234375,0.594034075737,2.1431393623352,9.56353803972956,8.46587602197696,1.0976620177526,6.63068338564237,15.8856511041771,80927,2010,-1,0,0,0,0,0,0,0,0,0,0,0,0
"Virginia","VA",2010,0,1,1,1,1,1,0,1,0,0,0,1,8024617,37.3164405822754,44854,359956124,1,740,651,89,50526,23852,29866,52304,17.5,4108000,3800000,308000,7.5,17184,187403,214.199996948242,2335.5,0.591101586818695,2.19285583496094,9.22162391052433,8.11253671047478,1.10908720004955,6.60665018619822,15.8980244999847,82170,2010,0,0,0,0,0,0,1,0,0,0,0,0,0
"Virginia","VA",2011,0,1,1,1,1,1,0,1,0,0,0,1,7990773,37.5772476196289,47126,381930403,1,764,683,81,50391,24070,29620,51354,17.5,4229000,3954000,276000,6.5,16014,182902,197.600006103516,2256.80004882812,0.587803363800049,2.13352727890015,9.56102745003518,8.54735830939009,1.01366914064509,6.63856778916652,15.8937980589953,80974,2010,1,0,0,0,0,0,0,1,0,0,0,0,0
"Virginia","VA",2012,0,1,1,1,1,1,0,1,1,0,1,1,8074537,37.7439994812012,48377,396005223,1,777,666,111,50179,24413,29716,51243,17.5,4199000,3948000,251000,6,15564,176985,190.100006103516,2162.10009765625,0.592199921607971,2.0990047454834,9.62284277104681,8.24815094661155,1.37469182443526,6.65544035036765,15.9042260879678,80959,2010,2,0,0,0,0,0,0,0,1,0,0,0,0
"Virginia","VA",2008,0,1,1,1,1,0,0,1,0,0,0,1,7833496,36.9766044616699,44900,351721155,0,825,736,89,50334,23569,30201,52077,17.5,4149000,3984000,166000,4,20031,196726,257.799987792969,2532.19995117188,0.600011944770813,2.20955491065979,10.531696192862,9.39554957326844,1.1361466195936,6.71538338633468,15.8739194561881,82278,2010,-2,0,0,0,0,1,0,0,0,0,0,0,0
"Virginia","VA",2006,0,1,1,1,1,0,0,0,0,0,0,1,7673725,36.651969909668,42075,322869696,0,962,864,98,50631,21699,31531,49564,17.5,3970000,3848000,123000,3.09999990463257,21683,190257,283.700012207031,2489.30004882812,0.622760772705078,2.28416061401367,12.5362845293518,11.2591994109771,1.27708511837471,6.86901445066571,15.853312713859,81095,2010,-4,0,0,1,0,0,0,0,0,0,0,0,0
"Virginia","VA",2007,0,1,1,1,1,0,0,1,0,0,0,1,7751000,36.8081092834473,43921,340434715,0,1027,932,95,50348,22311,30894,51183,17.5,4035000,3911000,125000,3.09999990463257,21035,191763,272.799987792969,2486.5,0.613609254360199,2.29407024383545,13.2499032382918,12.0242549348471,1.22564830344472,6.93439720992856,15.8633324252636,82077,2010,-3,0,0,0,1,0,0,0,0,0,0,0,0
"Washington","WA",1998,0,1,0,0,1,0,0,0,0,0,0,1,5687832,35.3601455688477,29420,169740426,1,662,575,87,62575,17651,16738,35189,23,3032022,2886872,145150,4.78723430633545,24380,309419,428.5,5438.89990234375,0.267487019300461,1.99359810352325,11.6388810358674,10.1092999933894,1.52958104247805,6.49526555593701,15.553839714164,51927,1995,3,0,0,0,0,0,0,0,0,1,0,0,0
"Washington","WA",1997,0,1,0,0,1,0,0,0,0,0,0,1,5614151,35.7070693969727,27281,154810718,1,674,585,89,61936,17649,16476,34568,23,NA,NA,NA,4.76000022888184,24724,307742,440.700012207031,5485.60009765625,0.26601654291153,1.95863783359528,12.0053771264791,10.4200973575524,1.58527976892677,6.51323011091231,15.5408009325854,51044,1995,2,0,0,0,0,0,0,0,1,0,0,0,0
"Washington","WA",2002,1,0,1,0,1,0,0,0,0,0,0,1,6052349,35.9079170227051,33554,203082128,1,658,575,83,63008,19173,17481,37295,23,3097000,2871000,226000,7.30000019073486,20964,288967,345.5,4762.89990234375,0.277440965175629,1.94518327713013,10.8718119196365,9.50044354679481,1.37136837284169,6.48920493132532,15.6159570191147,54776,1995,7,0,0,0,0,0,0,0,0,0,0,0,1
"Washington","WA",1999,0,1,1,0,1,0,0,0,0,0,0,1,5756361,35.4794273376465,31065,181500261,1,637,567,70,62062,18194,16887,35827,23,3076000,2931000,145000,4.69999980926514,21716,280793,377.299987792969,4878,0.272098869085312,1.96916568279266,11.0660189658015,9.84997292560352,1.21604604019797,6.45676965557216,15.5658160621875,52714,1995,4,0,0,0,0,0,0,0,0,0,1,0,0
"Washington","WA",2000,0,1,0,0,1,0,0,0,0,0,0,1,5910512,35.5278587341309,32865,194251014,1,631,551,80,62012,18197,17202,36128,23,3045000,2888000,158000,5.19999980926514,21788,279144,369.700012207031,4736,0.277397930622101,1.98538219928741,10.6758940680604,9.32237342551711,1.35352064254332,6.44730586254121,15.5922430184556,53330,1995,5,0,0,0,0,0,0,0,0,0,0,1,0
"Washington","WA",2001,0,1,1,0,1,0,0,0,0,0,0,1,5985722,35.7040252685547,33233,198924460,1,649,566,83,62795,18190,17236,36429,23,2996000,2804000,192000,6.40000009536743,21258,287234,354.700012207031,4792.5,0.27448046207428,2.00269389152527,10.8424681266521,9.45583506885218,1.38663305779988,6.47543271670409,15.604887524619,53665,1995,6,0,0,0,0,0,0,0,0,0,0,0,1
"Washington","WA",1993,0,1,0,0,0,0,0,0,0,0,0,1,5248735,35.1812362670898,22738,120031194,0,661,573,88,62210,17218,14821,31314,23,NA,NA,NA,7.61999988555908,27040,285753,514.599975585938,5437.7001953125,0.23824143409729,1.81867814064026,12.5935106268463,10.9169161712298,1.67659445561645,6.49375383985169,15.4734976531532,46135,1995,-2,0,0,0,0,1,0,0,0,0,0,0,0
"Washington","WA",1994,0,1,0,0,1,0,0,0,0,0,0,1,5336121,35.3267478942871,23488,126249814,0,640,539,101,62298,17501,15418,32010,23,NA,NA,NA,6.40999984741211,27317,294734,511.299987792969,5516.2998046875,0.247487887740135,1.82903838157654,11.993731026714,10.1009703490607,1.8927606776533,6.46146817635372,15.4900095424824,47428,1995,-1,0,0,0,0,0,0,0,0,0,0,0,0
"Washington","WA",1995,0,1,0,0,1,0,0,0,0,0,0,1,5433068,35.4820289611816,24346,133439562,1,653,566,87,62098,17612,16176,33074,23,NA,NA,NA,6.3600001335144,26300,314213,484.299987792969,5785.5,0.260491490364075,1.87792408466339,12.0189918477,10.4176866551275,1.60130519257259,6.48157712927643,15.5080145415606,49250,1995,0,0,0,0,0,0,1,0,0,0,0,0,0
"Washington","WA",1996,0,1,0,0,1,0,0,0,0,0,0,1,5518801,35.6176986694336,25768,143521290,1,712,606,106,61908,17647,15944,33461,23,NA,NA,NA,6.48999977111816,23857,303111,431.200012207031,5478.2001953125,0.257543444633484,1.8961296081543,12.901353029399,10.9806459772693,1.92070705212962,6.56807791141198,15.5236711845148,49405,1995,1,0,0,0,0,0,0,1,0,0,0,0,0
"Washington","WA",1983,0,0,0,0,0,0,0,0,0,0,0,1,4300270,34.0685386657715,13407,57653542,0,698,597,101,70978,14753,16098,20046,16,NA,NA,NA,11.1800003051758,15986,245357,371.799987792969,5706,0.226802676916122,1.35877454280853,16.2315389498799,13.8828492164445,2.34868973343534,6.54821910276237,15.2741883693902,36144,1995,-12,1,0,0,0,0,0,0,0,0,0,0,0
"Washington","WA",1984,0,0,0,0,0,0,0,0,0,0,0,1,4343650,34.2658348083496,14246,61878676,0,746,642,104,65681,15038,14121,20127,18,NA,NA,NA,9.46000003814697,17676,247687,406.399993896484,5695.2998046875,0.214993685483932,1.33840930461884,17.1744961035074,14.7801963786217,2.39429972488575,6.61472560020376,15.2842255664475,34248,1995,-11,1,0,0,0,0,0,0,0,0,0,0,0
"Washington","WA",1985,0,0,0,0,0,0,0,0,0,0,0,1,4400098,34.3894538879395,14938,65726570,0,744,648,96,65648,15426,13686,20689,18,NA,NA,NA,8.14999961853027,18757,269099,425.399993896484,6103.39990234375,0.20847550034523,1.34117722511292,16.9087143059086,14.7269447180495,2.18176958785918,6.61204103483309,15.2971373713677,34375,1995,-10,1,0,0,0,0,0,0,0,0,0,0,0
"Washington","WA",1986,0,0,0,0,0,0,0,0,0,0,0,1,4452722,34.5488815307617,15801,70357031,0,703,601,102,65039,15439,14339,21654,18,NA,NA,NA,8.19999980926514,19505,287535,437,6442.60009765625,0.22046771645546,1.40255200862885,15.7880954616075,13.497361838444,2.29073362316354,6.55535689181067,15.3090261525324,35993,1995,-9,1,0,0,0,0,0,0,0,0,0,0,0
"Washington","WA",1987,0,1,0,0,0,0,0,0,0,0,0,1,4531891,34.6830558776855,16478,74676889,0,780,669,111,63399,16110,14799,23721,18,NA,NA,NA,7.57000017166138,19945,298491,439.5,6577.60009765625,0.2334263920784,1.4724395275116,17.2113583490865,14.7620496609473,2.44930868813923,6.65929391968364,15.3266498496493,38520,1995,-8,1,0,0,0,0,0,0,0,0,0,0,0
"Washington","WA",1988,0,1,0,0,0,0,0,0,0,0,0,1,4639893,34.7814712524414,17521,81297370,0,778,669,109,65299,16247,15293,26520,18,NA,NA,NA,6.19000005722046,21543,307008,466.399993896484,6646.60009765625,0.234199598431587,1.63230133056641,16.767628046595,14.4184359423806,2.34919210421447,6.65672652417839,15.3502018635917,41813,1995,-7,1,0,0,0,0,0,0,0,0,0,0,0
"Washington","WA",1989,0,1,0,0,0,0,0,0,0,0,0,1,4746321,34.8549461364746,18950,89944983,0,781,661,120,65011,16428,15861,27372,18,NA,NA,NA,6.17000007629395,22460,291472,471.700012207031,6122.10009765625,0.243974089622498,1.66617965698242,16.4548499774878,13.9265759732643,2.52827400422348,6.66057514983969,15.3728803495946,43233,1995,-6,1,0,0,0,0,0,0,0,0,0,0,0
"Washington","WA",1990,0,1,0,0,0,0,0,0,0,0,0,1,4900747,34.8150367736816,20158,98836571,0,825,730,95,65039,16260,16764,27931,22,NA,NA,NA,4.94000005722046,24410,278440,501.600006103516,5721.2998046875,0.257753044366837,1.71777367591858,16.8341683420915,14.895688351184,1.93847999090751,6.71538338633468,15.4048982004413,44695,1995,-5,0,1,0,0,0,0,0,0,0,0,0,0
"Washington","WA",1991,0,1,0,0,0,0,0,0,0,0,0,1,5014971,34.9219398498535,21045,105764944,0,682,598,84,63313,16569,17295,29154,23,NA,NA,NA,6.38000011444092,26224,290115,522.599975585938,5781.5,0.273166656494141,1.75955092906952,13.5992810327318,11.9242962721021,1.67498476062972,6.52502965784346,15.4279381967094,46449,1995,-4,0,0,1,0,0,0,0,0,0,0,0,0
"Washington","WA",1992,0,1,0,0,0,0,0,0,0,0,0,1,5142553,35.0358505249023,22132,114219155,0,651,558,93,62388,17025,16692,32694,23,NA,NA,NA,7.57999992370605,27454,289581,534.5,5638.2998046875,0.267551451921463,1.92035245895386,12.6590819773758,10.8506416948936,1.80844028248226,6.47850964220857,15.4530602067274,49386,1995,-3,0,0,0,1,0,0,0,0,0,0,0,0
"Washington","WA",2006,1,0,1,0,1,0,0,0,0,0,0,1,6370753,36.7367668151855,40139,255717399,1,633,554,79,60787,22468,16531,39986,34,3327000,3160000,167000,5,22303,288456,348.700012207031,4510.10009765625,0.271949589252472,1.77968668937683,9.93603110966631,8.69598931240938,1.24004179725693,6.45047042214418,15.6672282309231,56517,1995,11,0,0,0,0,0,0,0,0,0,0,0,1
"Washington","WA",2007,1,0,1,0,1,1,1,0,0,0,0,1,6461587,36.905574798584,42845,276846493,1,571,494,77,60881,22551,16725,40214,36,3419000,3261000,158000,4.59999990463257,21768,261776,336.5,4047,0.274716258049011,1.78324687480927,8.83683838041645,7.64518066536905,1.1916577150474,6.34738920965601,15.6813855112226,56939,1995,12,0,0,0,0,0,0,0,0,0,0,0,1
"Washington","WA",2008,1,0,1,0,1,1,1,0,0,0,0,1,6562231,37.0217399597168,44162,289801024,1,521,448,73,60784,22743,16085,39473,37.5,3471000,3286000,185000,5.30000019073486,21888,249283,334.200012207031,3806.30004882812,0.264625549316406,1.73561096191406,7.93937305772991,6.82694650645489,1.11242655127502,6.25575004175337,15.6968411945657,55558,1995,13,0,0,0,0,0,0,0,0,0,0,0,1
"Washington","WA",2009,1,0,1,0,1,1,1,0,1,0,1,1,6667426,37.1745872497559,42112,280778028,1,492,421,71,60316,23189,16687,39730,37.5,3532000,3216000,317000,9,22412,245215,336.299987792969,3679.60009765625,0.276659578084946,1.71331238746643,7.37915951373139,6.31428080341649,1.0648787103149,6.19847871649231,15.712744436364,56417,1995,14,0,0,0,0,0,0,0,0,0,0,0,1
"Washington","WA",2010,1,0,1,0,1,1,1,1,1,0,1,1,6744496,37.3667678833008,42521,286743785,1,460,391,69,60312,23510,17177,40014,37.5,3541000,3180000,361000,10.1999998092651,21138,249426,313.5,3699.10009765625,0.284802347421646,1.70199918746948,6.82037620008967,5.79731977007622,1.02305643001345,6.13122648948314,15.7242373228159,57191,1995,15,0,0,0,0,0,0,0,0,0,0,0,1
"Washington","WA",2011,1,0,1,0,1,1,1,1,1,0,1,1,6768319,37.6094131469727,44420,303087834,1,454,373,81,60059,23683,17001,39953,37.5,3452000,3127000,325000,9.39999961853027,20152,244209,295.299987792969,3579.10009765625,0.283071637153625,1.68699061870575,6.70772166619215,5.51096956275258,1.19675210343957,6.11809719804135,15.7277633127272,56954,1995,16,0,0,0,0,0,0,0,0,0,0,0,1
"Washington","WA",2012,1,0,1,0,1,1,1,1,1,0,1,1,6847832,37.8036499023438,46045,317574707,1,444,355,89,60136,23742,16947,39815,37.5,3472000,3184000,289000,8.30000019073486,20386,252333,295.600006103516,3658.60009765625,0.281811237335205,1.6769859790802,6.48380392509629,5.18412250767834,1.29968141741795,6.09582456243222,15.7394426637925,56762,1995,17,0,0,0,0,0,0,0,0,0,0,0,1
"Washington","WA",2004,1,0,1,0,1,0,0,0,0,0,0,1,6178645,36.343376159668,36715,226847115,1,567,499,68,61093,20125,16238,39435,28,3240000,3037000,202000,6.19999980926514,21330,300837,343.600006103516,4846.7001953125,0.26579150557518,1.95950305461884,9.17676934020323,8.07620441051396,1.10056492968928,6.34035930372775,15.6366095497304,55673,1995,9,0,0,0,0,0,0,0,0,0,0,0,1
"Washington","WA",2005,1,0,1,0,1,0,0,0,0,0,0,1,6257305,36.5549736022949,37651,235591415,1,649,559,90,63234,20147,16202,39274,31,3298000,3114000,184000,5.59999990463257,21745,307661,346,4890,0.256222903728485,1.94937217235565,10.3718773497536,8.9335584568756,1.438318892878,6.47543271670409,15.6492601391976,55476,1995,10,0,0,0,0,0,0,0,0,0,0,0,1
"Washington","WA",2003,1,0,1,0,1,0,0,0,0,0,0,1,6104115,36.132022857666,34620,211324292,1,600,512,88,62807,19459,17914,37101,28,3140000,2903000,237000,7.5,21272,291542,346.899993896484,4755,0.285222977399826,1.9066241979599,9.82943473378205,8.38778430616068,1.44165042762137,6.39692965521615,15.6244736918738,55015,1995,8,0,0,0,0,0,0,0,0,0,0,0,1
"West Virginia","WV",2012,0,1,1,1,1,1,1,1,1,0,1,1,1855265,40.5207824707031,35082,65090872,1,339,307,32,33130,5554,11108,8117,33.4000015258789,808000,748000,60000,7.40000009536743,5869,43878,316.299987792969,2364.89990234375,0.335285246372223,1.4614691734314,18.2723222828006,16.5475013003533,1.72482098244725,5.82600010738045,14.4335381009634,19225,1998,14,0,0,0,0,0,0,0,0,0,0,0,1
"West Virginia","WV",2010,0,1,1,1,1,0,0,1,1,0,1,1,1853973,40.2322120666504,31796,58950092,1,315,299,16,33258,5367,11059,8144,32.2000007629395,795000,724000,71000,9,5586,41301,301.200012207031,2227.19995117188,0.332521498203278,1.51742124557495,16.9905386971655,16.1275272077857,0.863011489379835,5.75257263882563,14.4328414618951,19203,1998,12,0,0,0,0,0,0,0,0,0,0,0,1
"West Virginia","WV",2011,0,1,1,1,1,0,0,1,1,0,1,1,1853712,40.3719024658203,33822,62737373,1,338,318,20,33275,5371,10964,7999,32.2000007629395,807000,742000,65000,8.10000038146973,5497,39009,296.299987792969,2103,0.329496622085571,1.48929440975189,18.2336846284644,17.1547683782594,1.07891625020499,5.82304589548302,14.4327006732356,18963,1998,13,0,0,0,0,0,0,0,0,0,0,0,1
"West Virginia","WV",2003,0,1,0,1,1,0,0,0,0,0,0,1,1812295,39.1491165161133,24704,44770934,1,394,371,23,33803,3190,14699,5383,25.3500003814697,787000,739000,48000,6.09999990463257,4627,42370,255.399993896484,2339,0.434843063354492,1.68746078014374,21.7403899475527,20.4712808897006,1.26910905785206,5.97635090929793,14.410104555866,20082,1998,5,0,0,0,0,0,0,0,0,0,0,1,0
"West Virginia","WV",2004,0,1,0,1,1,0,0,0,0,0,0,1,1816438,39.2787399291992,25513,46343408,1,410,380,30,33820,3192,14775,5527,25.3500003814697,795000,753000,42000,5.30000019073486,5110,46326,281.899993896484,2555.80004882812,0.4368716776371,1.73151624202728,22.5716484680457,20.9200644337985,1.65158403424725,6.01615715969835,14.4123879984892,20302,1998,6,0,0,0,0,0,0,0,0,0,0,0,1
"West Virginia","WV",2005,0,1,1,1,1,0,0,0,0,0,0,1,1820492,39.4404258728027,26389,48040744,1,374,349,25,32845,4183,13116,7407,27,801000,759000,42000,5.30000019073486,4968,47757,274,2633,0.399330198764801,1.77073872089386,20.5438969245676,19.1706417825511,1.37325514201655,5.92425579741453,14.4146173521908,20523,1998,7,0,0,0,0,0,0,0,0,0,0,0,1
"West Virginia","WV",2006,0,1,1,1,1,0,0,1,0,0,0,1,1827912,39.6185722351074,28231,51603957,1,410,386,24,32538,4514,12316,8569,27,811000,770000,42000,5.09999990463257,5113,47941,281.200012207031,2636.30004882812,0.378511279821396,1.89831638336182,22.4299638056974,21.1169903146322,1.31297349106522,6.01615715969835,14.4186848897937,20885,1998,8,0,0,0,0,0,0,0,0,0,0,0,1
"West Virginia","WV",2007,0,1,1,1,1,0,0,1,0,0,0,1,1834052,39.7783851623535,29199,53551935,1,432,404,28,32994,5278,12158,8406,31.5,815000,778000,38000,4.59999990463257,5016,45620,276.799987792969,2517.60009765625,0.368491232395172,1.59264874458313,23.5544030376456,22.0277287666871,1.52667427095851,6.06842558824411,14.4220382847227,20564,1998,9,0,0,0,0,0,0,0,0,0,0,0,1
"West Virginia","WV",2008,0,1,1,1,1,0,0,1,1,0,1,1,1840310,39.9164695739746,30970,56993730,1,378,363,15,33092,5360,12113,8661,32.2000007629395,822000,785000,36000,4.40000009536743,5006,45971,275.899993896484,2533.60009765625,0.366040140390396,1.61585819721222,20.5400177144068,19.7249376463748,0.815080068032016,5.93489419561959,14.4254445936552,20774,1998,10,0,0,0,0,0,0,0,0,0,0,0,1
"West Virginia","WV",2009,0,1,1,1,1,0,0,1,1,0,1,1,1847775,40.0633544921875,31226,57698030,1,357,335,22,33232,5366,11302,8304,32.2000007629395,819000,754000,66000,8,5554,46215,305.200012207031,2539.60009765625,0.3400938808918,1.54752147197723,19.3205341559443,18.1299130034772,1.19062115246716,5.87773578177964,14.4294927705245,19606,1998,11,0,0,0,0,0,0,0,0,0,0,0,1
"West Virginia","WV",1983,0,0,0,1,0,0,0,0,0,0,0,0,1945065,35.215950012207,9482,18443609,0,425,380,45,31720,2953,8435,3261,15.3500003814697,NA,NA,NA,18.0200004577637,3375,44158,171.800003051758,2247.19995117188,0.265920549631119,1.10430073738098,21.8501695316095,19.5366221694391,2.31354736217042,6.05208916892442,14.4808059534994,11696,1998,-15,1,0,0,0,0,0,0,0,0,0,0,0
"West Virginia","WV",1984,0,0,0,1,0,0,0,0,0,0,0,0,1927701,35.4891967773438,10289,19834253,0,438,393,45,32011,2975,9080,3591,15.3500003814697,NA,NA,NA,14.9799995422363,3283,42313,168.199996948242,2167.69995117188,0.283652484416962,1.20705878734589,22.7213660209752,20.386979101012,2.33438691996321,6.08221891037645,14.4718386591385,12671,1998,-14,1,0,0,0,0,0,0,0,0,0,0,0
"West Virginia","WV",1985,0,0,0,1,0,0,0,0,0,0,0,0,1906828,35.8087158203125,10833,20656256,0,420,385,35,32151,2966,9109,3555,15.3500003814697,NA,NA,NA,13.0699996948242,3214,40401,166,2086.80004882812,0.28331932425499,1.19858396053314,22.0261082803483,20.1905992569859,1.83550902336236,6.04025471127741,14.4609516864928,12664,1998,-13,1,0,0,0,0,0,0,0,0,0,0,0
"West Virginia","WV",1986,0,0,0,1,0,0,0,0,0,0,0,1,1882350,36.0937995910645,11244,21164791,0,440,403,37,32173,2970,9526,3655,15.3500003814697,NA,NA,NA,11.8299999237061,3156,41301,164.5,2152.19995117188,0.29608678817749,1.23063969612122,23.3750365234946,21.4094084522007,1.96562807129386,6.08677472691231,14.4480315542066,13181,1998,-12,1,0,0,0,0,0,0,0,0,0,0,0
"West Virginia","WV",1987,0,0,0,1,0,0,0,0,0,0,0,1,1857579,36.4361457824707,11680,21696598,0,471,418,53,32202,2971,9896,3846,15.3500003814697,NA,NA,NA,10.7799997329712,2605,38953,137.300003051758,2053.39990234375,0.307310104370117,1.29451358318329,25.3555838002045,22.5024077037908,2.85317609641367,6.15485809401642,14.4347845849523,13742,1998,-11,1,0,0,0,0,0,0,0,0,0,0,0
"West Virginia","WV",1988,0,0,0,1,0,0,0,0,0,0,0,1,1830211,36.7645111083984,12644,23140463,0,460,407,53,31599,2974,9996,3888,15.3500003814697,NA,NA,NA,9.98999977111816,2476,39703,131.399993896484,2107.39990234375,0.316339135169983,1.30733025074005,25.133714090889,22.2378731195474,2.89584097134156,6.13122648948314,14.4199418187175,13884,1998,-10,1,0,0,0,0,0,0,0,0,0,0,0
"West Virginia","WV",1989,0,0,0,1,0,0,0,0,0,0,0,1,1806552,37.0912094116211,13567,24509565,0,468,435,33,31425,3052,10564,4376,20.3500003814697,NA,NA,NA,8.61999988555908,2724,41154,146.699996948242,2216.19995117188,0.336165487766266,1.4338139295578,25.9057032402056,24.0790190373706,1.82668420283501,6.14846829591765,14.4069306140988,14940,1998,-9,1,0,0,0,0,0,0,0,0,0,0,0
"West Virginia","WV",1990,0,0,0,1,0,0,0,0,0,0,0,1,1792444,37.2814750671387,14560,26100381,0,481,441,40,31516,3076,10948,4470,20.3500003814697,NA,NA,NA,8.40999984741211,3036,41855,169.300003051758,2333.69995117188,0.347379118204117,1.45318591594696,26.8348690391443,24.6032790982591,2.23158994088518,6.17586727010576,14.3990906096848,15418,1998,-8,1,0,0,0,0,0,0,0,0,0,0,0
"West Virginia","WV",1991,0,0,0,1,0,0,0,0,0,0,0,1,1798196,37.3765487670898,15115,27188446,0,414,378,36,31684,3089,11383,4643,20.3500003814697,NA,NA,NA,10.6099996566772,3440,44528,191,2472.39990234375,0.359266519546509,1.50307548046112,23.0230742366238,21.0210677812652,2.00200645535859,6.02586597382531,14.4022944980837,16026,1998,-7,1,0,0,0,0,0,0,0,0,0,0,0
"West Virginia","WV",1992,0,0,0,1,0,0,0,0,0,0,0,1,1805603,37.530590057373,16220,29300856,0,420,386,34,31829,3090,11832,4646,20.3500003814697,NA,NA,NA,11.3900003433228,3833,43455,211.5,2398.19995117188,0.371736466884613,1.50355982780457,23.2609272359428,21.3778997930331,1.88302744290965,6.04025471127741,14.4064051659816,16478,1998,-6,1,0,0,0,0,0,0,0,0,0,0,0
"West Virginia","WV",1993,0,1,0,1,0,0,0,0,0,0,0,1,1816508,37.6730117797852,16717,30384331,0,429,392,37,31908,3137,11965,4813,25.3500003814697,NA,NA,NA,10.8900003433228,3793,42300,208.399993896484,2324.19995117188,0.374984323978424,1.53426837921143,23.6167415722915,21.5798664250309,2.03687514726057,6.06145691892802,14.4124265347075,16778,1998,-5,0,1,0,0,0,0,0,0,0,0,0,0
"West Virginia","WV",1994,0,1,0,1,0,0,0,0,0,0,0,1,1818619,37.8315200805664,17400,31675691,0,356,321,35,31671,3151,12272,4840,25.3500003814697,NA,NA,NA,8.90999984741211,3931,42136,215.800003051758,2312.60009765625,0.387483805418015,1.53602027893066,19.5752931207691,17.6507558757497,1.92453724501943,5.87493073085203,14.4135879798164,17112,1998,-4,0,0,1,0,0,0,0,0,0,0,0,0
"West Virginia","WV",1995,0,1,0,1,0,0,0,0,0,0,0,1,1821613,37.9718208312988,17936,32710697,0,377,344,33,31952,3158,12508,4913,25.3500003814697,NA,NA,NA,7.8600001335144,3842,41093,210.199996948242,2248,0.391462206840515,1.55573153495789,20.695943649941,18.884362375543,1.81158127439802,5.93224518744801,14.4152329302894,17421,1998,-3,0,0,0,1,0,0,0,0,0,0,0,0
"West Virginia","WV",1996,0,1,0,1,0,0,0,0,0,0,0,1,1820261,38.2092247009277,18672,34035829,0,348,319,29,31953,3177,12725,4968,25.3500003814697,NA,NA,NA,7.48999977111816,3836,41510,210.100006103516,2273.30004882812,0.39824116230011,1.56373941898346,19.1181374539146,17.524959332755,1.59317812115955,5.85220247977447,14.4144904553646,17693,1998,-2,0,0,0,0,1,0,0,0,0,0,0,0
"West Virginia","WV",1997,0,1,0,1,0,0,0,0,0,0,0,1,1815231,38.4357452392578,19493,35459837,0,381,355,26,32094,3178,13359,4965,25.3500003814697,NA,NA,NA,6.8899998664856,3971,40868,218.699996948242,2250.39990234375,0.416246026754379,1.56230330467224,20.9890642017462,19.5567396105509,1.43232459119528,5.9427993751267,14.4117232903099,18324,1998,-1,0,0,0,0,0,0,0,0,0,0,0,0
"West Virginia","WV",1998,0,1,0,1,1,0,0,0,0,0,0,1,1811688,38.26318359375,20312,36878357,1,354,316,38,32638,3192,13560,5106,25.3500003814697,807095,754631,52464,6.50034999847412,4503,41627,248.600006103516,2298.60009765625,0.415466636419296,1.59962403774261,19.5397883079206,17.4422969076353,2.09749140028526,5.86929691313377,14.409769565329,18666,1998,0,0,0,0,0,0,1,0,0,0,0,0,0
"West Virginia","WV",1999,0,1,0,1,1,0,0,0,0,0,0,1,1806928,38.4896430969238,20857,37789589,1,395,363,32,33116,3224,13778,5255,25.3500003814697,817000,763000,54000,6.59999990463257,6336,42825,350.700012207031,2370,0.416052669286728,1.62996280193329,21.8603065534432,20.0893450098731,1.77096154357008,5.97888576490112,14.4071387237335,19033,1998,1,0,0,0,0,0,0,1,0,0,0,0,0
"West Virginia","WV",2000,0,1,0,1,1,0,0,0,0,0,0,1,1807021,38.6527442932129,22096,39927254,1,411,383,28,34026,3250,13955,5287,25.3500003814697,825000,779000,46000,5.5,5723,41344,316.5,2286.30004882812,0.410127550363541,1.62676918506622,22.7446166923351,21.1951050928573,1.54951159947781,6.01859321449623,14.4071901909789,19242,1998,2,0,0,0,0,0,0,0,1,0,0,0,0
"West Virginia","WV",2001,0,1,0,1,1,0,0,0,0,0,0,1,1801481,38.8548736572266,23278,41935200,1,376,344,32,33878,3118,14381,5333,25.3500003814697,833000,792000,41000,4.90000009536743,5035,41085,279.600006103516,2281.30004882812,0.424493759870529,1.71039128303528,20.8717161046939,19.0953998404646,1.77631626422926,5.9295891433899,14.4041196623481,19714,1998,3,0,0,0,0,0,0,0,0,1,0,0,0
"West Virginia","WV",2002,0,1,0,1,1,0,0,0,0,0,0,1,1805414,39.0073547363281,24197,43685718,1,439,410,29,33910,3084,14628,5377,25.6499996185303,804000,755000,49000,6.09999990463257,4221,41099,233.899993896484,2277.10009765625,0.431377172470093,1.74351489543915,24.3157525088428,22.7094727303544,1.60627977848848,6.08449941307517,14.4063004863304,20005,1998,4,0,0,0,0,0,0,0,0,0,1,0,0
"Wisconsin","WI",1983,0,0,0,1,0,0,0,0,0,0,0,0,4721445,34.6090469360352,12061,56943621,0,725,616,109,94411,13814,18585,15521,15,NA,NA,NA,10.4300003051758,9070,193118,190.899993896484,4064.80004882812,0.196852058172226,1.12357032299042,15.3554685059341,13.046853240904,2.30861526503009,6.58617165485467,15.367625454777,34106,NA,NA,0,0,0,0,0,0,0,0,0,0,0,0
"Wisconsin","WI",1984,0,0,0,1,0,0,0,0,0,0,0,0,4735576,34.7629814147949,13227,62636868,0,822,721,101,94428,13922,18350,17017,16,NA,NA,NA,7.32999992370605,9367,189484,196.5,3975.69995117188,0.1943279504776,1.22231006622314,17.3579729266303,15.2251806327256,2.13279229390469,6.71174039505618,15.3706139245112,35367,NA,NA,0,0,0,0,0,0,0,0,0,0,0,0
"Wisconsin","WI",1985,0,0,0,1,0,0,0,0,0,0,0,0,4747753,34.9069213867188,13909,66035054,0,744,661,83,94540,13967,19081,17598,17.5,NA,NA,NA,7.21999979019165,9880,181918,206.899993896484,3809.80004882812,0.20182991027832,1.25996994972229,15.6705708995392,13.9223754900476,1.74819540949161,6.61204103483309,15.3731820114545,36679,NA,NA,0,0,0,0,0,0,0,0,0,0,0,0
"Wisconsin","WI",1986,0,0,0,1,0,0,0,0,0,0,0,1,4755625,35.0337715148926,14656,69696732,0,747,668,79,94595,14072,19930,18498,17.5,NA,NA,NA,7.03000020980835,12339,183692,257.899993896484,3838.89990234375,0.210687667131424,1.31452524662018,15.7077145485609,14.0465238533316,1.66119069522933,6.61606518513282,15.3748386859129,38428,NA,NA,0,0,0,0,0,0,0,0,0,0,0,0
"Wisconsin","WI",1987,0,0,0,1,0,0,0,0,0,0,0,1,4777930,35.1851539611816,15397,73565811,0,797,710,87,94747,14178,21223,18973,20,NA,NA,NA,6.09000015258789,12014,188411,249.899993896484,3919.5,0.223996534943581,1.33819997310638,16.6808638887552,14.8599916700328,1.82087221872233,6.68085467879022,15.3795179562792,40196,NA,NA,0,0,0,0,0,0,0,0,0,0,0,0
"Wisconsin","WI",1988,0,1,0,1,1,0,0,0,0,0,0,1,4822402,35.3046417236328,16202,78133573,0,807,718,89,95365,14264,22418,20040,20.8999996185303,NA,NA,NA,4.28999996185303,10414,182545,214.399993896484,3757.60009765625,0.235075756907463,1.40493547916412,16.7343991645657,14.8888458490188,1.8455533155469,6.69332366826995,15.3887827021455,42458,NA,NA,0,0,0,0,0,0,0,0,0,0,0,0
"Wisconsin","WI",1989,0,1,0,1,1,0,0,0,0,0,0,1,4856575,35.3926429748535,17553,85245111,0,817,735,82,95447,14366,22798,20288,20.7999992370605,NA,NA,NA,4.3600001335144,10834,191869,222.600006103516,3942.19995117188,0.238855078816414,1.41222333908081,16.8225549898848,15.1341222981216,1.68843269176323,6.70563909486,15.3958440149257,43086,NA,NA,0,0,0,0,0,0,0,0,0,0,0,0
"Wisconsin","WI",1990,0,1,0,1,1,0,0,0,0,0,0,1,4902068,35.4577407836914,18372,90107459,0,769,690,79,95481,14395,23390,20887,21.5,NA,NA,NA,4.42999982833862,12948,202052,264.700012207031,4130.39990234375,0.244970202445984,1.45098996162415,15.6872568883173,14.0756921364616,1.61156475185575,6.64509096950564,15.405167714863,44277,NA,NA,0,0,0,0,0,0,0,0,0,0,0,0
"Wisconsin","WI",1991,0,1,0,1,1,0,0,0,0,0,0,1,4952546,35.542366027832,18854,93598800,0,797,725,72,95820,14552,24019,21439,22.2000007629395,NA,NA,NA,5.46999979019165,13723,207560,277,4188.89990234375,0.250667929649353,1.47326827049255,16.0927329094975,14.6389352062555,1.45379770324193,6.68085467879022,15.41541234575,45458,NA,NA,0,0,0,0,0,0,0,0,0,0,0,0
"Wisconsin","WI",1992,0,1,0,1,1,0,0,0,0,0,0,1,5004755,35.6845359802246,20129,101153823,0,652,587,65,95530,14841,25017,22611,22.2000007629395,NA,NA,NA,5.17000007629395,13806,202448,275.700012207031,4043.30004882812,0.261875838041306,1.52354967594147,13.0276107421842,11.7288458675799,1.29876487460425,6.48004456192665,15.4258990184844,47628,NA,NA,0,0,0,0,0,0,0,0,0,0,0,0
"Wisconsin","WI",1993,0,1,0,1,1,0,0,0,0,0,0,1,5055710,35.8394775390625,20926,106406212,0,714,648,66,95387,15591,25433,23734,23.2000007629395,NA,NA,NA,4.75,13321,190923,264.399993896484,3789.69995117188,0.266629636287689,1.52228844165802,14.1226454840171,12.8171908594441,1.30545462457301,6.57088296233958,15.4360288555689,49167,NA,NA,0,0,0,0,0,0,0,0,0,0,0,0
"Wisconsin","WI",1994,0,1,0,1,1,0,0,0,0,0,0,1,5095349,35.9472885131836,22007,112976381,0,712,652,60,95198,15725,26418,23855,23.1000003814697,NA,NA,NA,4.71999979019165,13748,186704,270.5,3673.80004882812,0.277505844831467,1.5170111656189,13.9735276229361,12.7959831603292,1.17754446260698,6.56807791141198,15.443838720821,50273,NA,NA,0,0,0,0,0,0,0,0,0,0,0,0
"Wisconsin","WI",1996,0,1,0,1,1,0,0,0,0,0,0,1,5174348,36.273738861084,24012,125583773,0,761,694,67,95453,15982,28300,24482,23.7000007629395,NA,NA,NA,3.52999997138977,13039,184143,252.699996948242,3568.69995117188,0.296480983495712,1.53184831142426,14.7071669706019,13.4123178417841,1.29484912881778,6.63463335786169,15.4592238988401,52782,NA,NA,0,0,0,0,0,0,0,0,0,0,0,0
"Wisconsin","WI",1997,0,1,0,1,1,0,0,0,0,0,0,1,5201226,36.3724708557129,25293,133198635,0,725,657,68,95708,16242,29623,24781,23.7000007629395,NA,NA,NA,3.6800000667572,13988,176145,270.600006103516,3407.10009765625,0.309514343738556,1.52573573589325,13.9390212999781,12.6316372332216,1.30738406675657,6.58617165485467,15.4644049249932,54404,NA,NA,0,0,0,0,0,0,0,0,0,0,0,0
"Wisconsin","WI",2005,0,1,1,1,1,0,0,0,0,0,0,1,5546166,37.2131385803223,34366,190601981,0,815,757,58,92210,21932,28501,31516,29.1000003814697,3022000,2881000,141000,4.69999980926514,13367,147556,242,2669,0.309087961912155,1.43698704242706,14.6948360362816,13.649068563761,1.04576747252066,6.70318811324086,15.5286174361921,60017,NA,NA,0,0,0,0,0,0,0,0,0,0,0,0
"Wisconsin","WI",2006,0,1,1,1,1,0,0,0,0,0,0,1,5577655,37.392219543457,36286,202390953,0,724,661,63,92487,21997,28129,31269,29.8999996185303,3057000,2910000,146000,4.80000019073486,15899,156748,286.100006103516,2821,0.304140031337738,1.42151200771332,12.9803654044576,11.8508584700918,1.12950693436579,6.58479139238572,15.5342789951313,59398,NA,NA,0,0,0,0,0,0,0,0,0,0,0,0
"Wisconsin","WI",2007,0,1,1,1,1,0,0,0,0,0,0,1,5610775,37.5615768432617,37677,211397911,0,756,687,69,92558,22148,28195,31298,30.8999996185303,3082000,2927000,155000,5,16330,159305,291.5,2843.89990234375,0.304619818925858,1.41312980651855,13.4740744371321,12.2442978019971,1.22977663513507,6.62804137617953,15.5401994141251,59493,NA,NA,0,0,0,0,0,0,0,0,0,0,0,0
"Wisconsin","WI",2008,0,1,1,1,1,0,0,0,0,0,0,1,5640996,37.740062713623,38735,218505672,0,605,541,64,92572,22271,26958,30504,30.8999996185303,3094000,2949000,145000,4.69999980926514,15507,155456,275.5,2762.19995117188,0.291211158037186,1.36967360973358,10.7250563552961,9.59050493919868,1.13455141609744,6.40522845803084,15.5455712036277,57462,NA,NA,0,0,0,0,0,0,0,0,0,0,0,0
"Wisconsin","WI",2012,1,0,1,1,1,1,0,1,0,1,1,1,5721563,38.5900001525879,42121,241200961,0,615,556,59,92123,22971,30590,28497,30.8999996185303,3078000,2860000,218000,7.09999990463257,16064,140513,280.5,2453.80004882812,0.332056045532227,1.24056422710419,10.748811120318,9.71762436243383,1.03118675788417,6.42162226780652,15.5597525777778,59087,NA,NA,0,0,0,0,0,0,0,0,0,0,0,0
"Wisconsin","WI",1995,0,1,0,1,1,0,0,0,0,0,0,1,5136937,36.1148643493652,22896,118711941,0,745,666,79,95507,15982,27128,24268,23.3999996185303,NA,NA,NA,3.71000003814697,14399,184665,281.100006103516,3604.60009765625,0.284042000770569,1.51845824718475,14.5028058549287,12.9649244287014,1.53788142622734,6.61338421837956,15.4519675454069,51396,NA,NA,0,0,0,0,0,0,0,0,0,0,0,0
"Wisconsin","WI",1998,0,1,0,1,1,0,0,0,0,0,0,1,5222124,36.160945892334,26888,142445484,0,714,638,76,95721,16231,30897,25758,24.7999992370605,2966655,2869918,96737,3.2608106136322,13009,172084,249,3294.10009765625,0.322781831026077,1.5869631767273,13.6725975867291,12.2172510648924,1.45534652183671,6.57088296233958,15.4684147736506,56655,NA,NA,0,0,0,0,0,0,0,0,0,0,0,0
"Wisconsin","WI",2002,0,1,0,1,1,0,0,0,0,0,0,1,5445162,36.6668663024902,31118,169440687,0,803,740,63,96046,16873,32060,26686,27.2999992370605,3028000,2861000,167000,5.5,12238,164749,225,3028.60009765625,0.333798378705978,1.58158004283905,14.7470359926849,13.5900456221505,1.15699037053443,6.68835471394676,15.5102380659727,58746,NA,NA,0,0,0,0,0,0,0,0,0,0,0,0
"Wisconsin","WI",2003,0,1,0,1,1,0,0,0,0,0,0,1,5479203,36.8431053161621,31999,175327116,0,848,781,67,92977,20292,29931,29684,28.1000003814697,3078000,2905000,174000,5.59999990463257,12104,157684,221.100006103516,2880.39990234375,0.321918338537216,1.46284246444702,15.4767034548638,14.2538978752932,1.22280557957061,6.7428806357919,15.5164702103909,59615,NA,NA,0,0,0,0,0,0,0,0,0,0,0,0
"Wisconsin","WI",2001,0,1,0,1,1,0,0,0,0,0,0,1,5406835,36.4986381530762,30476,164778907,0,763,709,54,95887,16777,31021,26248,26.3999996185303,2991000,2854000,136000,4.59999990463257,12486,166924,231,3087.80004882812,0.323516219854355,1.56452286243439,14.1117677902137,13.1130319308801,0.998735859333603,6.63725803128446,15.5031744519007,57269,NA,NA,0,0,0,0,0,0,0,0,0,0,0,0
"Wisconsin","WI",2010,1,0,1,1,1,1,0,0,0,1,1,1,5691047,38.1116905212402,38755,220502277,0,572,506,66,92512,22451,31739,27681,30.8999996185303,3082000,2813000,268000,8.69999980926514,14167,142781,248.899993896484,2508.60009765625,0.343079805374146,1.23295176029205,10.0508746457374,8.89115834046002,1.15971630527739,6.3491389913798,15.5544047962052,59420,NA,NA,0,0,0,0,0,0,0,0,0,0,0,0
"Wisconsin","WI",2011,1,0,1,1,1,1,0,0,0,1,1,1,5705467,38.3673667907715,40648,232094278,0,582,508,74,92537,22481,29678,28876,30.8999996185303,3089000,2848000,240000,7.80000019073486,14268,139912,249.899993896484,2450.39990234375,0.320714950561523,1.28446245193481,10.2007425509603,8.9037409207695,1.29700163019083,6.36647044773144,15.5569353959474,58554,NA,NA,0,0,0,0,0,0,0,0,0,0,0,0
"Wisconsin","WI",2004,0,1,1,1,1,0,0,0,0,0,0,1,5514026,37.0223503112793,33398,184154839,0,792,720,72,91719,21980,28252,32147,28.5,3071000,2917000,155000,5,11548,146710,209.800003051758,2665.69995117188,0.308027774095535,1.46255683898926,14.363370792956,13.0576098117782,1.30576098117782,6.67456139181443,15.522805585825,60399,NA,NA,0,0,0,0,0,0,0,0,0,0,0,0
"Wisconsin","WI",2009,1,0,1,1,1,0,0,0,0,0,0,1,5669264,37.9252319335938,38364,217495212,0,561,513,48,92572,22271,27611,30546,30.8999996185303,3099000,2837000,262000,8.39999961853027,14650,147692,259.100006103516,2611.80004882812,0.298265129327774,1.37155938148499,9.89546438479492,9.04879363529375,0.84667074950117,6.3297209055227,15.5505698612819,58157,NA,NA,0,0,0,0,0,0,0,0,0,0,0,0
"Wisconsin","WI",1999,0,1,0,1,1,0,0,0,0,0,0,1,5250446,36.305965423584,27803,148265091,0,745,671,74,95366,16540,30697,26263,25.3999996185303,2892000,2804000,88000,3,12908,160154,245.800003051758,3050.30004882812,0.321886211633682,1.58784759044647,14.1892707781396,12.7798667008479,1.40940407729172,6.61338421837956,15.4738235833405,56960,NA,NA,0,0,0,0,0,0,0,0,0,0,0,0
"Wisconsin","WI",2000,0,1,0,1,1,0,0,0,0,0,0,1,5373999,36.3437423706055,29384,157907304,0,799,737,62,95709,16651,31346,25920,25.7999992370605,2935000,2831000,104000,3.5,12700,159424,236.800003051758,2972.30004882812,0.327513605356216,1.55666327476501,14.8678851633579,13.7141819341611,1.15370322919673,6.68336094576627,15.4970828820764,57266,NA,NA,0,0,0,0,0,0,0,0,0,0,0,0
"Wyoming","WY",1983,0,0,0,0,1,0,0,0,0,0,0,0,510329,31.1406364440918,12699,6480802,0,173,154,19,36618,1552,3811,1248,8,NA,NA,NA,8.38000011444092,1219,19412,237.199996948242,3776.69995117188,0.104074500501156,0.80412369966507,33.8996999974526,30.176611558426,3.72308843902659,5.15329159449778,13.1428108947534,5059,1995,-12,1,0,0,0,0,0,0,0,0,0,0,0
"Wyoming","WY",1984,0,0,0,0,1,0,0,0,0,0,0,0,504893,31.4333190917969,13388,6759540,0,157,152,5,36697,1497,3905,1222,8,NA,NA,NA,6.28000020980835,1237,17582,242.100006103516,3440.69995117188,0.106411971151829,0.816299259662628,31.0956975042237,30.1053886665095,0.99030883771413,5.05624580534831,13.1321018046194,5127,1995,-11,1,0,0,0,0,0,0,0,0,0,0,0
"Wyoming","WY",1985,0,0,0,0,1,0,0,0,0,0,0,0,499692,31.7466506958008,14140,7065532,0,152,147,5,36619,1620,4098,1303,8,NA,NA,NA,7.17999982833862,1307,19130,256.799987792969,3758.30004882812,0.111909121274948,0.804320991039276,30.4187379425726,29.4181215628827,1.00061637968989,5.02388052084628,13.1217471875984,5401,1995,-10,1,0,0,0,0,0,0,0,0,0,0,0
"Wyoming","WY",1986,0,0,0,0,1,0,0,0,0,0,0,0,495624,32.0045547485352,14164,7020202,0,168,155,13,37144,1787,4051,1322,8,NA,NA,NA,9.13000011444092,1486,20605,293.100006103516,4064.10009765625,0.109062030911446,0.739787340164185,33.8966635998257,31.2737074879344,2.62295611189127,5.12396397940326,13.1135728537147,5373,1995,-9,1,0,0,0,0,0,0,0,0,0,0,0
"Wyoming","WY",1987,0,0,0,0,1,0,0,0,0,0,0,0,476967,32.3946189880371,14158,6753096,0,129,124,5,38211,1864,4070,1279,8,NA,NA,NA,8.68000030517578,1387,18366,283.100006103516,3748.19995117188,0.106513828039169,0.686158776283264,27.0458962569738,25.9976057043779,1.04829055259588,4.85981240436167,13.0752025850873,5349,1995,-8,1,0,0,0,0,0,0,0,0,0,0,0
"Wyoming","WY",1988,0,0,0,0,1,0,0,0,0,0,0,1,465098,32.8824424743652,14813,6889718,0,155,150,5,38612,1890,4331,1327,8,NA,NA,NA,6.28999996185303,1479,17206,314,3653.10009765625,0.112167201936245,0.702116429805756,33.3263097239722,32.2512674748118,1.07504224916039,5.04342511691925,13.0500034150524,5658,1995,-7,1,0,0,0,0,0,0,0,0,0,0,0
"Wyoming","WY",1989,0,1,0,0,1,0,0,0,0,0,0,1,458377,33.3050346374512,16457,7543501,0,127,123,4,37624,1917,4392,1358,9,NA,NA,NA,6.26000022888184,1227,17246,258.299987792969,3630.69995117188,0.116733998060226,0.708398520946503,27.7064512399182,26.8338071063775,0.872644133540732,4.84418708645859,13.0354472686038,5750,1995,-6,1,0,0,0,0,0,0,0,0,0,0,0
"Wyoming","WY",1990,0,1,0,0,1,0,0,0,0,0,0,1,453409,33.5469207763672,17973,8154337,0,125,116,9,37261,1952,4479,1354,9,NA,NA,NA,5.5,1367,17732,301.399993896484,3909.30004882812,0.120206110179424,0.693647563457489,27.568927833369,25.5839650293664,1.98496280400257,4.8283137373023,13.0245498668806,5833,1995,-5,0,1,0,0,0,0,0,0,0,0,0,0
"Wyoming","WY",1991,0,1,0,0,1,0,0,0,0,0,0,1,457768,33.7120590209961,18641,8560845,0,122,119,3,36717,1980,4640,1358,9,NA,NA,NA,5.23000001907349,1427,18762,310.200012207031,4078.69995117188,0.12637197971344,0.685858607292175,26.6510546827214,25.9957008790479,0.655353803673477,4.80402104473326,13.0341177845381,5998,1995,-4,0,0,1,0,0,0,0,0,0,0,0,0
"Wyoming","WY",1992,0,1,0,0,1,0,0,0,0,0,0,1,463519,33.9646682739258,19449,9067963,0,118,111,7,36533,2489,4604,1613,9,NA,NA,NA,5.73000001907349,1489,19831,319.5,4255.60009765625,0.126023054122925,0.64805144071579,25.4574246147407,23.9472384087815,1.51018620595919,4.77068462446567,13.0466026555966,6217,1995,-3,0,0,0,1,0,0,0,0,0,0,0,0
"Wyoming","WY",1993,0,1,0,0,1,0,0,0,0,0,0,1,469065,34.2143821716309,20242,9576036,0,120,115,5,35256,2386,5290,1480,9,NA,NA,NA,5.48000001907349,1345,18221,286.200012207031,3876.80004882812,0.1500453799963,0.620284974575043,25.5828083527869,24.5168580047541,1.06595034803279,4.78749174278205,13.0584966305759,6770,1995,-2,0,0,0,0,1,0,0,0,0,0,0,0
"Wyoming","WY",1994,0,1,0,0,1,0,0,0,0,0,0,1,474894,34.4557800292969,20859,10018036,0,144,139,5,34211,2309,5134,1555,9,NA,NA,NA,5.32999992370605,1297,19122,272.5,4017.19995117188,0.150068685412407,0.673451721668243,30.3225561914869,29.2696896570603,1.05286653442663,4.969813299576,13.0708469002186,6689,1995,-1,0,0,0,0,0,0,0,0,0,0,0,0
"Wyoming","WY",1995,0,1,0,0,1,0,0,0,0,0,0,1,478364,34.7666130065918,21609,10483811,1,170,161,9,33149,2312,5365,1679,9,NA,NA,NA,4.78000020980835,1220,19517,254.199996948242,4066,0.161844998598099,0.726211071014404,35.5377913053658,33.6563788244935,1.88141248087231,5.13579843705026,13.078127227951,7044,1995,0,0,0,0,0,0,1,0,0,0,0,0,0
"Wyoming","WY",1996,0,1,0,0,1,0,0,0,0,0,0,1,480060,35.074348449707,22421,10945062,1,143,130,13,31794,2321,5347,2013,9,NA,NA,NA,5.01999998092651,1201,19261,249.699996948242,4004.39990234375,0.168176382780075,0.867298603057861,29.7879431737699,27.0799483397909,2.70799483397909,4.96284463025991,13.0816663750722,7360,1995,1,0,0,0,0,0,0,1,0,0,0,0,0
"Wyoming","WY",1997,0,1,0,0,1,0,0,0,0,0,0,1,480043,35.3864631652832,23946,11720150,1,137,127,10,31051,2242,5547,2029,9,NA,NA,NA,5.09000015258789,1225,18843,255.199996948242,3925.60009765625,0.178641587495804,0.904995560646057,28.5391100380591,26.4559633199526,2.0831467181065,4.91998092582813,13.0816309622051,7576,1995,2,0,0,0,0,0,0,0,1,0,0,0,0
"Wyoming","WY",1998,0,1,0,0,1,0,0,0,0,0,0,1,480045,35.4035491943359,25404,12468152,1,154,148,6,26180,2278,5861,2170,9,260571,247750,12821,4.92034816741943,1191,17124,247.600006103516,3560.10009765625,0.223873183131218,0.952589988708496,32.0803258027893,30.830442979304,1.2498828234853,5.03695260241363,13.0816351284898,8031,1995,3,0,0,0,0,0,0,0,0,1,0,0,0
"Wyoming","WY",1999,0,1,0,0,1,0,0,0,0,0,0,1,479602,35.7189178466797,27067,13310999,1,189,172,17,24484,2295,5758,2039,14,262000,249000,13000,4.90000009536743,1115,15468,232.5,3225.19995117188,0.235173985362053,0.888453185558319,39.4076755309611,35.863069795372,3.54460573558909,5.24174701505964,13.0807118722686,7797,1995,4,0,0,0,0,0,0,0,0,0,1,0,0
"Wyoming","WY",2000,0,1,0,0,1,0,0,0,0,0,0,1,494300,35.9119644165039,28930,14300152,1,152,137,15,25026,2299,5855,2235,14,267000,257000,10000,3.90000009536743,1316,14969,266.5,3031.5,0.233956679701805,0.972161829471588,30.7505563423022,27.7159619664172,3.03459437588509,5.02388052084628,13.110897899295,8090,1995,5,0,0,0,0,0,0,0,0,0,0,1,0
"Wyoming","WY",2001,0,1,0,0,1,0,0,0,0,0,0,1,494657,36.2083854675293,30707,15189642,1,186,180,6,24827,2465,6401,2224,14,271000,261000,11000,3.90000009536743,1272,16120,257.600006103516,3264.80004882812,0.257824152708054,0.902231216430664,37.6018129734341,36.3888512646137,1.21296170882046,5.2257466737132,13.1116198720714,8625,1995,6,0,0,0,0,0,0,0,0,0,0,0,1
"Wyoming","WY",2002,0,1,0,0,1,0,0,0,0,0,0,1,500017,36.3838119506836,31363,15681936,1,176,164,12,24942,2481,6618,2389,14,270000,259000,11000,4.19999980926514,1364,16494,273.399993896484,3306.5,0.265335589647293,0.962918162345886,35.1988032406898,32.7988848379155,2.39991840277431,5.17048399503815,13.1223973768263,9007,1995,7,0,0,0,0,0,0,0,0,0,0,0,1
"Wyoming","WY",2003,0,1,1,0,1,0,0,0,0,0,0,1,503453,36.6207389831543,33339,16784442,1,165,157,8,24980,2503,6776,2435,14,278000,266000,12000,4.40000009536743,1314,16648,261.700012207031,3315.60009765625,0.271257013082504,0.97283262014389,32.7736650690333,31.184638883868,1.58902618516525,5.10594547390058,13.1292456402097,9211,1995,8,0,0,0,0,0,0,0,0,0,0,0,1
"Wyoming","WY",2004,0,1,1,0,1,0,0,0,0,0,0,1,509106,36.7844696044922,35675,18162501,1,164,161,3,25046,2548,6580,2681,14,282000,271000,11000,3.79999995231628,1163,16889,229.899993896484,3338.5,0.262716591358185,1.05219781398773,32.2133308191221,31.6240625724309,0.589268246691259,5.0998664278242,13.1404115253248,9261,1995,9,0,0,0,0,0,0,0,0,0,0,0,1
"Wyoming","WY",2005,0,1,1,0,1,0,0,0,0,0,0,1,514157,36.9557571411133,39207,20158491,1,170,160,10,25139,2561,6591,2467,14,283000,273000,10000,3.59999990463257,1172,16070,230,3158,0.262182265520096,0.963295578956604,33.0638306976274,31.1188994801199,1.94493121750749,5.13579843705026,13.1502839452685,9058,1995,10,0,0,0,0,0,0,0,0,0,0,0,1
"Wyoming","WY",2006,0,1,1,0,1,0,0,0,0,0,0,1,522667,37.0589904785156,44374,23193002,1,195,189,6,25217,2618,6706,2709,14,283000,274000,10000,3.40000009536743,1307,15381,253.800003051758,2986.60009765625,0.265931725502014,1.03475940227509,37.3086496756061,36.160691224049,1.14795845155711,5.27299955856375,13.1666998289793,9415,1995,11,0,0,0,0,0,0,0,0,0,0,0,1
"Wyoming","WY",2007,0,1,1,0,1,0,0,1,0,0,0,1,534876,37.0417556762695,45784,24489005,1,150,148,2,25410,2642,6816,2550,14,287000,279000,8000,2.90000009536743,1344,15053,257.100006103516,2879.10009765625,0.268240839242935,0.965177893638611,28.0438830682252,27.6699646273155,0.373918440909669,5.01063529409626,13.1897902233131,9366,1995,12,0,0,0,0,0,0,0,0,0,0,0,1
"Wyoming","WY",2008,0,1,1,0,1,0,0,1,0,0,0,1,546043,37.0609664916992,49067,26792761,1,159,151,8,25427,2678,6796,2651,14,293000,284000,9000,2.90000009536743,1330,14515,249.699996948242,2725,0.26727494597435,0.989917874336243,29.1185858989127,27.6534998159486,1.46508608296416,5.06890420222023,13.2104530062048,9447,1995,13,0,0,0,0,0,0,0,0,0,0,0,1
"Wyoming","WY",2009,0,1,1,0,1,0,0,1,0,1,1,1,559851,37.0321769714355,43454,24327845,1,134,129,5,25392,2713,6899,2669,14,299000,279000,19000,6.5,1196,14243,219.699996948242,2616.89990234375,0.271699756383896,0.983781814575195,23.9349398322054,23.0418450623469,0.893094769858409,4.89783979995091,13.2354259558795,9568,1995,14,0,0,0,0,0,0,0,0,0,0,0,1
"Wyoming","WY",2010,0,1,1,0,1,1,0,1,0,1,1,1,564460,37.1943054199219,45066,25433572,1,155,152,3,25392,2713,6621,2742,14,298000,278000,20000,6.59999990463257,1117,13869,197.899993896484,2456.60009765625,0.26075142621994,1.01068925857544,27.4598731531021,26.9283917372356,0.531481415866492,5.04342511691925,13.2436248008938,9363,1995,15,0,0,0,0,0,0,0,0,0,0,0,1
"Wyoming","WY",2011,0,1,1,0,1,1,0,1,0,1,1,1,564142,37.4537658691406,49212,27920461,1,135,128,7,25468,2785,6509,2736,14,308000,290000,18000,5.90000009536743,1245,12878,219.399993896484,2269.80004882812,0.255575627088547,0.982405722141266,23.9301452471186,22.6893229009717,1.24082234614689,4.90527477843843,13.2430612718403,9245,1995,16,0,0,0,0,0,0,0,0,0,0,0,1
"Wyoming","WY",2012,0,1,1,0,1,1,0,1,0,1,1,1,573500,37.5944633483887,50567,29147161,1,123,117,6,25554,2862,6414,2857,14,308000,291000,17000,5.5,1161,13222,201.399993896484,2293.80004882812,0.25099790096283,0.998252987861633,21.4472537053182,20.4010462074978,1.0462074978204,4.81218435537242,13.2595132155516,9271,1995,17,0,0,0,0,0,0,0,0,0,0,0,1
